movie_id,poster
129,http://image.tmdb.org/t/p/w500/39wmItIWsg5sZMyRUHLkWBcuVCM.jpg
1333100,http://image.tmdb.org/t/p/w500/wgwldDDlTDDMrluOMkpSA8lyKjv.jpg
12477,http://image.tmdb.org/t/p/w500/k9tv1rXZbOhH7eiCk378x61kNQ1.jpg
533514,http://image.tmdb.org/t/p/w500/bajajkoErDst0JxdFyBkABiF9rW.jpg
1244492,http://image.tmdb.org/t/p/w500/4f2EcNkp1Mvp9wE5w7HKxcmACWg.jpg
2011,http://image.tmdb.org/t/p/w500/aU8i2QAdTyRR1nYb36Gq51xXP8p.jpg
680813,http://image.tmdb.org/t/p/w500/vlMIbqOpYG553J1kOJXA7mwQvE6.jpg
441130,http://image.tmdb.org/t/p/w500/vqGiNbdc2sDwsnivMMYzwAoSSu6.jpg
149871,http://image.tmdb.org/t/p/w500/cQidJuA546OSSXKWXoiCeINDxuj.jpg
128,http://image.tmdb.org/t/p/w500/cMYCDADoLKLbB83g4WnJegaZimC.jpg
372058,http://image.tmdb.org/t/p/w500/q719jXXEzOoYaps6babgKnONONX.jpg
8392,http://image.tmdb.org/t/p/w500/rtGDOeG9LzoerkDGZF9dnVeLppL.jpg
283566,http://image.tmdb.org/t/p/w500/md5wZRRj8biHrGtyitgBZo7674t.jpg
378064,http://image.tmdb.org/t/p/w500/tuFaWiqX0TXoWu7DGNcmX3UW7sT.jpg
8587,http://image.tmdb.org/t/p/w500/sKCr78MXSLixwmZ8DyJLrpMsd15.jpg
86517,http://image.tmdb.org/t/p/w500/gZIBj1iJAbz5d0pi01FZ4HJLAAq.jpg
13377,http://image.tmdb.org/t/p/w500/7ir0iRuPK9OEuH569cp0nF5CJce.jpg
303867,http://image.tmdb.org/t/p/w500/5s7DSOek7Bk2CvcG1zX01bJzJ0x.jpg
381028,http://image.tmdb.org/t/p/w500/sYau8BFtkQUMWDyRbpACru4cS6G.jpg
10386,http://image.tmdb.org/t/p/w500/ct04FCFLPImNG5thcPLRnVsZlmS.jpg
489412,http://image.tmdb.org/t/p/w500/hop0dsM4nxyNENGhBhpJWTCJ5rS.jpg
652837,http://image.tmdb.org/t/p/w500/z1D8xi9x4uEhyFruo7uEHXUMD4K.jpg
40662,http://image.tmdb.org/t/p/w500/7lmHqHg1rG9b4U8MjuyQjmJ7Qm0.jpg
504253,http://image.tmdb.org/t/p/w500/qpV8kvRfAntV7D4aOOsLIz7OdPc.jpg
22504,http://image.tmdb.org/t/p/w500/yDbfVUrb9b0Dkm1TptWtzkujXBk.jpg
362585,http://image.tmdb.org/t/p/w500/rfKHhHvSwyCv59Ow6wuGX67RkXR.jpg
126319,http://image.tmdb.org/t/p/w500/iJPbRASktYW0I009Ktc2zUE6Fvg.jpg
8885,http://image.tmdb.org/t/p/w500/zQaCv7lKwHsh0YSHkt1QNjIOZ1c.jpg
110420,http://image.tmdb.org/t/p/w500/3Nllh6JgcrFdtOn6iFOWHudNInd.jpg
183011,http://image.tmdb.org/t/p/w500/hg6RYpSb3vU4i3yQDtE1YhSZNh5.jpg
81,http://image.tmdb.org/t/p/w500/tcrkfB8SRPQCgwI88hQScua6nxh.jpg
856,http://image.tmdb.org/t/p/w500/lYfRc57Kx9VgLZ48iulu0HKnM15.jpg
1311031,http://image.tmdb.org/t/p/w500/fWVSwgjpT2D78VUh6X8UBd2rorW.jpg
997317,http://image.tmdb.org/t/p/w500/jY092qLqa7qTMelwRiNPpLUolEz.jpg
810693,http://image.tmdb.org/t/p/w500/23oJaeBh0FDk2mQ2P240PU9Xxfh.jpg
14813,http://image.tmdb.org/t/p/w500/6QH10DqZ0feBW2phvrtoLqT1s0k.jpg
4935,http://image.tmdb.org/t/p/w500/13kOl2v0nD2OLbVSHnHk8GUFEhO.jpg
508883,http://image.tmdb.org/t/p/w500/f4oZTcfGrVTXKTWg157AwikXqmP.jpg
713776,http://image.tmdb.org/t/p/w500/85tDhACvKDQxQoJhBYLvDU0ik1n.jpg
572154,http://image.tmdb.org/t/p/w500/AtFnN4OztDJy8IFwYd5JfU0jlEM.jpg
618344,http://image.tmdb.org/t/p/w500/c01Y4suApJ1Wic2xLmaq1QYcfoZ.jpg
537061,http://image.tmdb.org/t/p/w500/8mRgpubxHqnqvENK4Bei30xMDvy.jpg
13187,http://image.tmdb.org/t/p/w500/vtaufTzJBMJAeziQA1eP4BLU24C.jpg
36865,http://image.tmdb.org/t/p/w500/x52WmUnfpB2AB0YUNGWJZaRzcBx.jpg
9662,http://image.tmdb.org/t/p/w500/enw6C4fDw88g0nOQgIJXjgH3NHi.jpg
15080,http://image.tmdb.org/t/p/w500/tOSnFE9e82iH3ZAzSTtuOkBsabJ.jpg
110416,http://image.tmdb.org/t/p/w500/16LQC6zpqB0l74mVWb93a2oMFnX.jpg
10515,http://image.tmdb.org/t/p/w500/41XxSsJc5OrulP0m7TrrUeO2hoz.jpg
12429,http://image.tmdb.org/t/p/w500/yp8vEZflGynlEylxEesbYasc06i.jpg
838240,http://image.tmdb.org/t/p/w500/ds402Qq09ybgBcXKiQNTZfzsP5o.jpg
812225,http://image.tmdb.org/t/p/w500/9YEGawvjaRgnyW6QVcUhFJPFDco.jpg
682012,http://image.tmdb.org/t/p/w500/qoqDvTUVPoZJWw24AjGDt3J4tZN.jpg
11621,http://image.tmdb.org/t/p/w500/8mIvSvnVBApfORL9N6S38Q7wD6A.jpg
10494,http://image.tmdb.org/t/p/w500/6WTiOCfDPP8XV4jqfloiVWf7KHq.jpg
13353,http://image.tmdb.org/t/p/w500/59wp9OWexYsxlSPHYmVLsl5xlFt.jpg
812,http://image.tmdb.org/t/p/w500/eLFfl7vS8dkeG1hKp5mwbm37V83.jpg
20722,http://image.tmdb.org/t/p/w500/kNGiHnbAToF1iIkN2kOTCEEXtAc.jpg
573730,http://image.tmdb.org/t/p/w500/k4riqNEEd5rnkbNytf02wkF4W8i.jpg
508965,http://image.tmdb.org/t/p/w500/q125RHUDgR4gjwh1QkfYuJLYkL.jpg
635302,http://image.tmdb.org/t/p/w500/h8Rb9gBr48ODIwYUttZNYeMWeUU.jpg
476292,http://image.tmdb.org/t/p/w500/hL3NqRE2ccR4Y2sYSJTrmalRjrz.jpg
10895,http://image.tmdb.org/t/p/w500/bnZJrLRnoQHpzEJdka1KYfsAF3N.jpg
408,http://image.tmdb.org/t/p/w500/3VAHfuNb6Z7UiW12iYKANSPBl8m.jpg
212162,http://image.tmdb.org/t/p/w500/68cts97TtCXcAlimoAHrHlQUNfn.jpg
9081,http://image.tmdb.org/t/p/w500/2MRM4PL6H7yraAkwyUEe2EqoQH3.jpg
37797,http://image.tmdb.org/t/p/w500/5FROLD8zpWFs9ja7aYho1uOMJHg.jpg
149,http://image.tmdb.org/t/p/w500/neZ0ykEsPqxamsX6o5QNUFILQrz.jpg
916224,http://image.tmdb.org/t/p/w500/yStW1TXF5s7Tbtu9KjIZEaWl6HL.jpg
712454,http://image.tmdb.org/t/p/w500/iowz7MwaTWMYlfLUE6GeM0m3Hze.jpg
16234,http://image.tmdb.org/t/p/w500/cY30YkhK84E18ROghF4osi67EYT.jpg
21712,http://image.tmdb.org/t/p/w500/e5mV1iVcjg7nkpJrskQOnFCR4H9.jpg
13398,http://image.tmdb.org/t/p/w500/sPC66btzQlzuRdPKiSDYZ5Hvxgc.jpg
568012,http://image.tmdb.org/t/p/w500/4E2lyUGLEr3yH4q6kJxPkQUhX7n.jpg
378108,http://image.tmdb.org/t/p/w500/9Z4H4M2F8OQTB04YC1Opds8MFBb.jpg
33320,http://image.tmdb.org/t/p/w500/p44UXOFBCY5xbpCKEsWpi4filCD.jpg
41201,http://image.tmdb.org/t/p/w500/Ac2tNYW9sRaOhmtMJQuhf2mvo00.jpg
435129,http://image.tmdb.org/t/p/w500/2d6qmkJz9AWqmk9wBWtd2uFX89t.jpg
337703,http://image.tmdb.org/t/p/w500/wOBU3SLjQ9358Km9YWYasPZyebp.jpg
4977,http://image.tmdb.org/t/p/w500/bLUUr474Go1DfeN1HLjE3rnZXBq.jpg
9323,http://image.tmdb.org/t/p/w500/9gC88zYUBARRSThcG93MvW14sqx.jpg
10674,http://image.tmdb.org/t/p/w500/jAbexAtB0aSfP5Ay4TpWHARyVnG.jpg
1575337,http://image.tmdb.org/t/p/w500/9I9cM38gecZcwJ0C6r0cwfvtPJP.jpg
1012201,http://image.tmdb.org/t/p/w500/ntRU0OA4etGGiMMmH1Yw0bnaMdW.jpg
13396,http://image.tmdb.org/t/p/w500/b3CMolkeXrPaVvd5vTsssMKfZZo.jpg
16859,http://image.tmdb.org/t/p/w500/Aufa4YdZIv4AXpR9rznwVA5SEfd.jpg
592350,http://image.tmdb.org/t/p/w500/kpWsIkfXrnQ1pmR79qAHHq7DPxc.jpg
568160,http://image.tmdb.org/t/p/w500/qgrk7r1fV4IjuoeiGS5HOhXNdLJ.jpg
10857,http://image.tmdb.org/t/p/w500/sQ7CgHdDcKnnzhCXA7wC2JVL7qq.jpg
21348,http://image.tmdb.org/t/p/w500/9RNrozaagFmpm6m0CP7q4XDcIXj.jpg
472983,http://image.tmdb.org/t/p/w500/lYy5EBxl8cwpyejcy85LgSdf34m.jpg
13980,http://image.tmdb.org/t/p/w500/lMsUYZq5ITW3rAqF3tB7v74KEnH.jpg
14282,http://image.tmdb.org/t/p/w500/qzZEnaXwv4wss2QalEo4Uf9BAwh.jpg
14092,http://image.tmdb.org/t/p/w500/5ngIhoA0b4aGBoPFPURAbDwCKT7.jpg
250480,http://image.tmdb.org/t/p/w500/cT1oDTMwVMVvkaBkbyCKxvtZ8TQ.jpg
76589,http://image.tmdb.org/t/p/w500/6IUhwX2fHPBzsKHpygW50a3tkEw.jpg
149870,http://image.tmdb.org/t/p/w500/jfwSexzlIzaOgxP9A8bTA6t8YYb.jpg
37135,http://image.tmdb.org/t/p/w500/bTvHlcqiOjGa3lFtbrTLTM3zasY.jpg
1357633,http://image.tmdb.org/t/p/w500/dblIFen0bNZAq8icJXHwrjfymDW.jpg
1062807,http://image.tmdb.org/t/p/w500/xlIQf4y9eB14iYzNN142tROIWON.jpg
732203,http://image.tmdb.org/t/p/w500/kxBHS1PGebEN0lrFdk0o9FZY6Rn.jpg
586940,http://image.tmdb.org/t/p/w500/z5dXCywyo8zEPNDkeQY7nbvkrz8.jpg
553600,http://image.tmdb.org/t/p/w500/cCVRivpiVUJ4Wn6gHm8pLXppXla.jpg
505262,http://image.tmdb.org/t/p/w500/hC4nTxdhXqFWzgqynGvvXVMiMNp.jpg
18874,http://image.tmdb.org/t/p/w500/tExdDYmxqv30rtf2dMkTAVpzORf.jpg
340357,http://image.tmdb.org/t/p/w500/cenqAhHFJRGf08L8rgvHTlFrLuL.jpg
16306,http://image.tmdb.org/t/p/w500/prq0j1S0K07UjwLZLF6oMGflRUI.jpg
71689,http://image.tmdb.org/t/p/w500/updMFSOZwEftfkJRpozwBlRlYI2.jpg
13151,http://image.tmdb.org/t/p/w500/7EdvFUGvT5Pn8rUFRKCrdUzNthf.jpg
11049,http://image.tmdb.org/t/p/w500/n0K6mjU8aVnag2mi93FuvJsjZi.jpg
92321,http://image.tmdb.org/t/p/w500/mDqzHV8UXWWNpZkoAbKmKX1ZxEE.jpg
26963,http://image.tmdb.org/t/p/w500/vBymyj7QsXiW4TICD2JC5pAuBHO.jpg
11704,http://image.tmdb.org/t/p/w500/prNrnOKlkV9wl5Sl3zwHu1f3t2z.jpg
242828,http://image.tmdb.org/t/p/w500/vug1dvDI1tSa60Z8qjCuUE7ntkO.jpg
315465,http://image.tmdb.org/t/p/w500/kRofx67xkbnJ6pAVcHdeMyBm4OM.jpg
51739,http://image.tmdb.org/t/p/w500/3lSRaSjDp2nkXMQkzzjpRi3035O.jpg
11544,http://image.tmdb.org/t/p/w500/cFuLvQJPoZpuruAtN3rVnMmLIH8.jpg
1165642,http://image.tmdb.org/t/p/w500/dXlUIfwejWa9YvugU9V773dUASY.jpg
804370,http://image.tmdb.org/t/p/w500/mWlvHFxTDhq9O5WSOHywa32QIez.jpg
802401,http://image.tmdb.org/t/p/w500/wq1UG5lPCKpOJgmgpKJszKvoMUe.jpg
776305,http://image.tmdb.org/t/p/w500/fYHOD4pxZQk4rsP2tQrZI5uBlZV.jpg
14069,http://image.tmdb.org/t/p/w500/xHnlWM8BmqY419YUccYy2KC5Jqo.jpg
71883,http://image.tmdb.org/t/p/w500/yUkH0y9OsY7J08Dvfzi1P0di559.jpg
53565,http://image.tmdb.org/t/p/w500/ybR0RzVkF9OLEsQHfYMDVgjrmH8.jpg
503314,http://image.tmdb.org/t/p/w500/5vx8zZ7fDsA8KMO6fiVs3pZmNWQ.jpg
475946,http://image.tmdb.org/t/p/w500/zzRjnUOVXyjp2WudgT7KxJLYh9D.jpg
396899,http://image.tmdb.org/t/p/w500/f4EVSG3CPshLfnUe3hdQBVyliX0.jpg
330081,http://image.tmdb.org/t/p/w500/53iOetezK5fJsABy1XykJw4WRq3.jpg
120811,http://image.tmdb.org/t/p/w500/aRe9m2K3IGhgruRc9yHUYxQIhI4.jpg
223706,http://image.tmdb.org/t/p/w500/g5Lyl1LtntJ0zJfOGynGeRE9kED.jpg
9606,http://image.tmdb.org/t/p/w500/41WtqvaObaYE3RuqgBfQFPV3aV1.jpg
354857,http://image.tmdb.org/t/p/w500/p44RoW4naoE1nlSGOqqT0J2pc09.jpg
292177,http://image.tmdb.org/t/p/w500/xcSrR4HXHsFXqjAg8nY7y6JMAG4.jpg
9385,http://image.tmdb.org/t/p/w500/7cZQZOYZFJcLjZnxWjO5PcUtmDZ.jpg
594328,http://image.tmdb.org/t/p/w500/m5ZGqyTN8BMRO3OApuSWHBfyySg.jpg
42994,http://image.tmdb.org/t/p/w500/e0HIBRiKS5dWmXkxWvEh6JQZcc2.jpg
1056444,http://image.tmdb.org/t/p/w500/gOWDvzglcQZOQPqGfVF6hfOhMNT.jpg
995133,http://image.tmdb.org/t/p/w500/wAKBWRhMmBtrCCuqmFwPm2RGTph.jpg
947219,http://image.tmdb.org/t/p/w500/2E8SU5J6pk5BheYPJLjGyVPsrv7.jpg
887870,http://image.tmdb.org/t/p/w500/auQ5ExCcuuudw0tQwG03obX5Zrh.jpg
820067,http://image.tmdb.org/t/p/w500/sg7klpt1xwK1IJirBI9EHaqQwJ5.jpg
11688,http://image.tmdb.org/t/p/w500/wwbgkXQBEKtnyIJapk6gUgWkVw8.jpg
63498,http://image.tmdb.org/t/p/w500/Kj9JAhMNSektw6RVYR1oJWGZWa.jpg
9837,http://image.tmdb.org/t/p/w500/2xUjYwL6Ol7TLJPPKs7sYW5PWLX.jpg
666243,http://image.tmdb.org/t/p/w500/3sLz2yv6vBDWqBbd8rdnNeoJ2kJ.jpg
361705,http://image.tmdb.org/t/p/w500/xS6M8jigRzQ0oFG0SdAQBfmEYtd.jpg
3170,http://image.tmdb.org/t/p/w500/wV9e2y4myJ4KMFsyFfWYcUOawyK.jpg
10882,http://image.tmdb.org/t/p/w500/n3pxoMDDxp10c1smgbDzW4bwlzq.jpg
11360,http://image.tmdb.org/t/p/w500/4x9FmvdJ464Fg7A9XcbYSmxfVw3.jpg
11224,http://image.tmdb.org/t/p/w500/ug3ndicuPM1V07vhVFGLMsd4AZl.jpg
20007,http://image.tmdb.org/t/p/w500/5fogEHQJvyVkqk1R9ZzVyxtT5gH.jpg
15916,http://image.tmdb.org/t/p/w500/dcEUGvckbePFzPKhGXnS9T3kZMG.jpg
41498,http://image.tmdb.org/t/p/w500/z9S39hH4IOX9Hmtn3zho3Wdqem8.jpg
14919,http://image.tmdb.org/t/p/w500/hT4ehUteagUrhUOHAtmYiY7mp5l.jpg
11299,http://image.tmdb.org/t/p/w500/34H5bsNc0EPILVr49TfOYXj50qV.jpg
11970,http://image.tmdb.org/t/p/w500/dK9rNoC97tgX3xXg5zdxFisdfcp.jpg
55931,http://image.tmdb.org/t/p/w500/eDjIG2hAeMU5cxLrd6oiQqdqoZt.jpg
1159311,http://image.tmdb.org/t/p/w500/tTrI6PwqzxkgO3dvQ7BEKXM7SYR.jpg
900667,http://image.tmdb.org/t/p/w500/8ibfhe4P7rhmn3lrPhOZzIJHA2B.jpg
828898,http://image.tmdb.org/t/p/w500/u3ZgJfyBpTox5U7RfhCDIXlHnO4.jpg
664996,http://image.tmdb.org/t/p/w500/ms3qa9LH9kosaGCSe22NJ7fDPv9.jpg
10545,http://image.tmdb.org/t/p/w500/hImMgT9B27evYSRmfztqdDtX6qi.jpg
13754,http://image.tmdb.org/t/p/w500/e2x1YDuZPpQiaQS25Ego7xMZYOI.jpg
504827,http://image.tmdb.org/t/p/w500/AvV2nHEDQMWuRqAUrpcx2fB97CB.jpg
642538,http://image.tmdb.org/t/p/w500/67WmijqW7fjmLcc0eKZtW59Hf4d.jpg
521296,http://image.tmdb.org/t/p/w500/lcgulcTrJ70MrFVMpFAK5F1PyYP.jpg
530079,http://image.tmdb.org/t/p/w500/byoY2stdullEcVjlaWs1ENXyrDm.jpg
15374,http://image.tmdb.org/t/p/w500/whBPKLOJnFhuPxxLKmGstqxY3fP.jpg
10340,http://image.tmdb.org/t/p/w500/340NcWz9SQXWQyf4oicMxjbrLOb.jpg
9325,http://image.tmdb.org/t/p/w500/yN1kuupnPTLUprgfvC5WapgrxG4.jpg
49565,http://image.tmdb.org/t/p/w500/tEzdXghDipM4b8Qs1mzt4mvXT6l.jpg
14572,http://image.tmdb.org/t/p/w500/aB7HCqsA3d2TkAoTkiy7sioJZJ9.jpg
30060,http://image.tmdb.org/t/p/w500/gLKf3C4O1ZlkWrz0awUfgRneumL.jpg
15999,http://image.tmdb.org/t/p/w500/9ipbQRgOq6Ilxpwagfa98ikgR9v.jpg
317442,http://image.tmdb.org/t/p/w500/bAQ8O5Uw6FedtlCbJTutenzPVKd.jpg
22843,http://image.tmdb.org/t/p/w500/7VLYN2CfJpB6PrcuzDKKqdGSUi6.jpg
28874,http://image.tmdb.org/t/p/w500/yHy8TrRLnuBZ4t2C0l0pSpRXVHO.jpg
321528,http://image.tmdb.org/t/p/w500/aGp9XDXmVM5lCKHWtgBC15S7XLr.jpg
69735,http://image.tmdb.org/t/p/w500/mLZRhulJcDsxZWTdfx0trtk6y07.jpg
339877,http://image.tmdb.org/t/p/w500/56sq57kDm7XgyXBYrgJLumo0Jac.jpg
9444,http://image.tmdb.org/t/p/w500/bppGWGA8zq1sRvTdDJnUzVW9GcH.jpg
761898,http://image.tmdb.org/t/p/w500/yD9RhgIVydQNBK7OLEbCWYcWMUd.jpg
587092,http://image.tmdb.org/t/p/w500/kEEFo2CpBP1m7zjZzIHG0P6v6ma.jpg
579741,http://image.tmdb.org/t/p/w500/ooISQS2rzVqgkt2aq5HNoz8n2sa.jpg
35,http://image.tmdb.org/t/p/w500/s3b8TZWwmkYc2KoJ5zk77qB6PzY.jpg
15283,http://image.tmdb.org/t/p/w500/zat2MMhejQyJJN6CucLI9Or9kdo.jpg
10150,http://image.tmdb.org/t/p/w500/MRHFtXTjxC74MGCzHACcuqvHiw.jpg
10198,http://image.tmdb.org/t/p/w500/v6nAUs62OJ4DXmnnmPFeVmMz8H9.jpg
430214,http://image.tmdb.org/t/p/w500/cDp45WZNqgAli3u4GTnUhsqFn5K.jpg
510318,http://image.tmdb.org/t/p/w500/oHYRYgEcpjD6tXRxMr5xisjJCU4.jpg
474395,http://image.tmdb.org/t/p/w500/mFHihhE9hlvJEk2f1AqdLRaYHd6.jpg
453364,http://image.tmdb.org/t/p/w500/zVXUv7Mv24JBcIOkTJ0ccfQa9jm.jpg
52032,http://image.tmdb.org/t/p/w500/8Q71A1mENLzE8jUlNe1HGybMJKW.jpg
22501,http://image.tmdb.org/t/p/w500/4ktdTOrJnSk7iCtX6Q2QR0sR9Je.jpg
51859,http://image.tmdb.org/t/p/w500/7JYK0FBs2nX6ikqeT6rDzEZRM.jpg
176983,http://image.tmdb.org/t/p/w500/dd0HwfxstffjRgbBcQvtw3uqS6O.jpg
144288,http://image.tmdb.org/t/p/w500/hZ7bjwg3x4uQHVmeeyoGgifWdyS.jpg
11837,http://image.tmdb.org/t/p/w500/q9ZcNxfquJbMTd6UfhAlJbmLBts.jpg
347201,http://image.tmdb.org/t/p/w500/1k6iwC4KaPvTBt1JuaqXy3noZRY.jpg
83389,http://image.tmdb.org/t/p/w500/rRLYX4RZIyloHSJwvZKAhphAjiB.jpg
198375,http://image.tmdb.org/t/p/w500/mXUCVq3HMtS4Y9IQ8vmEOPyN0vH.jpg
15370,http://image.tmdb.org/t/p/w500/pqyY7IEWkCWNZ7EuRStQaJITEta.jpg
51162,http://image.tmdb.org/t/p/w500/xlFs85nq62jeR4a9iHNGB113m6x.jpg
38142,http://image.tmdb.org/t/p/w500/dFipUR6W0y3PPkuVS8gjFd929m2.jpg
242643,http://image.tmdb.org/t/p/w500/b9KxvIAZkl2f57kjObj8Z9z9LhL.jpg
916192,http://image.tmdb.org/t/p/w500/5AGA6pbBKXZTI8k1c6odx30JuQR.jpg
913001,http://image.tmdb.org/t/p/w500/j2a9eQaoI91EuKnhGbE8yvPfmyV.jpg
870360,http://image.tmdb.org/t/p/w500/s2lB1kaYCdGSnZX5meQCiOR6HfX.jpg
768744,http://image.tmdb.org/t/p/w500/jzP5rPwwNqUGERlrUzKKljfyulf.jpg
32536,http://image.tmdb.org/t/p/w500/vbci2t9eg4l7fmPzyBaa0OFiyYP.jpg
15242,http://image.tmdb.org/t/p/w500/vGYhYtoXkpjXTZ7KLQMJehwfLG0.jpg
20677,http://image.tmdb.org/t/p/w500/o0ta1yBaKQRjEWLhOU8jmE9TdGa.jpg
13479,http://image.tmdb.org/t/p/w500/xmtGJz3uMqYmA6pEpZgDWMzbX2E.jpg
508422,http://image.tmdb.org/t/p/w500/wMJJk4kkXfqwP5W7wYHWvDXhTlw.jpg
610892,http://image.tmdb.org/t/p/w500/3BV1M10SuSi5jOJbSDQQtjX96ov.jpg
12092,http://image.tmdb.org/t/p/w500/20cvfwfaFqNbe9Fc3VEHJuPRxmn.jpg
10693,http://image.tmdb.org/t/p/w500/fJJOs1iyrhKfZceANxoPxPwNGF1.jpg
413770,http://image.tmdb.org/t/p/w500/aXIrOeS81jXR1ZyYq73yrqHALzT.jpg
17074,http://image.tmdb.org/t/p/w500/dQxwNGQ6pQLCUE5vaI9PwIZK6UC.jpg
45752,http://image.tmdb.org/t/p/w500/zurVOCpOLwLTBknYlgcXHWE0xvu.jpg
21832,http://image.tmdb.org/t/p/w500/lXBjqzo6c4NyLuJtqOiH39kswji.jpg
39108,http://image.tmdb.org/t/p/w500/7uRu9EA3nie0n2mlVDDLlTI3IzC.jpg
14003,http://image.tmdb.org/t/p/w500/kdovrjrKighUFEh9ZRQul0Evx6L.jpg
15359,http://image.tmdb.org/t/p/w500/u6sI0yLJXkmrbSJzVRCmmfa4nhx.jpg
15137,http://image.tmdb.org/t/p/w500/pETU4GurpeEjBOM8oytMH0yNBHx.jpg
126963,http://image.tmdb.org/t/p/w500/nxZEdYcHMuD8SSuwusDnK9CD2H1.jpg
1295026,http://image.tmdb.org/t/p/w500/w2pzrRTevXrW3vgIK4CCYaXvtIc.jpg
1067282,http://image.tmdb.org/t/p/w500/hEhGrcST85vMd63PBDgPBqih2tR.jpg
895006,http://image.tmdb.org/t/p/w500/2yiDQCDj7hlq2SwLojV9xrFkCnr.jpg
820232,http://image.tmdb.org/t/p/w500/xnXeOfHXsgCRi4u75OPU2U3kZsO.jpg
781816,http://image.tmdb.org/t/p/w500/ceine994qh3wc5KpQoEp3LAGHOS.jpg
53210,http://image.tmdb.org/t/p/w500/gRZYLCncLa2mzE59qY38McDlFdN.jpg
15805,http://image.tmdb.org/t/p/w500/kjjz8mVNrwNUa9uz8IMnqS79rxj.jpg
20043,http://image.tmdb.org/t/p/w500/h5naABij9ghj6CLcpBYBkxMGYGX.jpg
667520,http://image.tmdb.org/t/p/w500/6inkRM1XGBG5vRhclCPWfMenp7N.jpg
560052,http://image.tmdb.org/t/p/w500/6hgEe1w0An5fKi3ZqIUBwOyIN2y.jpg
430447,http://image.tmdb.org/t/p/w500/lq3OJQiJ8hlCr23LAdHbeU3eqBF.jpg
475215,http://image.tmdb.org/t/p/w500/b9XvI4Nehzi0nXyNVD6DtT39P6l.jpg
228692,http://image.tmdb.org/t/p/w500/uNIbEUvcm7z6PxtlbCm19YshkBF.jpg
28808,http://image.tmdb.org/t/p/w500/q2v6JmGMVQR0UhUirXuuzXUcAnN.jpg
64847,http://image.tmdb.org/t/p/w500/2okYZVVw7RdMwlOKcAJsQ7Nsrpr.jpg
12613,http://image.tmdb.org/t/p/w500/dZ1rqmE4eIhPbUCr7sn2Pw2wwGW.jpg
15575,http://image.tmdb.org/t/p/w500/1QXGWJ0bsmbMUDBXXfS1RnFadkS.jpg
100271,http://image.tmdb.org/t/p/w500/uH4c5t3Wzzv41Wq9ws2Q47N1Dzo.jpg
19933,http://image.tmdb.org/t/p/w500/mEZcPMNRqTcotOZSttN5MtmJbu1.jpg
113082,http://image.tmdb.org/t/p/w500/vES8WAzjowrMT8gwnoEaCioZXXk.jpg
103269,http://image.tmdb.org/t/p/w500/kozJARWRoGHlOu6UVCdVPD4n8Jm.jpg
12140,http://image.tmdb.org/t/p/w500/1ZJRbLDVr90KLtKdmTT4WZhT26E.jpg
9994,http://image.tmdb.org/t/p/w500/9uDr7vfjCFr39KGCcqrk44Cg7fQ.jpg
895003,http://image.tmdb.org/t/p/w500/t2w332ARBJxy1G65abj8C7VNjeW.jpg
234284,http://image.tmdb.org/t/p/w500/eLC4ujr84ib2MCJOdW8L8Hj4zi7.jpg
323027,http://image.tmdb.org/t/p/w500/9EoqQuEZKmQIYjexoUbkxMcMCVr.jpg
53211,http://image.tmdb.org/t/p/w500/k56XBWKTBQJ5qx3Pod6tQPI9arE.jpg
9929,http://image.tmdb.org/t/p/w500/gNpKAmWFsCiWKKx39Ap8pF7EWQg.jpg
12144,http://image.tmdb.org/t/p/w500/wSC2wxFj3ZgrIHlIaePeuHN4igo.jpg
453191,http://image.tmdb.org/t/p/w500/3Nib5a3p2O7yPFSTTNwChp0cnsh.jpg
487670,http://image.tmdb.org/t/p/w500/y0uxSHaSFmt6XaBJgjkeLqe7aM.jpg
487242,http://image.tmdb.org/t/p/w500/va1IgsZeWBbKLsZcFwz3CM1MkMu.jpg
24232,http://image.tmdb.org/t/p/w500/ws4PQmOVgRvCUlwyHv7JnJnrY3M.jpg
25078,http://image.tmdb.org/t/p/w500/85c6VTiUOtizQBoT9ekBBlUz3zc.jpg
14571,http://image.tmdb.org/t/p/w500/dp3CNNo7Oj704cQKiwM4MJqlW0I.jpg
13246,http://image.tmdb.org/t/p/w500/eQD2VdPntQxHAWap3KMUXGsUTcw.jpg
64246,http://image.tmdb.org/t/p/w500/aSM1ki4WSEgvPYMZ9K28aylImFF.jpg
296917,http://image.tmdb.org/t/p/w500/hUlhPosXp62uuTS0c2aINdg8cvV.jpg
20982,http://image.tmdb.org/t/p/w500/vDkct38sSFSWJIATlfJw0l3QOIR.jpg
118406,http://image.tmdb.org/t/p/w500/xLal6fXNtiJN6Zw6qk21xAtdOeN.jpg
80518,http://image.tmdb.org/t/p/w500/7RvBQOTZGhCoPvLiF3Ugp2Q94Ux.jpg
16198,http://image.tmdb.org/t/p/w500/nj0ijnOozQtu52r0ncut769G1FX.jpg
212167,http://image.tmdb.org/t/p/w500/1ZpDVSY15o0TWVj7qbvFf5BU8jE.jpg
34433,http://image.tmdb.org/t/p/w500/6iO8TJCyLI4BiPYOvdwzPV2bhoV.jpg
166076,http://image.tmdb.org/t/p/w500/nnZKtmVSnueWd4pjk1BekLJxXRL.jpg
408647,http://image.tmdb.org/t/p/w500/nuGIlNAJUati4qEAH1nrYKUA3xa.jpg
366924,http://image.tmdb.org/t/p/w500/ktjbGsGm5GKlHDvvwQajXvDW2BN.jpg
9023,http://image.tmdb.org/t/p/w500/cUgYrz4twiJ3QgVGpRfey984NIB.jpg
408220,http://image.tmdb.org/t/p/w500/gWcTaDFXDrOAPfVzfBFz0Aya5BE.jpg
10948,http://image.tmdb.org/t/p/w500/aC3k6XBaYnulGSkK8263ABjU3Md.jpg
1338799,http://image.tmdb.org/t/p/w500/kZkyr1sRzarENrxjtltPvmHRrTk.jpg
1216221,http://image.tmdb.org/t/p/w500/3daOEMQCOGU2n9EbUC0PICnUCek.jpg
1014505,http://image.tmdb.org/t/p/w500/jEvytxNa5mfW7VAUmDWsZtIdATc.jpg
646265,http://image.tmdb.org/t/p/w500/m91id99MIA0iHxFIO6WBLXmJHrk.jpg
586810,http://image.tmdb.org/t/p/w500/g8rUn0khoYB3G4gPPGTF1Xv9Olu.jpg
789708,http://image.tmdb.org/t/p/w500/Ac9xJvb1oTnv71j2yfdCQktIlYT.jpg
24662,http://image.tmdb.org/t/p/w500/6CrgfB0dNUsanaMWHTv0Y6AFeNd.jpg
16907,http://image.tmdb.org/t/p/w500/eUNRUeSNzm8LktH4HRaYiAReB6R.jpg
34003,http://image.tmdb.org/t/p/w500/7PRI4GFIbuLHaYvw1AZEt19riIO.jpg
49948,http://image.tmdb.org/t/p/w500/5rwAtUaKEK48CPUijVfVU0IPKPZ.jpg
39105,http://image.tmdb.org/t/p/w500/iihTK9Af8G1ZzBjkIIAV4qQMkzF.jpg
13465,http://image.tmdb.org/t/p/w500/jxj5YILmvzXrviQ0mBQs2dwLX09.jpg
618354,http://image.tmdb.org/t/p/w500/n9GtiJiBETVFayQy7YnVdF9AucU.jpg
532067,http://image.tmdb.org/t/p/w500/fv5BgcfkpWh3V6Pb1qVlXESBOdl.jpg
620249,http://image.tmdb.org/t/p/w500/4jfbKKLpqts3i2h2obkrONcjTg1.jpg
537056,http://image.tmdb.org/t/p/w500/eiVQORVyVuNNZHPAELuWtlXoQsD.jpg
21452,http://image.tmdb.org/t/p/w500/2W1FwcYpHarzO5GKBYucoGnDffA.jpg
17101,http://image.tmdb.org/t/p/w500/1PV8OKvHSYvgmdVnU2wcuzQGthP.jpg
14711,http://image.tmdb.org/t/p/w500/6snrLj3Ydmbu5L9giAYtiSNwE0U.jpg
9463,http://image.tmdb.org/t/p/w500/5Ni9RhIs6cLUrBLwdrqZ2fUFimS.jpg
9318,http://image.tmdb.org/t/p/w500/10L5R1l03MqDx36e0LJ99NKLGD3.jpg
79707,http://image.tmdb.org/t/p/w500/hWyBwsjMgtuZL2i1QBWQY0OCh0M.jpg
411736,http://image.tmdb.org/t/p/w500/i6qL5EYGXI4867S4KwZ1mPWvmTx.jpg
11319,http://image.tmdb.org/t/p/w500/9jpDjrRyvv9Nw0piXOpHHQTfxw9.jpg
182131,http://image.tmdb.org/t/p/w500/xVVNRF8bX48vrWAVUoCzDBBbhuY.jpg
38060,http://image.tmdb.org/t/p/w500/1f2T6PDGXcsCfkeizkwS4O1dyQD.jpg
734002,http://image.tmdb.org/t/p/w500/8ATsQJx6SnG1EQgmbm3NNeUzwmw.jpg
15171,http://image.tmdb.org/t/p/w500/eLq5bed09bkNVjUfknlbSil2cfR.jpg
39107,http://image.tmdb.org/t/p/w500/7AHvaEAeQfkfJ4OqcBePxa2ao09.jpg
37910,http://image.tmdb.org/t/p/w500/mvRqW2z4iBws3CDkCNmojksyr4V.jpg
413594,http://image.tmdb.org/t/p/w500/2szdEK0Mr0RG0nWGFVTseNQHbnP.jpg
137227,http://image.tmdb.org/t/p/w500/57ighjFjXpRwg7VeQ1GN6nf4OZH.jpg
437220,http://image.tmdb.org/t/p/w500/hDgqrlBmyFlD2MBu2Zave6S4Z80.jpg
34295,http://image.tmdb.org/t/p/w500/5MbXmcxOJ8wrXZ4kmikiI72Ipbe.jpg
31347,http://image.tmdb.org/t/p/w500/doJEr8GLTZYq10jZwKLQnzPZGsy.jpg
42360,http://image.tmdb.org/t/p/w500/gl8TvgVL6B2PR71cnrG7PbAUPls.jpg
26662,http://image.tmdb.org/t/p/w500/AbgADjLIYoLAc3mayVWGBWSbjT.jpg
267970,http://image.tmdb.org/t/p/w500/21botnUdVFVeg2nb8j5SHfupWD9.jpg
19877,http://image.tmdb.org/t/p/w500/2YCNdrSstrYovSYyKMCDxkkDUsC.jpg
21793,http://image.tmdb.org/t/p/w500/o0d8qJL8anmGG14UfjBC7HHATJK.jpg
17681,http://image.tmdb.org/t/p/w500/7QdF1SKEIBtlkJZtkWM4qekwEtG.jpg
24752,http://image.tmdb.org/t/p/w500/uqTSXqjaSgSAT2lCv3GyZeodQPG.jpg
823,http://image.tmdb.org/t/p/w500/63EMBxmcafkc4cWuUWQh2Ttd2jh.jpg
11135,http://image.tmdb.org/t/p/w500/5koTDBmMAkJOgAe4PL4163UKjvG.jpg
217993,http://image.tmdb.org/t/p/w500/pdNprWYdgcB8z4FLD3BhRmhEys1.jpg
379291,http://image.tmdb.org/t/p/w500/ctHGhbe19xIX6wlECsFydHiha4W.jpg
3509,http://image.tmdb.org/t/p/w500/lUKudOpHICDj6A6SO7DdaZM4W48.jpg
9016,http://image.tmdb.org/t/p/w500/kNhZkR3UNbXfvESQo7mJpOi4tGd.jpg
269246,http://image.tmdb.org/t/p/w500/dDD8EwK7LHhfq2gmJznS94QSFaD.jpg
67409,http://image.tmdb.org/t/p/w500/zrOilMBOmb68nf6NY8AkVLizkA9.jpg
53217,http://image.tmdb.org/t/p/w500/kkbaY8UyPbyzU3xg8CONgwW0Eid.jpg
65291,http://image.tmdb.org/t/p/w500/v8ZGOwcE0aFEpfWdZrVdmdGoFWC.jpg
56590,http://image.tmdb.org/t/p/w500/30GAgK0SvrRoopHlEcrchXqD0hf.jpg
34067,http://image.tmdb.org/t/p/w500/3A3WiPXPmWVhXC7bGSiqtsYY9z6.jpg
39148,http://image.tmdb.org/t/p/w500/wPkoqtFhDoIbzt61oOYwmLOZdAg.jpg
72215,http://image.tmdb.org/t/p/w500/7YbdqmDM9h2VmkelGYDKLYbuC5y.jpg
464882,http://image.tmdb.org/t/p/w500/yTbj8Kcp4WFwMRdEejnn55KIsfH.jpg
537059,http://image.tmdb.org/t/p/w500/xXC0HrmyQDXlYTiHP7Tq6nzurDI.jpg
487672,http://image.tmdb.org/t/p/w500/e9TzqscNRUaG8HqEP3K1jUvi8pC.jpg
22752,http://image.tmdb.org/t/p/w500/woyLqPJLeHP7gzF7DOtEapqaJQx.jpg
11848,http://image.tmdb.org/t/p/w500/lhLp9a0jBIPLMAdUFNlYjCuS72Q.jpg
15947,http://image.tmdb.org/t/p/w500/nMfScRxw9wVLoO7LiEjziFAKLSK.jpg
9078,http://image.tmdb.org/t/p/w500/7lyeeuhGAJSNXYEW34S8mJ1bwI8.jpg
22537,http://image.tmdb.org/t/p/w500/ceJsKxIcy4KOFp3MEqCcRkR7Daz.jpg
27273,http://image.tmdb.org/t/p/w500/4ta5lQEOBSxyuoOvgLs6CNQMTN6.jpg
20771,http://image.tmdb.org/t/p/w500/rQ5WS0zWDRau2lI0FYpGYDGmDVS.jpg
362584,http://image.tmdb.org/t/p/w500/fv9AALP1dofQUvKAkxnkz105MOv.jpg
20410,http://image.tmdb.org/t/p/w500/f5E440uHsNU9XTfyK8KXYbRJGVo.jpg
25961,http://image.tmdb.org/t/p/w500/yElGG6lxLtQXcgBVzF7Xxq7YRa2.jpg
52264,http://image.tmdb.org/t/p/w500/oTAC9Htd7rAZuxrmkgTMIihtqMR.jpg
32916,http://image.tmdb.org/t/p/w500/hDfQ3DqU5fWKZinIGgo2psvLh4j.jpg
15601,http://image.tmdb.org/t/p/w500/mKmFscYvGLMnZ5TslwxCge5oELO.jpg
21057,http://image.tmdb.org/t/p/w500/fSR1LLMIJZ6WcQEkM82yKy4F9vQ.jpg
12924,http://image.tmdb.org/t/p/w500/xlyJw6WmfLn378oz0ZmI0SYFoGb.jpg
118412,http://image.tmdb.org/t/p/w500/emotEtDYn6qA5O5C52yb5bS4TrN.jpg
15567,http://image.tmdb.org/t/p/w500/flwMGZcOO80lqsnZ6lIwsKja5N.jpg
3179,http://image.tmdb.org/t/p/w500/vqdgQiRCSzgpFXLlbxbybfkleBM.jpg
1857,http://image.tmdb.org/t/p/w500/xJ5W0mOAWCVaXmU0pBZh4NjSRv2.jpg
1047041,http://image.tmdb.org/t/p/w500/ksQ8uNgoWsVH6a0oPB6zx08pOwU.jpg
942881,http://image.tmdb.org/t/p/w500/cPV2etoFUkgQLWqKduWxXAeP4Oe.jpg
798544,http://image.tmdb.org/t/p/w500/mMXaAvvSw24hYNchhCtCM5z6fhB.jpg
186919,http://image.tmdb.org/t/p/w500/vNOoWNDFwyivqOYzeWYS9XyYTub.jpg
732450,http://image.tmdb.org/t/p/w500/uDhnTtSxU5a8DtZdbbin3aZmkmU.jpg
47388,http://image.tmdb.org/t/p/w500/exiLlum3asi9ONYeolOpONZTbKf.jpg
53219,http://image.tmdb.org/t/p/w500/rbJLSZSrxp7Kw62XWAp0kG8hxhA.jpg
17581,http://image.tmdb.org/t/p/w500/bBqEiQbbfyt4MWR3NhDZMbS4Wp8.jpg
13851,http://image.tmdb.org/t/p/w500/3i1o0sHBP0VUpuSVmkdCRKYoDBC.jpg
44729,http://image.tmdb.org/t/p/w500/ueIR4LM4k8eKhSB8gGT9NMhCwGW.jpg
37100,http://image.tmdb.org/t/p/w500/sOsEDVFv2dJ8sI77XzQ2SeqRObZ.jpg
52954,http://image.tmdb.org/t/p/w500/foVYnv4rV98B2DA0Znzk3Pbm0Mg.jpg
47626,http://image.tmdb.org/t/p/w500/74OqO31AaubZGgreiHIomFyOXUx.jpg
436120,http://image.tmdb.org/t/p/w500/3L0a3iNraKyedBcHhrYD9sy4V5W.jpg
471474,http://image.tmdb.org/t/p/w500/7souLi5zqQCnpZVghaXv0Wowi0y.jpg
537055,http://image.tmdb.org/t/p/w500/w1SBqj0fn1j72ST5i1jauWo3swT.jpg
482150,http://image.tmdb.org/t/p/w500/7xRIkqWJy4cNpUxPo5aZ24O0Tyx.jpg
390634,http://image.tmdb.org/t/p/w500/4tS0iyKQBDFqVpVcH21MSJwXZdq.jpg
41077,http://image.tmdb.org/t/p/w500/cYYYIfBFG5nszjDk5xea4MQHyDS.jpg
22561,http://image.tmdb.org/t/p/w500/xRAnD7yd6Qx8NYXfoW5GN6K5jiC.jpg
35648,http://image.tmdb.org/t/p/w500/kpJBEfjC9l7BFhmmGPmkNB8gl6h.jpg
27716,http://image.tmdb.org/t/p/w500/3zrxUkbeLl2KmSIRywNTwiGOZ2y.jpg
22914,http://image.tmdb.org/t/p/w500/xbnN0pQwbveJnMi7xKkUEX8rjbr.jpg
23153,http://image.tmdb.org/t/p/w500/3TeeCstvdqb6E72dMPEb43rCD0U.jpg
23155,http://image.tmdb.org/t/p/w500/vScnbrMbDpuwbiRafOcuxHjDKsI.jpg
21422,http://image.tmdb.org/t/p/w500/sFb0fRZ4d5fNcFZ3th8mFen9Av2.jpg
17165,http://image.tmdb.org/t/p/w500/IfR2DrWLb26AAdQFwGkhvPTflX.jpg
15371,http://image.tmdb.org/t/p/w500/p7xL3WYeclgtGCLrWfBrXKdBV7d.jpg
17445,http://image.tmdb.org/t/p/w500/ii48ohKJrDPyrGGOBVJ8XSxr5Xk.jpg
22855,http://image.tmdb.org/t/p/w500/izvMc22ywSLFWUXZEIuJJ8dms75.jpg
14011,http://image.tmdb.org/t/p/w500/bj25ueeYNkz4e5t8oMMaAOWmwOc.jpg
10837,http://image.tmdb.org/t/p/w500/tXya1Z9SC51kNOHsFxRqL1GIBua.jpg
251519,http://image.tmdb.org/t/p/w500/yHx8OLSKc3VtIBB5lIe90c0fHOX.jpg
15789,http://image.tmdb.org/t/p/w500/bycmMhO3iIoEDzP768sUjq2RV4T.jpg
741335,http://image.tmdb.org/t/p/w500/5N9a7bkt3cldZps5Zal3lN4dgy7.jpg
36161,http://image.tmdb.org/t/p/w500/jSzuXChK281KUVFAZApTDJshHrZ.jpg
88018,http://image.tmdb.org/t/p/w500/zYwp7SK4HRc9sf4oog3XP02dJv4.jpg
14132,http://image.tmdb.org/t/p/w500/oxGCI4H0ANXD8YoXnt3ZmjTjNIM.jpg
18143,http://image.tmdb.org/t/p/w500/wBKfZk6qlyn48vKQNoZs4Thhpwf.jpg
585077,http://image.tmdb.org/t/p/w500/9Fch8X5C5yW2srPVBiq6LNRvwd.jpg
372754,http://image.tmdb.org/t/p/w500/cIfRCA5wEvj9tApca4UDUagQEiM.jpg
283984,http://image.tmdb.org/t/p/w500/6nEtmBg07DA5BWjcrmD49rxHsVQ.jpg
445030,http://image.tmdb.org/t/p/w500/sfNZ6G7l3cFI57LVfxnNGse7ihA.jpg
49418,http://image.tmdb.org/t/p/w500/hUJL1hYJq3coWD8VjdyK0NwzQ3M.jpg
374856,http://image.tmdb.org/t/p/w500/pXYeXuomi8EpXsXO4cvt5mdfSCD.jpg
26945,http://image.tmdb.org/t/p/w500/qgFFwLekxzDYLjc07OqnsSShqwb.jpg
22611,http://image.tmdb.org/t/p/w500/uVyqRtRaIGrHJvfxImrHHFaQNxM.jpg
18839,http://image.tmdb.org/t/p/w500/vUWRz8C7mgMMxI1dZhwgumcVFjB.jpg
347413,http://image.tmdb.org/t/p/w500/ubsZEiUtegc8dfVTsFQc9nvpHSX.jpg
18861,http://image.tmdb.org/t/p/w500/mmKiJ93x6uhTwJlrxCoY38R4qo6.jpg
39324,http://image.tmdb.org/t/p/w500/x0FCkSSdOGTA3gC99QayGJH0Dqx.jpg
1362,http://image.tmdb.org/t/p/w500/2ohvyMPhvjftLrM6S6Ljr6QrL0u.jpg
13225,http://image.tmdb.org/t/p/w500/Z4XMgqIY6yT6QpoBISIlHzh8ol.jpg
12335,http://image.tmdb.org/t/p/w500/1BBzsThIZ06UmjZ3rChYGZhJtFQ.jpg
1539104,http://image.tmdb.org/t/p/w500/v0s3dx6am0RzfsuK3KdEy8ZoCDs.jpg
513347,http://image.tmdb.org/t/p/w500/ueHeH5ergeHx27L4SCI9qlmwczA.jpg
1104844,http://image.tmdb.org/t/p/w500/yZYZqT1f6rddhiSdjl8NVVCoZKE.jpg
64202,http://image.tmdb.org/t/p/w500/8YgqCWC9Vf9732oa4uUcQRR38GC.jpg
573531,http://image.tmdb.org/t/p/w500/cO3iAp2pPNdWE9eqS4pTEY5HghY.jpg
877957,http://image.tmdb.org/t/p/w500/iNf1wC8cK6e8zgNyuMUqWFT7Din.jpg
48617,http://image.tmdb.org/t/p/w500/dQOSA51phS7zqRqSHMXo67irfxo.jpg
76420,http://image.tmdb.org/t/p/w500/pLImznZnHHZAEWnmL9pFbOLUcgr.jpg
10865,http://image.tmdb.org/t/p/w500/rdCyK9hgoA2vYrLtVFpDc3KWBaC.jpg
10501,http://image.tmdb.org/t/p/w500/tQuqhUBACMcGqCvliHxpJreBfXC.jpg
72640,http://image.tmdb.org/t/p/w500/9AeBR5ZhhuNM3PsBuR0d6EL3ejL.jpg
390635,http://image.tmdb.org/t/p/w500/hIK5kEdFwOHnHTa06ntTVSfG9im.jpg
526429,http://image.tmdb.org/t/p/w500/ivEZMkRng0VvDuQUoU8nhtqcfwe.jpg
492999,http://image.tmdb.org/t/p/w500/tLkdCvfmTOvxirrpSaaOBJD7qsU.jpg
28476,http://image.tmdb.org/t/p/w500/totkDxL4QApB4xFr7gc1EdGkz7J.jpg
19738,http://image.tmdb.org/t/p/w500/4gEuxmg7OTc9Nxbg5pj5cVTaKCh.jpg
311054,http://image.tmdb.org/t/p/w500/j9zJ3Dx90DmOTeEMx5K6BQN9J0W.jpg
8983,http://image.tmdb.org/t/p/w500/bI9fGbmtQhtHRTNaZXnFjDzoxtI.jpg
23154,http://image.tmdb.org/t/p/w500/5jycWY9V9Chf8XlAwrjBSVWONTi.jpg
20986,http://image.tmdb.org/t/p/w500/nNjFlv4mJlkGLzfnLoU68YSy9KH.jpg
23151,http://image.tmdb.org/t/p/w500/zxNZpMkis5XnD81Y3gqJhh9ZOmk.jpg
15877,http://image.tmdb.org/t/p/w500/bCObr03CsKOOwKysoUL5teG8wmU.jpg
51786,http://image.tmdb.org/t/p/w500/3XAMrWxsqqQI5HNJfegbUXtXiEG.jpg
366170,http://image.tmdb.org/t/p/w500/ti0CRprP9iSg9IDadTZ3TFnuczS.jpg
12902,http://image.tmdb.org/t/p/w500/hmeJnofknkSnczzN3J7Wvfn7OGI.jpg
357786,http://image.tmdb.org/t/p/w500/vftYhVOdvMCmb0dQIRIKmUYG9TU.jpg
16910,http://image.tmdb.org/t/p/w500/itKMldwL6uhUZYO3X78NOFU4zzO.jpg
20077,http://image.tmdb.org/t/p/w500/8uKIqZBXfxhflenI2LkNZIHUp7I.jpg
16340,http://image.tmdb.org/t/p/w500/grIL8mvfLznaWsv7EEEPhCpkH81.jpg
258893,http://image.tmdb.org/t/p/w500/vgnxicD1qvhTrh4db9F7hJLoOaa.jpg
13691,http://image.tmdb.org/t/p/w500/cytspPjtacOInHroA6h2dIekDrp.jpg
24615,http://image.tmdb.org/t/p/w500/26BP556PvenFfypUp10aFFMpQSV.jpg
8953,http://image.tmdb.org/t/p/w500/wszfXaMx74a91yRTBgO1fwSvMj3.jpg
152795,http://image.tmdb.org/t/p/w500/oeT9rwfCBayxgVoUn1yZGmkZlUq.jpg
15400,http://image.tmdb.org/t/p/w500/b6h6HwucncSxn06sMNROJ9apLC5.jpg
13640,http://image.tmdb.org/t/p/w500/itvuWm7DFWWzWgW0xgiaKzzWszP.jpg
142061,http://image.tmdb.org/t/p/w500/arEZYd6uMOFTILne9Ux0A8qctMe.jpg
11430,http://image.tmdb.org/t/p/w500/u2hN0WT7Dz46HfhQbr6uzSYfVW4.jpg
10530,http://image.tmdb.org/t/p/w500/kZ1ft0QZ4e3zDUPMBftEkwI9ftd.jpg
1308681,http://image.tmdb.org/t/p/w500/1xZwPbfCgRnQvuwMieTkiRJS5Yl.jpg
629078,http://image.tmdb.org/t/p/w500/Aj4IhLVphVwKuZrE5EcSGTUMmk2.jpg
876792,http://image.tmdb.org/t/p/w500/xITip9n9uMAUA0TU6niMXU2tbh0.jpg
16440,http://image.tmdb.org/t/p/w500/vpZNACLrZC7EeZc0iCpnCsewZEO.jpg
685274,http://image.tmdb.org/t/p/w500/6gw8onh4FKsruBA7Oouv01EFxzn.jpg
32022,http://image.tmdb.org/t/p/w500/1giFCODG6Bnik84NsyjHwvuX9Da.jpg
50300,http://image.tmdb.org/t/p/w500/uwuNrGrGJlkqInCZ9Kunf9JYWUG.jpg
59387,http://image.tmdb.org/t/p/w500/yAFalW8UtdJg1z1gPjXx8C1sXZq.jpg
714194,http://image.tmdb.org/t/p/w500/kXUSsxQ2J3QVGkG1thmhI1FadKd.jpg
13350,http://image.tmdb.org/t/p/w500/duMdoHLQvnzRDZm2CD66DT4PvS5.jpg
16366,http://image.tmdb.org/t/p/w500/ou0JqPXFbQcphqkMx1grfsmeJFX.jpg
14317,http://image.tmdb.org/t/p/w500/nmWpcUQtWHC4kjVCygiFEDR1wCY.jpg
13354,http://image.tmdb.org/t/p/w500/n1SgvnX4SJ6gZEpDSQEbcmQOslJ.jpg
88601,http://image.tmdb.org/t/p/w500/x3U2x9OzTjEZOdXlnWEaHLT45wI.jpg
95414,http://image.tmdb.org/t/p/w500/4DK6wWZTp6v32NUXszkHOPGxm16.jpg
677638,http://image.tmdb.org/t/p/w500/khtIr0Gxtz52T10RRQZ42o1a5Ry.jpg
494407,http://image.tmdb.org/t/p/w500/5oXKbOQOsPaLscHCqHjvi7hegOJ.jpg
410661,http://image.tmdb.org/t/p/w500/j3hcw7faHyIlVBixdgNMkLW6CzT.jpg
42521,http://image.tmdb.org/t/p/w500/z1cKsKMfjl5n1TNcfnk2rQ20wM0.jpg
553837,http://image.tmdb.org/t/p/w500/ghD2HJyAk6EYVHrzBhddNDJ73Go.jpg
29204,http://image.tmdb.org/t/p/w500/svrATPrggBUauEhCyhiF7K175T9.jpg
23167,http://image.tmdb.org/t/p/w500/kiOc87AV2sDlZomxKQtJrvHETiZ.jpg
428707,http://image.tmdb.org/t/p/w500/mXJQbwxA0joNv9rGy25rFrm5N1r.jpg
379088,http://image.tmdb.org/t/p/w500/k4E04qJvSTQYUPOpYp5YYvdrdcc.jpg
245917,http://image.tmdb.org/t/p/w500/1wEl5WHQO2SdWQ6S3gLBaaobf4c.jpg
21453,http://image.tmdb.org/t/p/w500/aFtLwGv6pcqO72M1v5iQYZOCkZ5.jpg
30074,http://image.tmdb.org/t/p/w500/x8GJ7evV6YBISijuBuGLQjvckYA.jpg
23446,http://image.tmdb.org/t/p/w500/phrVSY5cpUkybc0gU41crWi2XIP.jpg
73245,http://image.tmdb.org/t/p/w500/pd7V5iCB19VBPJkihxFXFwSRW2M.jpg
39057,http://image.tmdb.org/t/p/w500/tpqguVMKyPbINe0GYmMwduoaUar.jpg
34065,http://image.tmdb.org/t/p/w500/3UV4evNh70gvPZB9KJEoh3a9B6I.jpg
14903,http://image.tmdb.org/t/p/w500/tjk2Ig3I5bQvPUEH3A83aZebXEy.jpg
15433,http://image.tmdb.org/t/p/w500/gjA5u7ZLgwkSoNCGCUfNSMv4fYn.jpg
36897,http://image.tmdb.org/t/p/w500/zIYljUBF2rXzB0yYZVEPY1l8zHp.jpg
28609,http://image.tmdb.org/t/p/w500/ywtyEDTM2YO7qod7USNNwhrAfvA.jpg
225745,http://image.tmdb.org/t/p/w500/bXhogkZCR0aOQ077rfMULYbDmtH.jpg
13682,http://image.tmdb.org/t/p/w500/5kd5JqccroxOnC9sVMP5NtLrbkr.jpg
22586,http://image.tmdb.org/t/p/w500/f5YvIPrkJ9HCsNbgzWJJyxXVNhj.jpg
16119,http://image.tmdb.org/t/p/w500/9QzKXbQfPp59iZ3rwnkKEAkPaXx.jpg
9732,http://image.tmdb.org/t/p/w500/sWR1x6UCMCGN9xEf8RGhPS934X0.jpg
811948,http://image.tmdb.org/t/p/w500/j1FpReEQXp8JsgNQZcfGvzeXNoI.jpg
1155089,http://image.tmdb.org/t/p/w500/mcRVsjMbhFstRK9z2oGRHiIvulr.jpg
912598,http://image.tmdb.org/t/p/w500/wjgwIZyEgtgy9nIdz6C5uJNel2X.jpg
31967,http://image.tmdb.org/t/p/w500/nAEGEYTjbli3JoFgyrLn3blxDqi.jpg
36163,http://image.tmdb.org/t/p/w500/dHXgv9GGgmoaWN6VAfLICvS6c2C.jpg
414831,http://image.tmdb.org/t/p/w500/4XlamhkpIDmaFRpicX2DHSMW2qF.jpg
14411,http://image.tmdb.org/t/p/w500/yiW2L1fDiBT7AeWXrykhTNtPrr8.jpg
7450,http://image.tmdb.org/t/p/w500/el2iHk3LTJWfEnwrvcRkvWY501G.jpg
39205,http://image.tmdb.org/t/p/w500/4nWSBZBOP6NSGuBoGQEiIg03lJg.jpg
633844,http://image.tmdb.org/t/p/w500/tE6bhyMR973XcWr2gqeCmAgvvYW.jpg
582881,http://image.tmdb.org/t/p/w500/djd3QU6ThcDSOEGMuUl1h1Am8sN.jpg
26672,http://image.tmdb.org/t/p/w500/3OKtFuTxahr7hokPB9aO38qgOfc.jpg
15227,http://image.tmdb.org/t/p/w500/yBNzT42ErObWemedi5ZalZnRTwn.jpg
68555,http://image.tmdb.org/t/p/w500/uyez2cXhVwgEAakW5bHSscoFlF5.jpg
25278,http://image.tmdb.org/t/p/w500/qryaZLg7DkBkZtwKWTH6dfXjT3r.jpg
111224,http://image.tmdb.org/t/p/w500/uXT8XDWZwGax4FqmEQGjpajzcKO.jpg
14945,http://image.tmdb.org/t/p/w500/deky1Av1w6wgSzcFbtcsFgrKKtV.jpg
39100,http://image.tmdb.org/t/p/w500/5elbm3iLgGQ6nA5vqUmi9vIojbF.jpg
21683,http://image.tmdb.org/t/p/w500/mlmhpUArJdpRPO211v3lETe3uzg.jpg
14609,http://image.tmdb.org/t/p/w500/iMCkGHVrYRdqKROPRPmVaJVSlg3.jpg
11827,http://image.tmdb.org/t/p/w500/atUtWrDlLzT1yeVK2EoYtvbS963.jpg
11497,http://image.tmdb.org/t/p/w500/nmWh1NglDinfkHD9zCNqGWyhl7Q.jpg
4978,http://image.tmdb.org/t/p/w500/wjhUy9af89vc9CviKcPgTNTrmIq.jpg
297556,http://image.tmdb.org/t/p/w500/iaYZA8teYeIxmR8wRrEED5wwR0u.jpg
123025,http://image.tmdb.org/t/p/w500/kkjTbwV1Xnj8wBL52PjOcXzTbnb.jpg
10009,http://image.tmdb.org/t/p/w500/otptPbEY0vBostmo95xwiiumMJm.jpg
2300,http://image.tmdb.org/t/p/w500/4RN5El3Pj2W4gpwgiAGLVfSJv2g.jpg
418956,http://image.tmdb.org/t/p/w500/nCkMoq2penMxvdhQa0LGwK1G6fJ.jpg
903939,http://image.tmdb.org/t/p/w500/zfsLhI6yAHH9pdhY6EConmUCumX.jpg
795522,http://image.tmdb.org/t/p/w500/fn2Qf36nD7CvduaaJ1EbLdSpDo7.jpg
80741,http://image.tmdb.org/t/p/w500/8QzB6uLoRQWsTKrg0MdZ9Dfl1rH.jpg
15655,http://image.tmdb.org/t/p/w500/9OdZKUdGfaBAUwRLbtWpFWKbILO.jpg
81900,http://image.tmdb.org/t/p/w500/rgbshmGOSWmMx8G9H0OD2q1Z7Mr.jpg
3171,http://image.tmdb.org/t/p/w500/lJazOe53J7FPC2H2d6i64jFGNGC.jpg
83765,http://image.tmdb.org/t/p/w500/vso5zGYGzUMsxsI4FH0Q4B1iX3X.jpg
36162,http://image.tmdb.org/t/p/w500/zOnnIpNwDMxGSScB0MjLi2GeMoQ.jpg
34463,http://image.tmdb.org/t/p/w500/fKIjJa7N58Wx2MqXZZkiyRzdL1Q.jpg
84092,http://image.tmdb.org/t/p/w500/jnwUw88Zq5tS0BFNvDwhISQ7p8Y.jpg
23544,http://image.tmdb.org/t/p/w500/aKeEBYEvbpGarecszr4MyOxgjPo.jpg
16157,http://image.tmdb.org/t/p/w500/8I8gWpTtzMLt2lBlBoS7lM436nA.jpg
33441,http://image.tmdb.org/t/p/w500/2DTREQNErBYtZd1isRqdqNbbXA8.jpg
36257,http://image.tmdb.org/t/p/w500/iuPrC4w2hflbQWLtoQlihmk4xMo.jpg
22500,http://image.tmdb.org/t/p/w500/lDM8fxNsu8oYRmM66kZrLQnPNyw.jpg
17234,http://image.tmdb.org/t/p/w500/4Hk82Tw50Qevknz3qb8N7Nd5Ti3.jpg
44756,http://image.tmdb.org/t/p/w500/yuj1qQ8LoizZCnzMQEPfBxZf9SF.jpg
24787,http://image.tmdb.org/t/p/w500/2jKmHNGED3cUyXd6oge5uuHYh3f.jpg
13194,http://image.tmdb.org/t/p/w500/f4htbMf2LORgMjKn0litcUFWuWY.jpg
151535,http://image.tmdb.org/t/p/w500/qcSjTyzy1IOt2W7nR4X3uWUx2xj.jpg
47292,http://image.tmdb.org/t/p/w500/e3T08IL68EVcrUPiJLVN9KSGlXs.jpg
201223,http://image.tmdb.org/t/p/w500/sstaOUvPmMYzeWbYaeDXrYWBp44.jpg
9642,http://image.tmdb.org/t/p/w500/dW9h1Ez6PRx8PnZUVT27MnG8Wu5.jpg
10380,http://image.tmdb.org/t/p/w500/k4aLupAkHWwHiEDwvqsZFAnUYF.jpg
10957,http://image.tmdb.org/t/p/w500/h64i9e6oJs2jrDZ4QzspXMqZhPF.jpg
1012652,http://image.tmdb.org/t/p/w500/m6T9dPpm8P8jqHIHEnEnKYXlPbW.jpg
893712,http://image.tmdb.org/t/p/w500/a8B3bagkYRULdmnhgKMcxXaVcFm.jpg
766423,http://image.tmdb.org/t/p/w500/3KRpbwNDrQ8cqKoVknoPqqtrpAO.jpg
97787,http://image.tmdb.org/t/p/w500/tn65LMkjjFFRdhwV2eSFH3WRlwA.jpg
64711,http://image.tmdb.org/t/p/w500/2d0PCqbNnaeF8ivonyovzWERXRZ.jpg
618353,http://image.tmdb.org/t/p/w500/k8Q9ulyRE8fkvZMkAM9LPYMKctb.jpg
53220,http://image.tmdb.org/t/p/w500/2sK0wjqW9XtBNIsK16691MDTBkh.jpg
16808,http://image.tmdb.org/t/p/w500/jZOi06xHjsG1VqbiIwS8GkyrAOn.jpg
39102,http://image.tmdb.org/t/p/w500/1lmwZTsqwTtvd3m60pyQfhGM2Ut.jpg
31135,http://image.tmdb.org/t/p/w500/yJ5vx5U4Dj8iU3IcyyLzonNnmJT.jpg
642121,http://image.tmdb.org/t/p/w500/4m74lboTcvrmnCM506t4y4c3klc.jpg
587563,http://image.tmdb.org/t/p/w500/9M8tTHbYFrGxCXxNMvAkvRbhtER.jpg
52971,http://image.tmdb.org/t/p/w500/5zHLunlFgehOgABPvoCryNgOYEB.jpg
436931,http://image.tmdb.org/t/p/w500/7vWiCtO1pa0oSG6QTyVKd8eyLLk.jpg
46929,http://image.tmdb.org/t/p/w500/zBMBHx7JrHIB6U4wYT3q0yvwQuP.jpg
37280,http://image.tmdb.org/t/p/w500/heJkgOCx4pHqdooYA1h7B65ghvf.jpg
49802,http://image.tmdb.org/t/p/w500/c34bVzr6akMEJ7j2yrzRfgPJlVO.jpg
45974,http://image.tmdb.org/t/p/w500/phcM1B7neu6g7ysw9CmIo35Qida.jpg
45287,http://image.tmdb.org/t/p/w500/8OEX6C9h85Hg7rtsCBKIwyrpoRh.jpg
97375,http://image.tmdb.org/t/p/w500/kthV4ZwXO37pfCFTbX1cHOYie4r.jpg
257512,http://image.tmdb.org/t/p/w500/d08RKnmdcoCwlHOezazli8hmJH6.jpg
39204,http://image.tmdb.org/t/p/w500/enhiUd7MOuLjKa4NkZmLaN7dDWH.jpg
77617,http://image.tmdb.org/t/p/w500/9bNsqXpPKSdcqPeBgWg9HsrwYJe.jpg
41066,http://image.tmdb.org/t/p/w500/5GKPKoh9fwm34HyDdqjPoDwwnEv.jpg
433422,http://image.tmdb.org/t/p/w500/4CtvjdvuRj3iPlvtpvFomhTxjXR.jpg
20558,http://image.tmdb.org/t/p/w500/w9CpKZmgDfQvHe8WzFsvxxKCNyc.jpg
13158,http://image.tmdb.org/t/p/w500/q3Ln4x4rv4nJsBBfukjvH2wiU28.jpg
36218,http://image.tmdb.org/t/p/w500/jbH0tIEymhyd6uk4xV4vrS6qybV.jpg
364111,http://image.tmdb.org/t/p/w500/7bJHM6t6j3YLjDNTwe4hyghKqSr.jpg
919,http://image.tmdb.org/t/p/w500/uRwR5lcl55n5JSaTiYPwp5KjP6A.jpg
15653,http://image.tmdb.org/t/p/w500/qr5Q3S7HC16XHQBqE4ZsJJvgUDU.jpg
12233,http://image.tmdb.org/t/p/w500/x8XqdiZ0Oxu5iXF9SiFub9Lae8J.jpg
1458844,http://image.tmdb.org/t/p/w500/qXwBSbBUIHLIoUCnfC0sjEjZ4Rw.jpg
845387,http://image.tmdb.org/t/p/w500/7kzoPEasqFZGPGHj1imsLtTM20k.jpg
842859,http://image.tmdb.org/t/p/w500/jh5zlkFEkgL0UIkL9CoZGLl0e7t.jpg
776660,http://image.tmdb.org/t/p/w500/xABkUfBl7YG0Z2uIkYMMd5SjTum.jpg
678458,http://image.tmdb.org/t/p/w500/nMwzzIWh1Jwo3GPIxyVzdmFmY8B.jpg
80357,http://image.tmdb.org/t/p/w500/43viCWUdwNvfsTFcfHRaXQNeA35.jpg
39144,http://image.tmdb.org/t/p/w500/dZCWRFJnwyxYOhzAhf7Xyru4moB.jpg
50087,http://image.tmdb.org/t/p/w500/tWgH64RZmm2rIHtO2DNnfN3DZa8.jpg
222715,http://image.tmdb.org/t/p/w500/m3T8LGmjoMktaiot49Pc8JFFyC6.jpg
604605,http://image.tmdb.org/t/p/w500/vmizP4G4EWsxNf6PLOvGNaFJ89Y.jpg
36079,http://image.tmdb.org/t/p/w500/7gWBy9z4JrkDPSfG5VbjWbbgvxk.jpg
553839,http://image.tmdb.org/t/p/w500/omEd5EwOo3LJlGtiiYwEZeCqM3E.jpg
47759,http://image.tmdb.org/t/p/w500/vBHI9QjQyCyJP7EtqoGweahTU8S.jpg
13850,http://image.tmdb.org/t/p/w500/lFlWpfcw8TCmZ88jw6e943vEbtu.jpg
11047,http://image.tmdb.org/t/p/w500/A2dlVs5WRmAwIPVS5vODhAOkNy7.jpg
51942,http://image.tmdb.org/t/p/w500/n2WjY1mESooUlLjreQpePocIXVw.jpg
39230,http://image.tmdb.org/t/p/w500/lXeLWEuUV5dVIhHmQt5z5RyawT4.jpg
31718,http://image.tmdb.org/t/p/w500/zkrTxae5BkW6DwNbEsD568ZKVPf.jpg
83091,http://image.tmdb.org/t/p/w500/zwL4R8y2b18nLe8q0OgSr5vbnnc.jpg
39202,http://image.tmdb.org/t/p/w500/qsP5o8Z5xPgjnerByjHzOq1MUI0.jpg
37211,http://image.tmdb.org/t/p/w500/cXUQuHnNBxFSZAmYfogMfrcvMk7.jpg
255413,http://image.tmdb.org/t/p/w500/m8sCa24YbFIatKlElTMdiH18A5N.jpg
16390,http://image.tmdb.org/t/p/w500/qJ0UlWWrBn2fnAg4SifTJbDUuaf.jpg
12903,http://image.tmdb.org/t/p/w500/jscb7MiWTYBjKlAb9TuNnFMSR81.jpg
14258,http://image.tmdb.org/t/p/w500/ot2pohox9Hbmt5eH1JzNYleOgL1.jpg
119321,http://image.tmdb.org/t/p/w500/i0zImtsknzWLl5OvAQ23Y3gfEYZ.jpg
12593,http://image.tmdb.org/t/p/w500/llgCW1Y99WO7DNiX3ZOncLJBIAm.jpg
13355,http://image.tmdb.org/t/p/w500/t1xNRp1oqPAKxPJgJ1F90jvHMGr.jpg
44251,http://image.tmdb.org/t/p/w500/Apnw8FWoPOIsu14d5dvaNZzFSJE.jpg
2791,http://image.tmdb.org/t/p/w500/rfNOl21lDRyqTeORYp4PiBlsW1t.jpg
10715,http://image.tmdb.org/t/p/w500/q0kntpdsHA0QdYjpQdNBqrVTdQq.jpg
16355,http://image.tmdb.org/t/p/w500/qHkpvJ7fjtxJNuDCyGZBHqYG05w.jpg
980431,http://image.tmdb.org/t/p/w500/29Jdsak3SrwGds5k1t43kH6Khed.jpg
896499,http://image.tmdb.org/t/p/w500/gt7radvJj8UI8C8mvmtWX5uiqQB.jpg
862491,http://image.tmdb.org/t/p/w500/iu01cvxs3eLQzra3YNF1pbpXIZa.jpg
839033,http://image.tmdb.org/t/p/w500/hE9SAMyMSUGAPsHUGdyl6irv11v.jpg
77304,http://image.tmdb.org/t/p/w500/H4WHAm4yHcTUMvPgupZ5OcV4nc.jpg
185025,http://image.tmdb.org/t/p/w500/bwQyPZKkr14UWwXTSkSA3XiuKif.jpg
44725,http://image.tmdb.org/t/p/w500/9YFUMvTV4zOkpUsPAiPgjaMKWYd.jpg
52952,http://image.tmdb.org/t/p/w500/43yzLBevC6lprNslYejaLrQyydZ.jpg
34228,http://image.tmdb.org/t/p/w500/ArJ5orVPd6gGKMajmlZ39gdERoq.jpg
615165,http://image.tmdb.org/t/p/w500/s8B0K89piYbYaESTZ0NlIyAjhDg.jpg
134103,http://image.tmdb.org/t/p/w500/sB72GBY4WTgOyW0Onzsh06RPaGK.jpg
682153,http://image.tmdb.org/t/p/w500/wxCZmXRJa8hSv1Tpih8TBSR4o6b.jpg
632632,http://image.tmdb.org/t/p/w500/pegCub2zdYD5As43AOmGsIctuKc.jpg
571265,http://image.tmdb.org/t/p/w500/22oG48YszCraRJigJw5F6qFs4sR.jpg
357407,http://image.tmdb.org/t/p/w500/aL5mNV5UgUoQ00qsC6dvwgQcIbA.jpg
655431,http://image.tmdb.org/t/p/w500/5Ln3Hr6UYvnnQXLIEMotdeo2BCK.jpg
483455,http://image.tmdb.org/t/p/w500/7ueB7Kxq2GObp5aDw6rsdzVefzP.jpg
559566,http://image.tmdb.org/t/p/w500/snAdedewKhxu1SU9ZUAh156Trlt.jpg
13757,http://image.tmdb.org/t/p/w500/5IlnhKFdNBxYIjEPkJ8N7YHrL0i.jpg
70841,http://image.tmdb.org/t/p/w500/g0D94CrNm8bTCgHdpURTmR46s1Q.jpg
511082,http://image.tmdb.org/t/p/w500/7N8os3UNezyfyY8FowkLbSzHDqW.jpg
18837,http://image.tmdb.org/t/p/w500/kwx4ogFB0ST3jAHAuda9xFF2tnW.jpg
456611,http://image.tmdb.org/t/p/w500/gdITbnd5QJzSWhntA3KkvQV4JHV.jpg
28764,http://image.tmdb.org/t/p/w500/1rqrypnOq4cuwzobGW9gQgarkSr.jpg
39207,http://image.tmdb.org/t/p/w500/qxq2TfGy1Vfh9miCjKPo0nNxmW6.jpg
59298,http://image.tmdb.org/t/p/w500/1BVofIiyDjv41Sn6WaKjXHft6RG.jpg
16516,http://image.tmdb.org/t/p/w500/crJYdKEriRiyimMr5TUHxNW0XP5.jpg
39203,http://image.tmdb.org/t/p/w500/y23gqg2y2ckCcqjhe4WKlIHq63B.jpg
41394,http://image.tmdb.org/t/p/w500/2hsUFCUVvURJCvxofQaqMN9noDU.jpg
15035,http://image.tmdb.org/t/p/w500/v0fi9KgmdsUsGtopxxRzbtQ5NIX.jpg
211755,http://image.tmdb.org/t/p/w500/tBbr1LJn5rrP08Y16jJAKwLEECf.jpg
75624,http://image.tmdb.org/t/p/w500/4WT7zYFpe0fsbg6TitppiHddWAh.jpg
19405,http://image.tmdb.org/t/p/w500/qsUCoeTwCNIrvDrUiWlTCgyRFZy.jpg
8868,http://image.tmdb.org/t/p/w500/8LlqOgKKU0BeZzEo1PMMIjtLuj4.jpg
196750,http://image.tmdb.org/t/p/w500/p0kHK9nJoLzpqa6tqOzPgPkdxYN.jpg
123,http://image.tmdb.org/t/p/w500/liW0mjvTyLs7UCumaHhx3PpU4VT.jpg
12610,http://image.tmdb.org/t/p/w500/foZpSG88IQUCEBJE3unc5QzO6bQ.jpg
45162,http://image.tmdb.org/t/p/w500/d7gHmsA2o5Z1MhcuspMyOSO48KB.jpg
1322752,http://image.tmdb.org/t/p/w500/uiQ6wj8TPYHueuIJRsNlPruzogT.jpg
1304434,http://image.tmdb.org/t/p/w500/oqS3wJX3wNj4DciCyTznnMZ3Fuu.jpg
433157,http://image.tmdb.org/t/p/w500/e91hSNOwrV9FvC8LyaroK8dYTlZ.jpg
857862,http://image.tmdb.org/t/p/w500/AehyZFGm68ep76b81IbLJ1EJ5ot.jpg
843906,http://image.tmdb.org/t/p/w500/rlQJnQfPgaSGQtyMw35VOIqoIsj.jpg
43967,http://image.tmdb.org/t/p/w500/wxSwZBgUquBIv61IkITmHJHGqu3.jpg
464198,http://image.tmdb.org/t/p/w500/dZMYhcTT3H8h93Epm2gCqPDBDmd.jpg
53224,http://image.tmdb.org/t/p/w500/tVMl5M3nUx3Sg294ShQ6dUYprTI.jpg
12609,http://image.tmdb.org/t/p/w500/s9yFQD19xJqXEnAnUAZFUan25DJ.jpg
10228,http://image.tmdb.org/t/p/w500/6YPzBcMH0aPNTvdXNCDLY0zdE1g.jpg
704264,http://image.tmdb.org/t/p/w500/9NBBkdxH0TjQEBSN2AzeE1sgsF9.jpg
85444,http://image.tmdb.org/t/p/w500/9aamZ9pJpWnPjYvQz68dsX15YwZ.jpg
44727,http://image.tmdb.org/t/p/w500/tEJBIHzaW1IoOVHtgblXy76kj4G.jpg
25831,http://image.tmdb.org/t/p/w500/7sWpajczOeWzubfw7VLAMU9OeHS.jpg
38577,http://image.tmdb.org/t/p/w500/fvzw2rXqSObcBc1RAIWYW7CzLuj.jpg
44468,http://image.tmdb.org/t/p/w500/16s0F2Ao6xLS6BSJtvRNXObVJsV.jpg
36129,http://image.tmdb.org/t/p/w500/4sMh4bpyy5zhOS7G48WOsOBIhIH.jpg
461615,http://image.tmdb.org/t/p/w500/oSMIKsznGYzGfdl611kgEJF889.jpg
452970,http://image.tmdb.org/t/p/w500/muN1Gf5SnGz8Il2ViqsIX4pkfxA.jpg
526426,http://image.tmdb.org/t/p/w500/exLf3eUR7705XwNYR6HFZAMObSR.jpg
507569,http://image.tmdb.org/t/p/w500/63NOOAkaZAK8h93Sg7Ucq6XLJGP.jpg
559562,http://image.tmdb.org/t/p/w500/3Xm1hgIcmKJGnaMetErNu5kA8qz.jpg
14906,http://image.tmdb.org/t/p/w500/jiNSrKpgKdLXEUasOvNaCBgEner.jpg
52795,http://image.tmdb.org/t/p/w500/2PlFFcAq9PcFEGgA0Znvut3kmVL.jpg
70089,http://image.tmdb.org/t/p/w500/b4O25Joz13gZqXusA5tyqO4Y4OV.jpg
39229,http://image.tmdb.org/t/p/w500/i1J5u0bhbcCghFWnwmvsTi5RzQf.jpg
45288,http://image.tmdb.org/t/p/w500/9UNq2kogJ0fNA6TfFJdJt0PXOwV.jpg
31112,http://image.tmdb.org/t/p/w500/eds4cxarUjHn7OdDd26SauphUnR.jpg
13759,http://image.tmdb.org/t/p/w500/9VVL7lYutdQV4KxP6OANF0gwiXV.jpg
154738,http://image.tmdb.org/t/p/w500/emneZ1gGMJnW4mv3HZW16FskqiJ.jpg
378106,http://image.tmdb.org/t/p/w500/mr9qCQCwYqMpiqc30uOVhVJNSWe.jpg
333622,http://image.tmdb.org/t/p/w500/qkXH0FuFEMVbEcX9ypFA9tQhlzl.jpg
432131,http://image.tmdb.org/t/p/w500/4jU2Bdk1MB2OvP4BBvTJIPQc0BF.jpg
71172,http://image.tmdb.org/t/p/w500/E3RT3f8oOuPS2pMhgH47TKBPgu.jpg
257475,http://image.tmdb.org/t/p/w500/m59jfWqV6h3GAud7tSPShTXW6ZH.jpg
44730,http://image.tmdb.org/t/p/w500/4Pu26TQNiyl8kjNe1sI3NMG2OQG.jpg
16990,http://image.tmdb.org/t/p/w500/y2McH8kPXp5otzuQNIFF50X4rOc.jpg
152044,http://image.tmdb.org/t/p/w500/vPrVi40JAScg92zKEpOQPHmYrZs.jpg
152042,http://image.tmdb.org/t/p/w500/kJjtXLRR1mV7kEUuSnCKDEmN94G.jpg
50388,http://image.tmdb.org/t/p/w500/wH9SSbsNWKLtZjA4LBQ7P2GwbLZ.jpg
21956,http://image.tmdb.org/t/p/w500/fv4e6pGhl4fDUdRt2WIDLDgEq7e.jpg
135531,http://image.tmdb.org/t/p/w500/aDuie7u8AL3J6ZH2LS5ySnPkX1W.jpg
36728,http://image.tmdb.org/t/p/w500/pZzdFmztwmg0FUOVCMa7vReHhQN.jpg
33875,http://image.tmdb.org/t/p/w500/eySv5rdYLW1k6LxepxCNl8ND26R.jpg
257346,http://image.tmdb.org/t/p/w500/wJcyYVRPZDOZOD2w0r2R6wuZqqN.jpg
14444,http://image.tmdb.org/t/p/w500/uZejGKCSd6nwfMx8U0Td37U2fTc.jpg
13205,http://image.tmdb.org/t/p/w500/wIVLCnwYynKIiAheJoEQtC8gTjq.jpg
11114,http://image.tmdb.org/t/p/w500/noShGNQKAgMqNanJL5EiZlf6LCp.jpg
10010,http://image.tmdb.org/t/p/w500/yaA8q2zHHUgFWdJNxXyAdU71SzM.jpg
20760,http://image.tmdb.org/t/p/w500/bCPXOJYsutCxAyObRLkyVDnX91W.jpg
1146972,http://image.tmdb.org/t/p/w500/1EBnttleJaKnWWyyEqfiSn76ZjT.jpg
831405,http://image.tmdb.org/t/p/w500/rzrSeqqpm1BwJ3tcTznztBtLLSD.jpg
46126,http://image.tmdb.org/t/p/w500/xtrWIC1mOd6PiN9p7AQ86anRyFm.jpg
32539,http://image.tmdb.org/t/p/w500/9foRmR60i0ZZSqiHUWU6JWtGLYq.jpg
541867,http://image.tmdb.org/t/p/w500/mRy1D3wVL1AjR1Czp2WY90CCzPY.jpg
37585,http://image.tmdb.org/t/p/w500/lhuPBTDmQzFCK7ZkWeIzrFY4dXL.jpg
73901,http://image.tmdb.org/t/p/w500/lNVhFOzd939TlI9r1uKVZKrmKFn.jpg
11625,http://image.tmdb.org/t/p/w500/7KFAtZRXzD00Zw9sWxusrInLHgJ.jpg
13417,http://image.tmdb.org/t/p/w500/kyMrt0RPVC8LDpdMrk1DjN6Gqdu.jpg
66105,http://image.tmdb.org/t/p/w500/qDqk23o8qOljUetnCkQCQk7kElk.jpg
44728,http://image.tmdb.org/t/p/w500/fSqxVnjHE7zGAdWkhnQNYLJ2FUj.jpg
35435,http://image.tmdb.org/t/p/w500/sxCScvnhm0BmEWmye4Z81wopfBo.jpg
626767,http://image.tmdb.org/t/p/w500/iUbxhvPFNthEDwZEZDEPwOJZL4Y.jpg
162804,http://image.tmdb.org/t/p/w500/aLVdKwKN0evOlKkAoPGGatFEHIl.jpg
264170,http://image.tmdb.org/t/p/w500/doNcszmSj14ik6owOlGx5Ul9hwC.jpg
680952,http://image.tmdb.org/t/p/w500/o0pwyA3PqgqfguXUKc475SJYR2x.jpg
510242,http://image.tmdb.org/t/p/w500/qnG8ZcmQoncPB58RZwy3wofxm5y.jpg
460399,http://image.tmdb.org/t/p/w500/kGceYWj3oKCfEiMdaYbwovgvOnY.jpg
347183,http://image.tmdb.org/t/p/w500/5HlpuETjDOob8yzddD1MF7QwZwV.jpg
483685,http://image.tmdb.org/t/p/w500/1JjfOrZQAmdsR9bPKlwmL6u0eaG.jpg
17922,http://image.tmdb.org/t/p/w500/nOTFmar2FyhDEDFNIMQL97K5Pcg.jpg
245538,http://image.tmdb.org/t/p/w500/1zeq8BFximXGWbOjUC8XbtYY4Jq.jpg
21356,http://image.tmdb.org/t/p/w500/rXXxITGJdiJEvk5c2Z1La1LNbpi.jpg
45295,http://image.tmdb.org/t/p/w500/EoJdu7hyxu73lXKQQrnCxuLoXb.jpg
33539,http://image.tmdb.org/t/p/w500/aGmed955Bv1ok2YBjjhAA71b7OF.jpg
16767,http://image.tmdb.org/t/p/w500/glGbrKRq0cqhqUcM9s2LE1Fxfq6.jpg
239367,http://image.tmdb.org/t/p/w500/aqNDzNcxesN6CNGP4jInMVpqC5l.jpg
17421,http://image.tmdb.org/t/p/w500/gADRX5uks0nIsgEzwNpkCIHukBN.jpg
34942,http://image.tmdb.org/t/p/w500/3tKVHAMFTajrSLfU6gUgdubiXBG.jpg
15981,http://image.tmdb.org/t/p/w500/jpsqSocm0o978PRChacBoTlTida.jpg
116776,http://image.tmdb.org/t/p/w500/4uPs9rjKkGWOmc5QO4VV08YdLpV.jpg
19165,http://image.tmdb.org/t/p/w500/nlsJfYQ3dwzvr6kwG60P0nh59Sa.jpg
25913,http://image.tmdb.org/t/p/w500/dZ958HnW3JO2pEZeedjmoZCV8Rn.jpg
50723,http://image.tmdb.org/t/p/w500/6e2YvN1tQK4xQHlmy7GJTuXOt2u.jpg
212168,http://image.tmdb.org/t/p/w500/eC8babU050Nwnss5CnAJyymGkB.jpg
13190,http://image.tmdb.org/t/p/w500/w8KNXRQF9UzplokFlDrNMt0FkW7.jpg
28032,http://image.tmdb.org/t/p/w500/eBvSSfwAKgcjF4eyaeNSzTCpfaF.jpg
15997,http://image.tmdb.org/t/p/w500/1lIkU6gbqMx4oRDGegawLdQdLJD.jpg
18937,http://image.tmdb.org/t/p/w500/pLfFEQ9HTw0HRvBkW3nI9RUze03.jpg
334376,http://image.tmdb.org/t/p/w500/eLd31emY3jann7JV0AkSPJ06Xep.jpg
21316,http://image.tmdb.org/t/p/w500/1LCfRArffse3PnqkACooOHkWcry.jpg
1326106,http://image.tmdb.org/t/p/w500/1aEfyTWUK8ZBk4aw7Ck0qEoF8PW.jpg
1086591,http://image.tmdb.org/t/p/w500/AuXbMRrtfFNVNSq5Dk0gBVXFGZy.jpg
1056803,http://image.tmdb.org/t/p/w500/o3Yc0plKnzpck0SM3rQLjWBHel8.jpg
887357,http://image.tmdb.org/t/p/w500/nS41LN1m2HYvVotvgOTcbPW2cjL.jpg
32534,http://image.tmdb.org/t/p/w500/rLOR7LHwXrbD65PeXUHhT42Vf3.jpg
106112,http://image.tmdb.org/t/p/w500/7qV8IuQll3DxZWYtCpj8HtwwGiL.jpg
74961,http://image.tmdb.org/t/p/w500/XinMQ1x8kejVMDl5AAKULonOCB.jpg
88765,http://image.tmdb.org/t/p/w500/jlWl85dTRxjZnOOr6jD9g4u0dY6.jpg
42518,http://image.tmdb.org/t/p/w500/fiwAJIAnSqWbU3JphqN8Y80mFM6.jpg
13676,http://image.tmdb.org/t/p/w500/6EwcdQH134T4HGr0W3m2FnLjTnc.jpg
13654,http://image.tmdb.org/t/p/w500/uB0DQU4Cog8tYrkiOEVTmDw6Qnn.jpg
629014,http://image.tmdb.org/t/p/w500/bAlPJjI1COf97J8EfToYGsFgqFc.jpg
566555,http://image.tmdb.org/t/p/w500/IkaZMxpOEFG9lk0T3fpDGAUv3.jpg
15718,http://image.tmdb.org/t/p/w500/akgmKfcusFVNF0NzCIvTWg1wkaS.jpg
81850,http://image.tmdb.org/t/p/w500/rv5fbmZV9oxyBg0nr3ZFHrClpFF.jpg
33534,http://image.tmdb.org/t/p/w500/hMSrZEpcmlOUAL6kndUTuhSJitt.jpg
184608,http://image.tmdb.org/t/p/w500/oeTiyyFgP4PSya310BTExpoxIGi.jpg
48246,http://image.tmdb.org/t/p/w500/xvAGKjbAl2F71hterQ6BpPzQMEc.jpg
23452,http://image.tmdb.org/t/p/w500/fJ1NsL2A7dwY63mBkHdP1K4kD3T.jpg
24554,http://image.tmdb.org/t/p/w500/lSwUyNrm4KaFwrM5ilY2ZWY5bEL.jpg
19164,http://image.tmdb.org/t/p/w500/sqBhPAvSwPCZq4Kg79CvxGrU7nj.jpg
21078,http://image.tmdb.org/t/p/w500/uoxssMLAdwFZ44o7n5BNptrQBNQ.jpg
19576,http://image.tmdb.org/t/p/w500/6QOrTYafoqzXPWLnR2K8129jTHH.jpg
240341,http://image.tmdb.org/t/p/w500/nrMr4ht4CgX4tyseN1uYVHXENJN.jpg
10991,http://image.tmdb.org/t/p/w500/hrBWiMWnD7mheMx846ycUWA3ohs.jpg
75629,http://image.tmdb.org/t/p/w500/d0s1xvykzl0kz7fP5S2ROYqphdz.jpg
16690,http://image.tmdb.org/t/p/w500/wB3r2b8sxUZspqNyr8copMlt7se.jpg
382322,http://image.tmdb.org/t/p/w500/lrQ3LeNIN0nmviZ692seNBUl1Pq.jpg
39354,http://image.tmdb.org/t/p/w500/3KjEpLW2Jw1EFQbZLEfNqb3eEzk.jpg
1399914,http://image.tmdb.org/t/p/w500/9veQs3Kiew5e6M9tixzi0Vj13Yb.jpg
1203329,http://image.tmdb.org/t/p/w500/y0pR5aBVvPn5uncaZjl94ZEnuEF.jpg
1145612,http://image.tmdb.org/t/p/w500/7Cf2NS9oH1VpH23NyWR4J7WIOv9.jpg
1144107,http://image.tmdb.org/t/p/w500/ewZaW4gXqqllOelUpS98T49z6Gl.jpg
938567,http://image.tmdb.org/t/p/w500/di0QJLTVfroK7W1D5V8i9QkFkMk.jpg
828900,http://image.tmdb.org/t/p/w500/dzMfgDxEOfFdw6WIaoC94CayYWL.jpg
426156,http://image.tmdb.org/t/p/w500/5ZimtWFgTN89kDgkgjHlMlM78Vr.jpg
566466,http://image.tmdb.org/t/p/w500/azp9BHalGiCJ72mgcoM6rQFn6qL.jpg
461763,http://image.tmdb.org/t/p/w500/ewew32cuPfWjD8QKoHztkV8TS84.jpg
100246,http://image.tmdb.org/t/p/w500/fH5c2a3Nti765GqG8jj0uMBLgIK.jpg
39104,http://image.tmdb.org/t/p/w500/pIwjWaEuCcT3QVBd9Ng9wG3kbpU.jpg
34933,http://image.tmdb.org/t/p/w500/4W34wG6uAVEkK2jLbVyGl2fTCxJ.jpg
67661,http://image.tmdb.org/t/p/w500/ykONqQgAnLDySxbXHwmFzmueWO3.jpg
462677,http://image.tmdb.org/t/p/w500/hcydn0Lr3DAixZFOaUmjoqoIFU6.jpg
514710,http://image.tmdb.org/t/p/w500/5jURYLaG6BX0klRHsiHc3pzOlOm.jpg
154727,http://image.tmdb.org/t/p/w500/litE6EGYwrwcP58lG939yABc2YU.jpg
23521,http://image.tmdb.org/t/p/w500/d9s1aOsnXfeSOlzYuX6VVmORrFo.jpg
438058,http://image.tmdb.org/t/p/w500/7tulrto9RCvIoLdp7xQuADVmTk2.jpg
316873,http://image.tmdb.org/t/p/w500/phTv5vD6nLCLrtUKWRHMBJGU7Bi.jpg
228805,http://image.tmdb.org/t/p/w500/4QtpfeGuxWbfLMgBiP3u3MVws9M.jpg
24251,http://image.tmdb.org/t/p/w500/iwbvzY1jwcxbJOoP17bAgOTBr30.jpg
38594,http://image.tmdb.org/t/p/w500/f0tBLECAYhOmzJmQmpfoFH8Syyp.jpg
88557,http://image.tmdb.org/t/p/w500/J5AsLGUAqMgq0MjoyWldqqMPs1.jpg
33719,http://image.tmdb.org/t/p/w500/pNwHtfMVcqmWat1MfMJ9XSVBBXR.jpg
239523,http://image.tmdb.org/t/p/w500/zbmRzkxKeDjoYh5757d7RXiX2by.jpg
594188,http://image.tmdb.org/t/p/w500/ud6YOdHjRFFJInlpwpPRr9bFOFH.jpg
19004,http://image.tmdb.org/t/p/w500/abcJUBDHi6hxibSgm2bxYK1wAZK.jpg
20455,http://image.tmdb.org/t/p/w500/tiH1muonzAWzlLjPhjAcAYVAjzm.jpg
408648,http://image.tmdb.org/t/p/w500/v3RP6pp6pfRdvch6QioeQvNdMJs.jpg
12242,http://image.tmdb.org/t/p/w500/mIHE3BKyAKG8ocRAoZuCQN1NTv9.jpg
1230393,http://image.tmdb.org/t/p/w500/yG8QKnaiz7JoIMh3oxdm0JJN6IG.jpg
42025,http://image.tmdb.org/t/p/w500/tnOzcaxpL8PR1nIB02JgMqr97hb.jpg
989730,http://image.tmdb.org/t/p/w500/s0apanRsR8mIp9jU9WJt9dgdt7Y.jpg
883768,http://image.tmdb.org/t/p/w500/h59l93jcYhMAgrZYVgCcuAEM7e9.jpg
32531,http://image.tmdb.org/t/p/w500/xxI9iOL838ywA8QFduJ5hwfg8yQ.jpg
85221,http://image.tmdb.org/t/p/w500/bDlC9FuKEZgpz9rRPNHZO22ARZD.jpg
44179,http://image.tmdb.org/t/p/w500/9O6Mewk4JmM7pLvsHt9Eyq92fWq.jpg
11238,http://image.tmdb.org/t/p/w500/kTH7qEyvdDYMoQraQZm3LFKCge3.jpg
21036,http://image.tmdb.org/t/p/w500/rdN1fZhb1mcfJScu9MXXQSuY4Iz.jpg
39103,http://image.tmdb.org/t/p/w500/k23L4i0JjwU8D5flnR5damgXFcS.jpg
464154,http://image.tmdb.org/t/p/w500/s0veqgth8KG1h0Dr5an3NQdkqJD.jpg
91815,http://image.tmdb.org/t/p/w500/oMKqAHgr4aC194UKlLt4N8nbwtM.jpg
24500,http://image.tmdb.org/t/p/w500/sRdN0f7LIOm2uCqWBrwKRYMK01O.jpg
54482,http://image.tmdb.org/t/p/w500/ffpYDYXvOy93MLkdIoOXDwRu1W5.jpg
515295,http://image.tmdb.org/t/p/w500/yUWhMaXRFTPxR0QClWEUxVeHrzj.jpg
51528,http://image.tmdb.org/t/p/w500/8bSGFPFlPEimKxZbZH2FX6U9Ewd.jpg
19953,http://image.tmdb.org/t/p/w500/j2xkRT5peEPQRocgtoUEpUtoin2.jpg
20343,http://image.tmdb.org/t/p/w500/1Mu98243emXAKy8iZfymUJDgTpS.jpg
218726,http://image.tmdb.org/t/p/w500/cOPhayPb0YzO8GfC4sNmntV9FWE.jpg
384345,http://image.tmdb.org/t/p/w500/yF6pCSsRKkN5RzeU01OzXOzTyVQ.jpg
19961,http://image.tmdb.org/t/p/w500/4YWTD0MZtf0RItKMQpgvuqHuFHq.jpg
19247,http://image.tmdb.org/t/p/w500/hmvKcJq7BKObGe0df8lpPHXQil6.jpg
260516,http://image.tmdb.org/t/p/w500/tZrbFDbjZ0oXy3RCyiYkNxQtwmB.jpg
42001,http://image.tmdb.org/t/p/w500/gWXeEzpOavcmv1Ca8sjqkorfuIO.jpg
30143,http://image.tmdb.org/t/p/w500/rgxMZcUW9HQOSFy6fzUWFA8BLo1.jpg
22520,http://image.tmdb.org/t/p/w500/1ib8yTKDDYIxj0X8ywGomFPLpJE.jpg
56828,http://image.tmdb.org/t/p/w500/oiul6dw0tOkPW6EMPsZyLnvTqzA.jpg
19386,http://image.tmdb.org/t/p/w500/ojQBGjDr8HDXp1etZTLKeUiYivl.jpg
13679,http://image.tmdb.org/t/p/w500/yPWBxCxwMbwdvwcXagHNOPWrCig.jpg
122583,http://image.tmdb.org/t/p/w500/9wUk85WRQrAxTOgxjdPwrmVQ2Se.jpg
37433,http://image.tmdb.org/t/p/w500/3tQqkfhE2v03OXK4ocxKQ4rnkaC.jpg
172329,http://image.tmdb.org/t/p/w500/29SOwiaxybMcSpY8N0rz7u5XGDf.jpg
1361,http://image.tmdb.org/t/p/w500/lTwUT4NsSyUQlHV20Mx3C96JHq4.jpg
23166,http://image.tmdb.org/t/p/w500/xbjuKoI5pNLpFAhtGSne9mgpW5k.jpg
212153,http://image.tmdb.org/t/p/w500/hM8CcSlEFjo3vAIFJY3LyuSloU5.jpg
25587,http://image.tmdb.org/t/p/w500/ztofs0LZY9Q6Ni3HEwibdZoewpd.jpg
279254,http://image.tmdb.org/t/p/w500/dNlPBbpsyZCHDbYa4VxZOCj3RiI.jpg
18269,http://image.tmdb.org/t/p/w500/nS3nhUZUSY8dWEsRmKILfiOC3F0.jpg
373879,http://image.tmdb.org/t/p/w500/gpHuW2shQwknL5ZaEk3LE8bX1tL.jpg
48624,http://image.tmdb.org/t/p/w500/5JzDyR3gEkOf1USGIeC8lSOlo3m.jpg
1030587,http://image.tmdb.org/t/p/w500/uux6M8z3hxLDkq8LXSzq8528mrq.jpg
846993,http://image.tmdb.org/t/p/w500/42bRH1aEUge6Iia7yS18XV3Wpjg.jpg
545742,http://image.tmdb.org/t/p/w500/whvgyEpPqvKXP0vZE4PMkoUmRqb.jpg
34929,http://image.tmdb.org/t/p/w500/6jc1LFe4tfqkdcldqymbjIDh7yg.jpg
88762,http://image.tmdb.org/t/p/w500/gouOiyae9Sv6e2nBcx9jpYWvS8G.jpg
39145,http://image.tmdb.org/t/p/w500/9BMFoAqU4DadJajmL3BX0CgJXfe.jpg
44734,http://image.tmdb.org/t/p/w500/aH7cEbHQTsosx6H5bgpueQHOB8I.jpg
83090,http://image.tmdb.org/t/p/w500/44Ni4sNvXkyRAh2ayuE07CV0lE5.jpg
631132,http://image.tmdb.org/t/p/w500/A7SH888eBwbJDU3m48Vk2FK6ahW.jpg
28550,http://image.tmdb.org/t/p/w500/lzDobxxKOw2XiHmNxhqnozHhoDb.jpg
127409,http://image.tmdb.org/t/p/w500/zc2dE51FEJ5owav8jwVdXlOBrGX.jpg
67572,http://image.tmdb.org/t/p/w500/veEJ9AjgdcuGT9Yylvw2xdcJlUa.jpg
575222,http://image.tmdb.org/t/p/w500/zAZ43208e643rB3pcx8jsLqc6B9.jpg
117352,http://image.tmdb.org/t/p/w500/zUoLr4wvk45t19HdrNWFGp0RtbG.jpg
89458,http://image.tmdb.org/t/p/w500/dFV1UkIxxD98iGp7eqyQGjMw3wX.jpg
31769,http://image.tmdb.org/t/p/w500/jiinIVM64yRulfzxzZAfZKV9LmY.jpg
268899,http://image.tmdb.org/t/p/w500/4euOQztpRoN4vJyH0wwjBCydecb.jpg
252520,http://image.tmdb.org/t/p/w500/emRrjff5IVnvwUD5fzr8vffDnJn.jpg
374853,http://image.tmdb.org/t/p/w500/rQDnIuWMYdZ2BXwaqy4Ird4w8Kw.jpg
212156,http://image.tmdb.org/t/p/w500/pGqY3fWs0f5Yg60hUzq1Qkv9Rf1.jpg
41017,http://image.tmdb.org/t/p/w500/31I321F0eePRVzsoMcbInmOgb22.jpg
24102,http://image.tmdb.org/t/p/w500/waUASz6cHXXDVIUomIIwqsGGjzM.jpg
17337,http://image.tmdb.org/t/p/w500/gULz0vkjx3VrN9aJGjQ7EduSNx8.jpg
25556,http://image.tmdb.org/t/p/w500/3QEVfflbBR20AuKp7FEnTeqiv78.jpg
350499,http://image.tmdb.org/t/p/w500/6kXRevMC1XSywmxqqRHuBcZlROT.jpg
9369,http://image.tmdb.org/t/p/w500/lKSunt7dnbITSopaEeeR7KfeSHb.jpg
39101,http://image.tmdb.org/t/p/w500/fDX4Dp8IKvjBAaEb5MOJrGkxWX0.jpg
169934,http://image.tmdb.org/t/p/w500/eHDez1uN5X2ZAq4niX7HvhyZIIO.jpg
1396965,http://image.tmdb.org/t/p/w500/1wl6eAHbIDSz61tGwYTOKlSRvZb.jpg
1231574,http://image.tmdb.org/t/p/w500/k69kkwsipkPn7Nzq488kHGQTPo.jpg
1128606,http://image.tmdb.org/t/p/w500/pjIrYzc31kHTySiovHAt0o3qDc2.jpg
1030588,http://image.tmdb.org/t/p/w500/rJSSc7vbLseCOjsgDnCKtVNs9Qe.jpg
284557,http://image.tmdb.org/t/p/w500/veLbJnhSAmTP3pLkCJFFJcWuv4Y.jpg
872976,http://image.tmdb.org/t/p/w500/adRK2KTle05DTKcrkaAMAJzrLzh.jpg
144904,http://image.tmdb.org/t/p/w500/fOVOQ8uMUc5K6WG1WA5cXxVVOxT.jpg
3126,http://image.tmdb.org/t/p/w500/hiXOFmWtxQ3LdrGgP2uOuR1DHBp.jpg
13700,http://image.tmdb.org/t/p/w500/9xIIo4FMquy5SRqn8hppyr2QadR.jpg
14787,http://image.tmdb.org/t/p/w500/fF6I48WGKktHfGYYSVKPTVildWE.jpg
662638,http://image.tmdb.org/t/p/w500/wowJzvF1KqEFSZoArkgngRy1r4L.jpg
27287,http://image.tmdb.org/t/p/w500/dumrBarjoCd7tSarOYSRLiPFcPC.jpg
277095,http://image.tmdb.org/t/p/w500/7gcV3PyrfEuOtBkkuUPJdIMS46V.jpg
83797,http://image.tmdb.org/t/p/w500/utEcqXg8f9edXJJls25trTgpSH.jpg
67713,http://image.tmdb.org/t/p/w500/Ae4r3014zCLSbaL9PiiFm9QGWXS.jpg
40372,http://image.tmdb.org/t/p/w500/1YBzcEuKxSiWoWvGw1RU8CyrW1m.jpg
61080,http://image.tmdb.org/t/p/w500/vPyRZYQWLqfQIiOzgvtxg6IEunS.jpg
32328,http://image.tmdb.org/t/p/w500/kSu1iF8idPcPobLFX7q7sFgZWUB.jpg
72214,http://image.tmdb.org/t/p/w500/ptCK2qAyGEmQBys3cImY6o6qAyp.jpg
52686,http://image.tmdb.org/t/p/w500/zFwoHHJgfJaNqao3L96vktnG7OJ.jpg
188403,http://image.tmdb.org/t/p/w500/yMrO4LcdoSI1PLd9oKLuY5W8cDG.jpg
30628,http://image.tmdb.org/t/p/w500/kdloDloT8L5UehG5kMpoSTjfmZl.jpg
461762,http://image.tmdb.org/t/p/w500/zstCDlJbuLfZYHNCYygI4syDwrd.jpg
495925,http://image.tmdb.org/t/p/w500/t1YkpYAxzD1lxNbjoZBpvYWkucO.jpg
24034,http://image.tmdb.org/t/p/w500/3IiwOT4QF4beOOdCLbJxdw7xzH1.jpg
49076,http://image.tmdb.org/t/p/w500/2g5o7gVeSn0HTtmZapL2pY1u1xR.jpg
372761,http://image.tmdb.org/t/p/w500/t9ikHZFR9MvFMG7N7MMgCS7jzl7.jpg
297189,http://image.tmdb.org/t/p/w500/9biKEq60rbPz30tI2p2he1xGdIh.jpg
39206,http://image.tmdb.org/t/p/w500/3qiBRbIsfpw6O32TfD1FZ81MiKw.jpg
17566,http://image.tmdb.org/t/p/w500/a6Nf0izdEXKvVi8T8vinuqmfMpD.jpg
36868,http://image.tmdb.org/t/p/w500/9NJTAlOapW5jNVkt0ZZrTelfuiB.jpg
34297,http://image.tmdb.org/t/p/w500/Am3rBqYfNmeLqv3JULfUjxXQgNS.jpg
51482,http://image.tmdb.org/t/p/w500/qDhbGqjZ7yFwa7FMIzuiQTQMfEQ.jpg
44731,http://image.tmdb.org/t/p/w500/rGgZ3nIJt1anC1hOT4Do5mCOqAJ.jpg
11243,http://image.tmdb.org/t/p/w500/hInHHG8oiKLLXPtO87aUZ9txX4q.jpg
97187,http://image.tmdb.org/t/p/w500/2mNmqEDz1mm93C8XjhqyzmuiNP2.jpg
537921,http://image.tmdb.org/t/p/w500/udtlwWSJ45S0uQm29BvFvjPJGW0.jpg
1015724,http://image.tmdb.org/t/p/w500/wZccw4Hj9ZF1yimnfPsX9rl3HvB.jpg
843241,http://image.tmdb.org/t/p/w500/k0ThmZQl5nHe4JefC2bXjqtgYp0.jpg
791343,http://image.tmdb.org/t/p/w500/lDebLQqHbrxN6S6wAchaH0GabZT.jpg
71129,http://image.tmdb.org/t/p/w500/3JujDGA5QIwcQ8vMHtt7mxBsl5o.jpg
101806,http://image.tmdb.org/t/p/w500/eKCGY7sRouxLrDhwdA5jcp026YA.jpg
628964,http://image.tmdb.org/t/p/w500/zbajcTeE9NIOS5IzHqGDj0ZmW8b.jpg
215180,http://image.tmdb.org/t/p/w500/uQRqA01wCnJGpxYu2KpZQ2W0osj.jpg
31352,http://image.tmdb.org/t/p/w500/aBPaU4bnqrnKrKe0gi6nC9qvlLj.jpg
379686,http://image.tmdb.org/t/p/w500/5bFK5d3mVTAvBCXi5NPWH0tYjKl.jpg
53478,http://image.tmdb.org/t/p/w500/bJDoOifXE4TTpXxz2H6oibMJT9Z.jpg
477777,http://image.tmdb.org/t/p/w500/wENcjUrDmCj6gyhSSdA39U8RbIQ.jpg
428288,http://image.tmdb.org/t/p/w500/9d27l5z9B2zyqoEtKkieBcbclMG.jpg
618851,http://image.tmdb.org/t/p/w500/dJaGPwYJh3c6EXNX8JlHBYQH0Ij.jpg
197725,http://image.tmdb.org/t/p/w500/piq4SfzUDGPCi4viD0lcbtPgulS.jpg
37024,http://image.tmdb.org/t/p/w500/2dB9Cx6dXIwr7Hx1jhnADOzwrLC.jpg
37021,http://image.tmdb.org/t/p/w500/jG1fVO88kaitXP4thiQcEZebL7t.jpg
347186,http://image.tmdb.org/t/p/w500/kilrCmrOOQqM4RFLnuOAlgUfRZC.jpg
40123,http://image.tmdb.org/t/p/w500/e0jqLkjEOtfRhugXs84tfZtT9i8.jpg
461758,http://image.tmdb.org/t/p/w500/mrRMYAzYfRZCeFJl92b4ZCCkRUU.jpg
567006,http://image.tmdb.org/t/p/w500/1O5jE1w2wYkFInDHnWYa91TemOO.jpg
33322,http://image.tmdb.org/t/p/w500/7sUCRdjGe7VggDCGIHywfguYdAK.jpg
39228,http://image.tmdb.org/t/p/w500/kzyMAqagPK6wuvDzA5FeJU6n71Y.jpg
30575,http://image.tmdb.org/t/p/w500/8HLrjXHz5LhmIMiahoC3S55bSim.jpg
19594,http://image.tmdb.org/t/p/w500/r243zEE7lTd8E6WwbtEGgu5dOs.jpg
261339,http://image.tmdb.org/t/p/w500/x3XpdngNOIHSdGEwqav6PLyWjMz.jpg
357400,http://image.tmdb.org/t/p/w500/hUB2K3u82VAOGyLTZjhh7XIRQZN.jpg
75571,http://image.tmdb.org/t/p/w500/rY7XzmfQgwMYJXAZSIChU5FLP7y.jpg
26730,http://image.tmdb.org/t/p/w500/wDXqtMTh88qCY0afA6JSXTxYHn3.jpg
431819,http://image.tmdb.org/t/p/w500/ifm8CdFjYMfEq0bLT7XwJxjZmjO.jpg
23127,http://image.tmdb.org/t/p/w500/obOr6ir0UlLGqln6HVMa2My9ENs.jpg
351065,http://image.tmdb.org/t/p/w500/gbyJSsrJyIOyr9o12B5A2Zsix4T.jpg
12600,http://image.tmdb.org/t/p/w500/thz83PS9twtVBEEAM59J1bh75nU.jpg
15139,http://image.tmdb.org/t/p/w500/iIWUuCjN8VND7BDugvf45LveA6p.jpg
37933,http://image.tmdb.org/t/p/w500/y0VnJt4eRPMjA1hpJ8f1EFoVaSf.jpg
1397163,http://image.tmdb.org/t/p/w500/9FO1K6oKygac3j7LXLrIcG2Sz71.jpg
1359607,http://image.tmdb.org/t/p/w500/kN0V877loq6kkDybVbi3KcrjwgE.jpg
1263421,http://image.tmdb.org/t/p/w500/etbHJxil0wHvYOCmibzFLsMcl2C.jpg
1209290,http://image.tmdb.org/t/p/w500/a3q8NkM8uTh9E23VsbUOdDSbBeN.jpg
998731,http://image.tmdb.org/t/p/w500/xjZjNaUVF9mX7ekOL3lvBUi72eQ.jpg
428142,http://image.tmdb.org/t/p/w500/3u9kOT50sUxGGfzcVjljlQXbt4p.jpg
278901,http://image.tmdb.org/t/p/w500/kHC5hCLZGRUarYmAiCOqcLGWHPd.jpg
99678,http://image.tmdb.org/t/p/w500/3eyDin3a7AZjZBPfGLZN7CfZmqr.jpg
39896,http://image.tmdb.org/t/p/w500/xunQBzrIJkoxToACUVpPo0Neqzc.jpg
128679,http://image.tmdb.org/t/p/w500/nTufcjJmLZa22XVrjDLMDELH2Uc.jpg
116315,http://image.tmdb.org/t/p/w500/98ZSnYpfltah6YuJTkiwHV0O739.jpg
116351,http://image.tmdb.org/t/p/w500/54WVRe5mKwpu9kNOylfPFbQ9L0x.jpg
45665,http://image.tmdb.org/t/p/w500/aThtlWk7kyvjNQ2H4GX5ixKVzlb.jpg
73714,http://image.tmdb.org/t/p/w500/axVkLAB0aR51oq6BPZ92GZdMJMf.jpg
305143,http://image.tmdb.org/t/p/w500/esfaXxlsOfUwWknzvUq9n0M0fiS.jpg
100311,http://image.tmdb.org/t/p/w500/huTuE2hiNkHwDuDYXrRcJkZJduX.jpg
52955,http://image.tmdb.org/t/p/w500/5AHXzz4NB4yrirsB5uneDurq0xv.jpg
134758,http://image.tmdb.org/t/p/w500/5qIiuAGd5hj0i4uZk4UvzYWwQtH.jpg
117084,http://image.tmdb.org/t/p/w500/vYG4cpmMktwob8cNwGYpXmwYPP6.jpg
43580,http://image.tmdb.org/t/p/w500/lDbWgGUs1loHxi0joaqjI82C7xz.jpg
165095,http://image.tmdb.org/t/p/w500/tr28r8BddkRBTcLXAg2tcXhn3XA.jpg
98613,http://image.tmdb.org/t/p/w500/kdBLKFviJckRXOCgPqkTQK16Rq0.jpg
106164,http://image.tmdb.org/t/p/w500/moqO24uCB0k6q4qPyAwb7O0xeWM.jpg
86184,http://image.tmdb.org/t/p/w500/lvi0MjGJvWPAAqQaxCwwMsLqBG8.jpg
38563,http://image.tmdb.org/t/p/w500/fhyLXBFBEXKoidJvSYcajGfWBG1.jpg
387470,http://image.tmdb.org/t/p/w500/hgnnUSkKuEpXfs0IpTu5uCsdcKx.jpg
59803,http://image.tmdb.org/t/p/w500/umKOlYg5Ramxhu74XSn0Zg0FsLM.jpg
55374,http://image.tmdb.org/t/p/w500/bZyuxz1dosJpmdmHhs9KdTEzrQx.jpg
357416,http://image.tmdb.org/t/p/w500/jxAiYwh0HYCQuu5NwE0auKbfPRB.jpg
332169,http://image.tmdb.org/t/p/w500/w0Jw7w0D0BXqRcNbAJNMyLQmYsr.jpg
20523,http://image.tmdb.org/t/p/w500/AaGG41JN1mfQXUXFPxDINFDIJQ9.jpg
91088,http://image.tmdb.org/t/p/w500/o93tMT3eyeOXBZ8F8TiGQWUq3Ta.jpg
17433,http://image.tmdb.org/t/p/w500/k1mZ0gMgSsbdI15tRlFtLYnvXIA.jpg
28460,http://image.tmdb.org/t/p/w500/11GoqlOv0AqNZ4V9w3oUhBMg86r.jpg
39977,http://image.tmdb.org/t/p/w500/14iwocaqk0oL4Ec63OpSZuKBASy.jpg
46304,http://image.tmdb.org/t/p/w500/it7MNgChJr70YGXwHm11BRT7igZ.jpg
17710,http://image.tmdb.org/t/p/w500/etxcq4qiFNi5p0q71APw8MNzPPT.jpg
20694,http://image.tmdb.org/t/p/w500/hpVpXRNY2IsU0xvfXtYOxu0QDwc.jpg
18890,http://image.tmdb.org/t/p/w500/iyFmhYlioe3PDZjSKWtcIhu5R02.jpg
1372489,http://image.tmdb.org/t/p/w500/tf7NQJ4zL8iCN1aPi8Q5HHyeWSO.jpg
1106904,http://image.tmdb.org/t/p/w500/irzCGOpy1iohurWfPKk2tTkfPG2.jpg
139753,http://image.tmdb.org/t/p/w500/jISoOpXnsA46uX9Bfd6qJQhYMpA.jpg
795564,http://image.tmdb.org/t/p/w500/onjXddYzreFnVHUGiAoCFNJtequ.jpg
106583,http://image.tmdb.org/t/p/w500/1FPibtTI3OpFVwQxnKvvubgh608.jpg
47466,http://image.tmdb.org/t/p/w500/v6JKhmA8Jbf6ka4UUzNUlb5jVsZ.jpg
36881,http://image.tmdb.org/t/p/w500/vt5shhypt7fGzm1GslyUhCXN5dH.jpg
33444,http://image.tmdb.org/t/p/w500/noNjbvd1Uy7QzDZZ4eV25IIPayd.jpg
587873,http://image.tmdb.org/t/p/w500/wupjbTnf0G0GWeK9fKNhqBbDayc.jpg
47217,http://image.tmdb.org/t/p/w500/jEtZqTXZ8pGlue6KDw8Mnczcza0.jpg
20683,http://image.tmdb.org/t/p/w500/2wpe6Rjrj2cl7FcUktAh0Dk2xnk.jpg
382190,http://image.tmdb.org/t/p/w500/4hdbuM6qBrHH0hX4sD8pNsXmalm.jpg
608826,http://image.tmdb.org/t/p/w500/jJKmT4ltysVdapJaNTexpcby96n.jpg
33600,http://image.tmdb.org/t/p/w500/v6skZApYBhhLRfYlX4YfMJog4oa.jpg
36751,http://image.tmdb.org/t/p/w500/abx7BQF3O23LJGTDTmQQ0CTwc8c.jpg
128883,http://image.tmdb.org/t/p/w500/vjWBUrPshZiBHAEXR9mlMlVlbOZ.jpg
128868,http://image.tmdb.org/t/p/w500/9GzmjFn1iosYdKn7DPnClK8ezrE.jpg
357405,http://image.tmdb.org/t/p/w500/jGa3LLsUzj9gooXstNyTIqazOWS.jpg
31933,http://image.tmdb.org/t/p/w500/7WKZksck9oLWBQnSZYdmrhaY3At.jpg
185526,http://image.tmdb.org/t/p/w500/6fytnsNxIF4kBdRbzHQzMNLaAnT.jpg
54648,http://image.tmdb.org/t/p/w500/aWi36nNbyMw51yGN0tTSOrOLu6L.jpg
54113,http://image.tmdb.org/t/p/w500/baMeQSxukVdPVQUSGhtKe6fA4aR.jpg
150213,http://image.tmdb.org/t/p/w500/7gQEAR8aaCQRtJi7wq26ST5hukn.jpg
242546,http://image.tmdb.org/t/p/w500/dfg7dqm0YX16D6QYDKDdh3Qi930.jpg
17009,http://image.tmdb.org/t/p/w500/u7MciwvfyYrvZEua22wz48Puu7O.jpg
23903,http://image.tmdb.org/t/p/w500/1jkSEqOvp3CnA3UzWrT56cu7yLR.jpg
13313,http://image.tmdb.org/t/p/w500/l1Tb0fvnj9wnCgm5qnTRoO6OxDT.jpg
15969,http://image.tmdb.org/t/p/w500/7SC793qtORB6YL4mu0F5o3hfjDQ.jpg
589026,http://image.tmdb.org/t/p/w500/zi0ywrS2804eP3RD3sow0KN7xIp.jpg
1322218,http://image.tmdb.org/t/p/w500/tPExtAM958Gx07itJ7nWqSddBQ9.jpg
85051,http://image.tmdb.org/t/p/w500/k6D27wXkz0hufbi9EtEqRXFXbcm.jpg
19042,http://image.tmdb.org/t/p/w500/kNmIJILOW9qF2F1Z0qOXkadaS50.jpg
410113,http://image.tmdb.org/t/p/w500/7dM5DILTl9ddpjvnJhs2nA1U9Ru.jpg
59717,http://image.tmdb.org/t/p/w500/4OcNyx3gxR52IMpSVY2entIok8H.jpg
8965,http://image.tmdb.org/t/p/w500/hyAbWGld5WLdrmUB9OHyewcJQGL.jpg
10898,http://image.tmdb.org/t/p/w500/k3UHxvYv8ZgWLL0lM45f979OSo7.jpg
33376,http://image.tmdb.org/t/p/w500/oLoIdgQhAuPnHM8AqPecY8cjWWg.jpg
24926,http://image.tmdb.org/t/p/w500/tvfogh10Seq7o7R9w0P6JjjeCYF.jpg
471495,http://image.tmdb.org/t/p/w500/8nSucrEs2xZU1bXxhtMfh4imYOE.jpg
47166,http://image.tmdb.org/t/p/w500/b39Ydh8pmHjRyUUURLoVOdNxz5m.jpg
477779,http://image.tmdb.org/t/p/w500/qGoOP4VWAMQifbCRJkDPVSAkSi2.jpg
493006,http://image.tmdb.org/t/p/w500/w4nyOBnP7q0qlVfHAn0j49rs76d.jpg
28697,http://image.tmdb.org/t/p/w500/9s3eqjjRyAK8E9jyPTm14BiZfae.jpg
105444,http://image.tmdb.org/t/p/w500/4gGIYi40x3G6UPm1IMGqdseK0Ro.jpg
95935,http://image.tmdb.org/t/p/w500/6F5mriTD7HrVSJf7o0BrAedw5LX.jpg
128871,http://image.tmdb.org/t/p/w500/pRUkRelMJSvbNxIin1ZlKIr7zaI.jpg
350650,http://image.tmdb.org/t/p/w500/pYVJgcuCU9swa7GEujygsRdkSQd.jpg
109526,http://image.tmdb.org/t/p/w500/fqtuRbxbF17ufRziuXSXU87QhE5.jpg
329365,http://image.tmdb.org/t/p/w500/uQHoo8BRnu7NfznlI83zkSHLVdY.jpg
77859,http://image.tmdb.org/t/p/w500/28gMUOzWtWSR4N9nE4AMTO9OzUt.jpg
53064,http://image.tmdb.org/t/p/w500/iv3TU7RAuWnMwhsYd7eaAIJ3NuO.jpg
44587,http://image.tmdb.org/t/p/w500/irv0rrd34VGdxHRjI3AiJiXnAdo.jpg
47747,http://image.tmdb.org/t/p/w500/30nQDfkjf3afbYehVIQuKDS1LT5.jpg
9497,http://image.tmdb.org/t/p/w500/b5OxVpDzm7eVXgm1TUyDM4Lrqeg.jpg
16402,http://image.tmdb.org/t/p/w500/zgitZmF0cejES0dyuS7ZGvJ8NEQ.jpg
311056,http://image.tmdb.org/t/p/w500/zO300yKOvqXnJD7973mJxaS6R65.jpg
31726,http://image.tmdb.org/t/p/w500/6yLVjYyIKzAC8TAparmjDWzWc2V.jpg
24556,http://image.tmdb.org/t/p/w500/zREv4ST6lZUcxWIy2LPJKB011Gj.jpg
303903,http://image.tmdb.org/t/p/w500/rA0KbJZbBt2fMmZs8bwPZnzFfDc.jpg
20235,http://image.tmdb.org/t/p/w500/md6BrF3we17ZnPibam9jZDCl5iN.jpg
55215,http://image.tmdb.org/t/p/w500/2WBywtTKlrvV59aUybElvaypZJF.jpg
22582,http://image.tmdb.org/t/p/w500/k68ZB5trRKcEJSQdPiY6jtxVq14.jpg
15657,http://image.tmdb.org/t/p/w500/8eMVKw09M3LPi2QfKi69sxWMX4S.jpg
86791,http://image.tmdb.org/t/p/w500/ljo1Nku8OkzYiERNawAq7KHjsWO.jpg
441291,http://image.tmdb.org/t/p/w500/pEzvGsy7oHfJ7ZojSSqBCRUNQEi.jpg
56191,http://image.tmdb.org/t/p/w500/oBjL7HSEOFSY2aaKlDXMr1c9iUd.jpg
1233361,http://image.tmdb.org/t/p/w500/wM3enj6TmmxmxGpsfARMyUnbpdb.jpg
1223178,http://image.tmdb.org/t/p/w500/o4SM2hP63vMaPuAox6UuwVybHo4.jpg
1117609,http://image.tmdb.org/t/p/w500/2cjjcsljYjqk5W4V7qpiQ0dmsxe.jpg
1030419,http://image.tmdb.org/t/p/w500/brrgSFtcymZWaXl5a23GJRWdOSY.jpg
881211,http://image.tmdb.org/t/p/w500/p0ONYt2cw0vPEnZIoOHq1Ki7Ifm.jpg
32535,http://image.tmdb.org/t/p/w500/h9b93EGicJImI324TOtO0V0mKgT.jpg
32533,http://image.tmdb.org/t/p/w500/A9V9IYinYRoBQ0hB9aV7A9ZkpIs.jpg
36072,http://image.tmdb.org/t/p/w500/dBy8mvgjcuTiAri2FNcvNe4I5V7.jpg
165718,http://image.tmdb.org/t/p/w500/ewXQsNeSE2BdM274LifeckTDvTQ.jpg
221300,http://image.tmdb.org/t/p/w500/l0iTe7ywV42dTirHUM4qY9Q8qAG.jpg
64789,http://image.tmdb.org/t/p/w500/oBWtnb9kmROgziBXOh4P3IMXHKz.jpg
39106,http://image.tmdb.org/t/p/w500/A0VKJ6eRIubW6wH4eAwcpQfjoRD.jpg
67166,http://image.tmdb.org/t/p/w500/cEB4K6YavRvrfiAp83cJCgg91Df.jpg
79443,http://image.tmdb.org/t/p/w500/1gjT65lS29BbclJlmGvtwnT7hya.jpg
58159,http://image.tmdb.org/t/p/w500/luNLDY3zc76PWVkKlOpSSlPAnYH.jpg
426242,http://image.tmdb.org/t/p/w500/ueIfY5LqYNBG1WVnkrZTdJq3TWc.jpg
66834,http://image.tmdb.org/t/p/w500/pbrEbCbr3BD4umm5aytMCVL17Md.jpg
161715,http://image.tmdb.org/t/p/w500/oCQtdezF7Ap5wm8ICiB3Pzx6wM4.jpg
161822,http://image.tmdb.org/t/p/w500/x0v7xiBYCl1oaujtpkbF6YtglUw.jpg
14088,http://image.tmdb.org/t/p/w500/kho0D6jPrVIBfyuNoBzO5roWwL0.jpg
80607,http://image.tmdb.org/t/p/w500/rYhasRbxKl8tregggAstihE1DwK.jpg
25400,http://image.tmdb.org/t/p/w500/rB0nNtMedX30xiymlGxArmh2BQL.jpg
239529,http://image.tmdb.org/t/p/w500/hyLW346kEV7E8GgibUGeG7pNSFO.jpg
212161,http://image.tmdb.org/t/p/w500/oyklF3LHto3jdwrVmQaze5Q3EDM.jpg
50253,http://image.tmdb.org/t/p/w500/w1id1iEKogRjmMffAM01ZcWwBLR.jpg
36972,http://image.tmdb.org/t/p/w500/t0DDWZVOyRjrpotc2qOvcFsRryp.jpg
196761,http://image.tmdb.org/t/p/w500/xSiBXQGAXfEYjaxUySI53AAFH3.jpg
7092,http://image.tmdb.org/t/p/w500/2MFdzeCL2YTqbbBgiZT8e51MUGO.jpg
73529,http://image.tmdb.org/t/p/w500/xdeuUQGv0nZMnztMUjzrxlG0nnN.jpg
9948,http://image.tmdb.org/t/p/w500/o3b8nenAzu5OJk7sbPJURwmeHSV.jpg
536552,http://image.tmdb.org/t/p/w500/9HJZSOj8QicbDU2wW7NH34x6L8F.jpg
1316745,http://image.tmdb.org/t/p/w500/lRkotrMJJNyOXBZE4i4s8vfXPTh.jpg
37928,http://image.tmdb.org/t/p/w500/k1IeVdhsM3vnXjEfZr0kdilnttY.jpg
14173,http://image.tmdb.org/t/p/w500/p0VozdkEdVLyhH4PZTaZCjfOcvf.jpg
44840,http://image.tmdb.org/t/p/w500/oULFXcDjQDLGVsRkbNoCDZ8MVN0.jpg
40375,http://image.tmdb.org/t/p/w500/4XLs5aTKxRjbD7kcUjN3doErNm4.jpg
214676,http://image.tmdb.org/t/p/w500/fZF5MFxbieqLvPhkBCnKvbtcz4U.jpg
163786,http://image.tmdb.org/t/p/w500/iPN3Vy71U0B7p1R667EdifmwW1b.jpg
134162,http://image.tmdb.org/t/p/w500/4rLQFXpnE4m87NS31CKwjRspGrd.jpg
477447,http://image.tmdb.org/t/p/w500/bZ8BUFxoD1FdthWap01Vl1uxBWb.jpg
431808,http://image.tmdb.org/t/p/w500/61gRLHlmI0pRXc7rfIo6BWiI5DJ.jpg
98299,http://image.tmdb.org/t/p/w500/bKpLjT2AUqQvOTAcYpslmRYCyVw.jpg
333623,http://image.tmdb.org/t/p/w500/niZYdH5EVKlA6ww3BEGVR8aWwEO.jpg
20378,http://image.tmdb.org/t/p/w500/zCJEMzVnxQC6fdxY9W3eDf3EFfl.jpg
347200,http://image.tmdb.org/t/p/w500/n7ajLedWF7AFMwkUVXhowNZG3cA.jpg
372752,http://image.tmdb.org/t/p/w500/bHWbJxybcWXgtGL5K4HKEelrXW0.jpg
48874,http://image.tmdb.org/t/p/w500/e0KbZdRvxuki9nrXqRtpkgcj3Vt.jpg
1216512,http://image.tmdb.org/t/p/w500/1ZHetsKD44xB63ZjTjqryC0CtoL.jpg
1209288,http://image.tmdb.org/t/p/w500/g8ak4QAGLZpqMs3CpnFHWWfIzJQ.jpg
1096648,http://image.tmdb.org/t/p/w500/bygotyRYDdheieVvPSCW5scTJKf.jpg
968868,http://image.tmdb.org/t/p/w500/8CZm6hQe9kdTaUaFqB3w2GjjwZ0.jpg
874743,http://image.tmdb.org/t/p/w500/yl4WOrXTVFihtd6wcxpwkKD7xoP.jpg
201300,http://image.tmdb.org/t/p/w500/abxsFf8UiQx8NN7R5JbIl4gva84.jpg
782054,http://image.tmdb.org/t/p/w500/u5sFU0Uw3qtFOeWNvnhLAt9JzbA.jpg
67790,http://image.tmdb.org/t/p/w500/bz6ARhFsKEpNSA0dBvegSvgN1jM.jpg
742872,http://image.tmdb.org/t/p/w500/5pumyKicAZvivWihNcWDX8IBj4f.jpg
34935,http://image.tmdb.org/t/p/w500/YR0MeIbbinhc0qLr2vg3Zmqbw6.jpg
62182,http://image.tmdb.org/t/p/w500/jFqY8LaZLrn0uCiOuqZ2ebiSRkn.jpg
100247,http://image.tmdb.org/t/p/w500/5fscB6epsfOSvrtW1nSDkX71Pt0.jpg
371236,http://image.tmdb.org/t/p/w500/rdIhlmuqFZ8gQtBbGQcCkLJ7jmB.jpg
719088,http://image.tmdb.org/t/p/w500/oPiCFGiDqcAPUYoX96hwitcUScI.jpg
254273,http://image.tmdb.org/t/p/w500/ypSnBDA75IJyf8DPVqnNYd7qJqY.jpg
31732,http://image.tmdb.org/t/p/w500/vxo7gZX6SIVQxkfGsISjurwkqyc.jpg
423336,http://image.tmdb.org/t/p/w500/nOEdNxSqrWMiYLFJEM6poBu3bSH.jpg
41313,http://image.tmdb.org/t/p/w500/4pheWWXiVMQ4zK6O9mm4YnSwZ6S.jpg
494471,http://image.tmdb.org/t/p/w500/bzcITTrfYUXbd2RiHWkXyZruawo.jpg
192904,http://image.tmdb.org/t/p/w500/gBYEK5Kv8uVZGoTbBcovIcWjKNI.jpg
160642,http://image.tmdb.org/t/p/w500/mUJGtID4UyO6nLE0Ztqq48y4Hdw.jpg
103124,http://image.tmdb.org/t/p/w500/beZGic7PCVEUW06Y9cOmhiQZZRj.jpg
378240,http://image.tmdb.org/t/p/w500/rJ3nnWgNiBhuYNWZlYBISwcLgdw.jpg
28969,http://image.tmdb.org/t/p/w500/zhZUYlLE9HWaMNk8YVxE7U0QPCh.jpg
42070,http://image.tmdb.org/t/p/w500/tKy8pmvIw986oSvij2HYYode521.jpg
13798,http://image.tmdb.org/t/p/w500/f9nxy65nhTVAbx7GkK2K62M9bKJ.jpg
366978,http://image.tmdb.org/t/p/w500/lk2SDlixFUpiCtiKxSlHU4HrNmC.jpg
89623,http://image.tmdb.org/t/p/w500/8EC4MNOe8TTx4JS8MncXPTj0eWC.jpg
214553,http://image.tmdb.org/t/p/w500/7GXDfLX2FRgPwn9L7CCFcWVe6YP.jpg
13351,http://image.tmdb.org/t/p/w500/lCQ4e2iogfvLqWsfYLQedcOUgeh.jpg
93013,http://image.tmdb.org/t/p/w500/vCA0vHemFhbNqAqlTQvoPoiRR2B.jpg
37048,http://image.tmdb.org/t/p/w500/pGfKtbinKYzsfwVVTF628nQtVL8.jpg
342588,http://image.tmdb.org/t/p/w500/gtfQzn3lRnJ2P3CcE8yxOtXPHTC.jpg
55892,http://image.tmdb.org/t/p/w500/f8VfbivexOy6ZUZTrqZsHz2vRPU.jpg
1484453,http://image.tmdb.org/t/p/w500/kK1ugxST3tCJZjZEO37sLb4Yot5.jpg
1400794,http://image.tmdb.org/t/p/w500/m4QlGRQ8dSXIEPTYvKB54YvMGyE.jpg
1201387,http://image.tmdb.org/t/p/w500/92GJibXdvwF4o2s0XnLNDF6x6ro.jpg
829920,http://image.tmdb.org/t/p/w500/rTpw3z1OJkRfCWlIDvS28TCcoXy.jpg
145931,http://image.tmdb.org/t/p/w500/4fVcAw27D1ALr3zBIkQTnJH949H.jpg
88013,http://image.tmdb.org/t/p/w500/4zucpoTtsGv7jsadNHe6g9hDc32.jpg
145961,http://image.tmdb.org/t/p/w500/mb7S7awIFe5iQ5zJNpFFkbFU2v7.jpg
109323,http://image.tmdb.org/t/p/w500/awWED45W3qgayjXUkeUCc1whlgx.jpg
193691,http://image.tmdb.org/t/p/w500/4O8UpGOtl7Gz0Q62033UtZSB6e7.jpg
375079,http://image.tmdb.org/t/p/w500/cLQKaxGQkgG8G9F9o4DGX9Z0zuf.jpg
631193,http://image.tmdb.org/t/p/w500/vCwdfFhggvwgGnev5KjYZ3hOGrw.jpg
100395,http://image.tmdb.org/t/p/w500/mqE7qxG7N4mLf2WzTQVMKW8lrnw.jpg
40482,http://image.tmdb.org/t/p/w500/k6LxfrW4qTPJm8P89bAPhzShO6.jpg
105325,http://image.tmdb.org/t/p/w500/eHU8HfMozjS6bC8APU4Ik3l3zXs.jpg
28360,http://image.tmdb.org/t/p/w500/kTH9WxOPKAjUHNFQHsOyAeY9AVb.jpg
81424,http://image.tmdb.org/t/p/w500/tpBFBSHMU7xLsUUuQzO2Q1IGNTB.jpg
433281,http://image.tmdb.org/t/p/w500/xD8TeJsXCavZq2NxS5MrUJ3t4ed.jpg
160446,http://image.tmdb.org/t/p/w500/1o0VFMuFrcczh3vNPWOGzEPjMjK.jpg
461083,http://image.tmdb.org/t/p/w500/suy8nFraq8vASRKz6GcL6p9FEvN.jpg
608085,http://image.tmdb.org/t/p/w500/1t4u5I9W5rJkxfvh1u32CrxsMjb.jpg
109301,http://image.tmdb.org/t/p/w500/n7T0qb6BBpcOtg4MOuuaUrUisFP.jpg
153599,http://image.tmdb.org/t/p/w500/ytz98kFn7CMozOgl6fnuIAQ4dcK.jpg
66045,http://image.tmdb.org/t/p/w500/osln12VHCtGEhiib7FHnTBZr9FJ.jpg
77248,http://image.tmdb.org/t/p/w500/uGZbRSafiU6A2Ek5idLWS7yGR4U.jpg
129465,http://image.tmdb.org/t/p/w500/wzakuhm5mMxZXt6oP6CbkJuA7rV.jpg
419094,http://image.tmdb.org/t/p/w500/s6jYHlRCVMyLhceipAD6oHokish.jpg
59593,http://image.tmdb.org/t/p/w500/hPuRx5wxlWixvAxy55EhDbmJGTs.jpg
38567,http://image.tmdb.org/t/p/w500/pzIc4K5QS9F7PAjujmDjSokCS4y.jpg
404114,http://image.tmdb.org/t/p/w500/9lkEs98koT3et0Csyb996apllOm.jpg
28302,http://image.tmdb.org/t/p/w500/wgz5mA3FCjWZUAxNuUI0UR69CqG.jpg
115223,http://image.tmdb.org/t/p/w500/SuIAXmxlbImWHobCkCWCHAeg03.jpg
171823,http://image.tmdb.org/t/p/w500/sUlxd7SRFr6ou8d5MfL0sj7XpSv.jpg
227679,http://image.tmdb.org/t/p/w500/l921PT8ZDeAD4YWDaB5Uke89r9b.jpg
14128,http://image.tmdb.org/t/p/w500/kEDbtKhZsqPo7ypCzoz3fkq73Pc.jpg
1419053,http://image.tmdb.org/t/p/w500/m723xGi6lyklfsTPdtgEtYJSKcw.jpg
968870,http://image.tmdb.org/t/p/w500/sHmtdPMhnVtZWHro6f8CuDQuusz.jpg
874745,http://image.tmdb.org/t/p/w500/gt7kD8MjObtgQYH130pZiLTN0qx.jpg
645440,http://image.tmdb.org/t/p/w500/fQS5v2gglHPfx4BLjPhkuBqSntm.jpg
68449,http://image.tmdb.org/t/p/w500/p2vheIGpvG4qvUfXmKvJGy70FLp.jpg
46033,http://image.tmdb.org/t/p/w500/fPYveL8hkrymMzrUgTt9uIm652Q.jpg
76346,http://image.tmdb.org/t/p/w500/za3XO3Na1vSBUWBImQB2VaE4c2a.jpg
587317,http://image.tmdb.org/t/p/w500/6dXPo495OANEEtzCk9u4wJVpfqw.jpg
199414,http://image.tmdb.org/t/p/w500/Npfi9pqT3dKs24zdv6zVLUMdYy.jpg
59178,http://image.tmdb.org/t/p/w500/oDXSed3TihGrQsNUbns5oIE8Urj.jpg
475935,http://image.tmdb.org/t/p/w500/icCuP3YTNYjJT9eeqBvAHSJmnXm.jpg
477776,http://image.tmdb.org/t/p/w500/lRfTNdwfcXnECZXeZswMOSV3q36.jpg
455411,http://image.tmdb.org/t/p/w500/pzWt8ECED9kGm4LSXLSkPGBWpjE.jpg
88625,http://image.tmdb.org/t/p/w500/rh8di1cyuYHZz37W5iZR00Eg47I.jpg
161704,http://image.tmdb.org/t/p/w500/n4IPqrfXEEtMC8hzV5PaCElkdNP.jpg
31309,http://image.tmdb.org/t/p/w500/bn31RqXDmU12Gh0EwJrRkgs1GfI.jpg
27300,http://image.tmdb.org/t/p/w500/kWQdTdUr2KCJ51yrvJI0DTPMDnJ.jpg
70927,http://image.tmdb.org/t/p/w500/h1rzXMf9YsbAbA7nzOdIWxdbcK5.jpg
293271,http://image.tmdb.org/t/p/w500/qwPeBYrEuLuNrYSZvp7vIpeBKEs.jpg
19975,http://image.tmdb.org/t/p/w500/2UlmVQZeReyOwvbMIwtXIqoyKQl.jpg
368708,http://image.tmdb.org/t/p/w500/aBHEHrZ96SoR2N5bQCu5Y4ICuJR.jpg
212970,http://image.tmdb.org/t/p/w500/49F5o4k76E6XvJggrt2igxthuqg.jpg
64809,http://image.tmdb.org/t/p/w500/9E1muIHzVoml9wwuVc6KJmO7MSw.jpg
540141,http://image.tmdb.org/t/p/w500/7urbWvWNsWuBAxJ34sccIevPP2E.jpg
422347,http://image.tmdb.org/t/p/w500/rbTOYEesS4pLLMUuja5V8cAzTrx.jpg
61591,http://image.tmdb.org/t/p/w500/kZSzBnXU4Wk7HA5JSCrlnBK1pwp.jpg
372751,http://image.tmdb.org/t/p/w500/4jb6fwNcvnF6tKF9L9leC6bdiS.jpg
347187,http://image.tmdb.org/t/p/w500/4eNsnGy5zwzn0ro4BOv5rHfwhAV.jpg
119685,http://image.tmdb.org/t/p/w500/flfp6eKmSdwCcJEP9mlhh9UMmGi.jpg
11052,http://image.tmdb.org/t/p/w500/3VD5QDTu0rQgRvERBMXtAvg0oIC.jpg
16225,http://image.tmdb.org/t/p/w500/dCggUkmi3Fyc1HrSnyaSxKPrG4n.jpg
13683,http://image.tmdb.org/t/p/w500/esRxshmD2BY1UPkiUHt7Gn2mksl.jpg
13761,http://image.tmdb.org/t/p/w500/gAnmNjw1TCTzS702mj1OwwmXBpM.jpg
77674,http://image.tmdb.org/t/p/w500/4LdpUqDcOZu9o503BRrU3LKeEEO.jpg
1189199,http://image.tmdb.org/t/p/w500/6abt4XUzaTPmRa9fy7pbj55b9BC.jpg
1129610,http://image.tmdb.org/t/p/w500/gv5swmEUyrrTBuhNdb8rTCmsimm.jpg
1128604,http://image.tmdb.org/t/p/w500/lFDPyo6mdooNcHvgy17gz1GEjg4.jpg
1044343,http://image.tmdb.org/t/p/w500/4hPuXZWgLuegyBKFhSO67sYjEZ0.jpg
1021679,http://image.tmdb.org/t/p/w500/vsidzuUbJPvYevMT48wfpvgqzHd.jpg
67703,http://image.tmdb.org/t/p/w500/w9kXL62BqoU6CbZc6LrgYDQ2KtL.jpg
91204,http://image.tmdb.org/t/p/w500/iEO5QSmGG5iHnRwqqTpMaOUdC00.jpg
48504,http://image.tmdb.org/t/p/w500/7w33gEXKKiaQO44XMZcbsGPwPTq.jpg
35105,http://image.tmdb.org/t/p/w500/zVW5kWOp97tu8UQ48XeKbgfNFY2.jpg
84319,http://image.tmdb.org/t/p/w500/igSjDMaviTLS3mrq3r9CzNC46uw.jpg
83200,http://image.tmdb.org/t/p/w500/mLOqZNasNOUKSNCpAIeHmJWPkvW.jpg
66816,http://image.tmdb.org/t/p/w500/6hC7WgkSVvIA6Z8tad39FrAINVK.jpg
32529,http://image.tmdb.org/t/p/w500/qaNP6taVLNB8tzw3hKBRuwiEUCJ.jpg
663881,http://image.tmdb.org/t/p/w500/9Z5sjvSv2hGZwm9DaSjOF142gny.jpg
145963,http://image.tmdb.org/t/p/w500/uVLYnYmrsOnwGrC0NKbmoyh9NTk.jpg
650498,http://image.tmdb.org/t/p/w500/rFfA75af7x1IVZq25IWVqvDhgN8.jpg
472516,http://image.tmdb.org/t/p/w500/b3NQEmgAYKTDuAXSE0f294lrE4Q.jpg
481760,http://image.tmdb.org/t/p/w500/tNrvkKp3gb3DiotXma0g1GM0omC.jpg
630027,http://image.tmdb.org/t/p/w500/jWTA9hccaFIXNoqADg7V5hCnSOq.jpg
528225,http://image.tmdb.org/t/p/w500/nWXJ920KugmI0B1EfAg1OQlWP8Q.jpg
21769,http://image.tmdb.org/t/p/w500/tmila2EqReVL2Tz8HBvRGIjdI9N.jpg
41078,http://image.tmdb.org/t/p/w500/pcmz6fSbu1w05JwzLuHuqVW8wn5.jpg
29682,http://image.tmdb.org/t/p/w500/sWoOc4tkxlTf0i8YYia25sPRinY.jpg
161707,http://image.tmdb.org/t/p/w500/mB1nulptGzyJJFKOfkDXenCUHP5.jpg
67253,http://image.tmdb.org/t/p/w500/nRfQD3BgsAKCppB0YCX78ZhV8zB.jpg
162092,http://image.tmdb.org/t/p/w500/yrxoFlx8b8rPQz3BbQq0Wj8d1ya.jpg
35927,http://image.tmdb.org/t/p/w500/iKc7iG1vfD22ciOQZDlSqJol5Ir.jpg
62736,http://image.tmdb.org/t/p/w500/wvSMLqZmFWjZ74ILsLtqVt45WTL.jpg
136686,http://image.tmdb.org/t/p/w500/jY2c8s4s8YyGxuxX8ymmzGUdnwZ.jpg
59297,http://image.tmdb.org/t/p/w500/lVngEXEdGUePCQY3G5NOYstYjtB.jpg
253987,http://image.tmdb.org/t/p/w500/gcY4FbjnBN3C7WpZragedSAjyeM.jpg
401043,http://image.tmdb.org/t/p/w500/3X9KQ9GTw4YxU9YK1RpsfCQQEsL.jpg
47296,http://image.tmdb.org/t/p/w500/xkWcd5DQSob8P4chI02yPLe52jd.jpg
16228,http://image.tmdb.org/t/p/w500/z6amRu0MxrBz1I3oLJz6pkSveG9.jpg
219250,http://image.tmdb.org/t/p/w500/vYfuVYLjVCgf09QdJIognRmGH6Z.jpg
31473,http://image.tmdb.org/t/p/w500/3tHRV61S9NWgme1pOHeXeDRBYvh.jpg
16508,http://image.tmdb.org/t/p/w500/hZduJdSSWCkmvnBpNyRaIszubVm.jpg
35614,http://image.tmdb.org/t/p/w500/5RH87MTTrQwfX3HgYD444naIWn7.jpg
13376,http://image.tmdb.org/t/p/w500/k25VkKJjo52vuo4rUKEG4qFLQjL.jpg
14873,http://image.tmdb.org/t/p/w500/21GanxizOIL1CN0HLx7j3je8k87.jpg
1148677,http://image.tmdb.org/t/p/w500/1W5Kg4K27U3dx9Kxb8DaE6WFLHI.jpg
787561,http://image.tmdb.org/t/p/w500/dqEuu3jrYMkbSakwUveP69AxsMM.jpg
118792,http://image.tmdb.org/t/p/w500/dYb1upI1O44SlYXChcl2A6qUNeF.jpg
48486,http://image.tmdb.org/t/p/w500/r2T64qLkVHdll5sw5iDVa7OYbhA.jpg
31595,http://image.tmdb.org/t/p/w500/t423jUrgro2rqV3TOOx7lbAbUNw.jpg
285763,http://image.tmdb.org/t/p/w500/nBmvDbG5xauUHssAr7PWf90nbbW.jpg
83202,http://image.tmdb.org/t/p/w500/v9mNkB3htZEod4OZd3bXJd5VK7J.jpg
145969,http://image.tmdb.org/t/p/w500/lki1fwPWfG3b6exnCevz7aSYBKw.jpg
250906,http://image.tmdb.org/t/p/w500/lg4hmHIRbhYlhj1fYS8652ZBVP8.jpg
37556,http://image.tmdb.org/t/p/w500/eFmnl8xmvbJOOSNsLJc45QLxw39.jpg
507562,http://image.tmdb.org/t/p/w500/xWv5pUwyf96MDImATZYx0toI7T7.jpg
573683,http://image.tmdb.org/t/p/w500/psWXyFQfIvcKYx1tzJaqVlHXXzH.jpg
587870,http://image.tmdb.org/t/p/w500/3p7SVGNllrEUtjisdH7m09yoWdD.jpg
496891,http://image.tmdb.org/t/p/w500/2UPHyMm8fE22yvTFVGu1LW2nVF0.jpg
609202,http://image.tmdb.org/t/p/w500/7ypOmAQ3TowBa4iBILBboOEQqYh.jpg
162095,http://image.tmdb.org/t/p/w500/qsr4Hcdh2xWtUDQumjiML5cirNW.jpg
52482,http://image.tmdb.org/t/p/w500/xeROPnW0JWQOF380WGtGPlYNkzV.jpg
44424,http://image.tmdb.org/t/p/w500/tGUlnzLZLXYWrJY3gZp7siHAcBS.jpg
78139,http://image.tmdb.org/t/p/w500/etfvsfGwftCF58mMQDcOEjb7tL5.jpg
76190,http://image.tmdb.org/t/p/w500/iEk6DypuBtMoag88YegTAl9z1Rc.jpg
150023,http://image.tmdb.org/t/p/w500/ljvg1lHdN52yNgTTOw6rNwzr9rx.jpg
57224,http://image.tmdb.org/t/p/w500/tfjQGbYsHFq2TUrGGMJ4JU8snO9.jpg
12630,http://image.tmdb.org/t/p/w500/nndjAapR3epDSxuNSpgRdfP7L6v.jpg
44283,http://image.tmdb.org/t/p/w500/jCwebz8P7m5nq4r5XuKetqp3Gdm.jpg
403850,http://image.tmdb.org/t/p/w500/aKh2po4H6mOYGt31zE4uEHIOAB7.jpg
397366,http://image.tmdb.org/t/p/w500/f1EBHjCVr1rZF0bH8HVTLrCnGfC.jpg
19016,http://image.tmdb.org/t/p/w500/cpaynGAqDjr0N5I92JEEqW0dpTl.jpg
27653,http://image.tmdb.org/t/p/w500/oTV5TwZ4i6wDcWxoNpczk4CQBbM.jpg
23527,http://image.tmdb.org/t/p/w500/hBj1aTnGf4564Klv9yIbSuB7Y8w.jpg
83088,http://image.tmdb.org/t/p/w500/a1ftT2mM219UvZ86jgF19mBoUT1.jpg
357411,http://image.tmdb.org/t/p/w500/8UbCB4riPmrMxANyR3Zhd1176Nc.jpg
1227694,http://image.tmdb.org/t/p/w500/7criDo3cgqDUYaHUv9AzzJs8HXa.jpg
1221404,http://image.tmdb.org/t/p/w500/n7YcOeqPOmvQ2PUatn4UqV5YStj.jpg
36154,http://image.tmdb.org/t/p/w500/K1APwCmDEK334dG8vrnnU4rlW6.jpg
8128,http://image.tmdb.org/t/p/w500/lTQyzYE1K64CeihYjEwCJZHdauC.jpg
198102,http://image.tmdb.org/t/p/w500/rJNbiQX9fXaQLj4q2Irp3yrXTum.jpg
298015,http://image.tmdb.org/t/p/w500/aivTxgtMuUFbLPuGshi4OY4Nzla.jpg
256765,http://image.tmdb.org/t/p/w500/pBBK520SbwMVBMTHaw4c1lW8t10.jpg
220845,http://image.tmdb.org/t/p/w500/AgFkdZawIUFY20rLRX9ejQtn0q2.jpg
628483,http://image.tmdb.org/t/p/w500/tj6yLWSfe3iCykaYMfH84Q2Exek.jpg
36748,http://image.tmdb.org/t/p/w500/jdfIZdSKV1myFdgN4LVVbYDGJHC.jpg
103956,http://image.tmdb.org/t/p/w500/1LXJD042SEw18ZoGzEDMOF9nGuM.jpg
338379,http://image.tmdb.org/t/p/w500/fQY1bmncRhdvYRnkQmTkSERzWQ2.jpg
128973,http://image.tmdb.org/t/p/w500/oTUF1sxnYGpDemxzafxNegH8kRt.jpg
91142,http://image.tmdb.org/t/p/w500/aLhBO9lmwHAnmhi3jhF2fTaXxVD.jpg
85398,http://image.tmdb.org/t/p/w500/tjBg2W3UCxZIr5SnXyfgs9rTUqd.jpg
22779,http://image.tmdb.org/t/p/w500/7uHtN8sAlVsSbTZOvhGV8iTEfGk.jpg
51943,http://image.tmdb.org/t/p/w500/2QjLhHlUEjkrCV7daIvruxeRBo1.jpg
105280,http://image.tmdb.org/t/p/w500/siks37YeobnEWiJxgxc3VyHE5nL.jpg
54491,http://image.tmdb.org/t/p/w500/pPEfPGKy7mOdyf25ta2BT2u6wIm.jpg
128875,http://image.tmdb.org/t/p/w500/j8Z2iPQVavtZvtQW9a8Yy0vb9Ri.jpg
428862,http://image.tmdb.org/t/p/w500/6S950lSSwN22NfgXVDeFne86C2j.jpg
448967,http://image.tmdb.org/t/p/w500/xt44vpeYkt8ECe00JcheKVe36h6.jpg
16308,http://image.tmdb.org/t/p/w500/eGwwFG9mMEXDEQ70bSSqAzCY3Dc.jpg
31049,http://image.tmdb.org/t/p/w500/zd6ItdUDgxLtf7Yp6MVvWp0G9Y9.jpg
50482,http://image.tmdb.org/t/p/w500/ewldOPVHNeuAzHwR4njdGlDcVRq.jpg
47288,http://image.tmdb.org/t/p/w500/kbEA2LEFh1MX9EraNQSiq9ajs24.jpg
40728,http://image.tmdb.org/t/p/w500/869qSfiou8ZGBhOGrmAol48K9Vo.jpg
22466,http://image.tmdb.org/t/p/w500/dM73WqNaIPDj7lwRBOT2ioMFAsq.jpg
53566,http://image.tmdb.org/t/p/w500/mrTcqCsW7W6H3LIBzI13ODFWT9g.jpg
109080,http://image.tmdb.org/t/p/w500/yZfAVFIlzA61dsHZx5cyUX9PzYX.jpg
36201,http://image.tmdb.org/t/p/w500/jo3CJrs5uQSB0mPgyGA03kYgtVS.jpg
26542,http://image.tmdb.org/t/p/w500/ju3DMlm7cgQNIuWpY2UfZ201xxm.jpg
58107,http://image.tmdb.org/t/p/w500/nriSc6IHJRnSBmBujo5kZpvLBTs.jpg
338103,http://image.tmdb.org/t/p/w500/rPKrI43SisZh3Q1jnzzwzQXNmTz.jpg
441294,http://image.tmdb.org/t/p/w500/1mtLreAXIX0hLuWtfdCntE0BA5K.jpg
441319,http://image.tmdb.org/t/p/w500/rCCMq7uqRtSJmWJI4nYMiRTsmtK.jpg
441331,http://image.tmdb.org/t/p/w500/bDhW2a1nobPLfLcpzO6uxzHysRB.jpg
784500,http://image.tmdb.org/t/p/w500/f91rtk8dODezNLT3grQrELyzFwA.jpg
203101,http://image.tmdb.org/t/p/w500/qXy2J2oy6JF369gZuUIQkr7MQn0.jpg
448969,http://image.tmdb.org/t/p/w500/ewSs8KMJDme2LxkFxlp2K35jBOt.jpg
87785,http://image.tmdb.org/t/p/w500/tZNAkdZ4He4sg66RkPfIb1MK63o.jpg
729775,http://image.tmdb.org/t/p/w500/a9ntSDEUqnSvZYEHDKzvjbhikoE.jpg
117853,http://image.tmdb.org/t/p/w500/vXUNiqkOj8jC7K36MKgK5Dt1CHe.jpg
58704,http://image.tmdb.org/t/p/w500/6TM68raRJOgfdyrlmToIjh8lHRs.jpg
87069,http://image.tmdb.org/t/p/w500/c2Q2PXTXoAD1dGDZLLD9qZFSYvI.jpg
145977,http://image.tmdb.org/t/p/w500/tgfPYvWknbX60eIPKD8KUuoMCjL.jpg
145967,http://image.tmdb.org/t/p/w500/xnwMHCmIHSwnova7Knw7DVlqBQF.jpg
39170,http://image.tmdb.org/t/p/w500/1KntOHQB0tp2Ddtmx9H6YeKDuVq.jpg
166795,http://image.tmdb.org/t/p/w500/6ppfFmQfr6gkudlx31VRM8pKmui.jpg
134750,http://image.tmdb.org/t/p/w500/8foOxJVSbWzr0p2vBDJN3M6syzT.jpg
42067,http://image.tmdb.org/t/p/w500/qLZVrwp60LW6e2kUFExMXTCyzWD.jpg
616020,http://image.tmdb.org/t/p/w500/g8YvXcyBETjwX8M1hMfQpLVQ0p8.jpg
68368,http://image.tmdb.org/t/p/w500/8l7zeovdhEfw28DlLOgbeWAaHTs.jpg
624812,http://image.tmdb.org/t/p/w500/Alj0juWZHuQhmjBDvPnngbYNiEs.jpg
586945,http://image.tmdb.org/t/p/w500/eHKLW2vQIRizejw67EM791TuWMp.jpg
62961,http://image.tmdb.org/t/p/w500/yD7lwQ1bzPpDbqKuALpu8GANAyx.jpg
83203,http://image.tmdb.org/t/p/w500/7FOzVF0CuBn3oOJOoHAg9JR0Ru2.jpg
81604,http://image.tmdb.org/t/p/w500/sfVjidg334LK7TbNvSlKNKndFjJ.jpg
42515,http://image.tmdb.org/t/p/w500/3nnVtJjLQmRcHhJNeyP5UYnkfE9.jpg
47567,http://image.tmdb.org/t/p/w500/9TAqCOT5L7HHw9mD2q7alhZ5JiH.jpg
30606,http://image.tmdb.org/t/p/w500/4iMoYO4Zit9wyZXIdqGskLeoT6V.jpg
184004,http://image.tmdb.org/t/p/w500/4V4Iu9UQRdfrQliBJWlB0cOtEhO.jpg
448441,http://image.tmdb.org/t/p/w500/dWQC14a1XjgYqT4GI5nvF522naT.jpg
477449,http://image.tmdb.org/t/p/w500/joAUUvoVxRkk0AHny7lhoN9yk5r.jpg
424656,http://image.tmdb.org/t/p/w500/mKuyrnlm3x3dF8DY43IZWQpUFDi.jpg
12448,http://image.tmdb.org/t/p/w500/14PSM6n9VSsiUwJhT0WZbgOuNvP.jpg
441120,http://image.tmdb.org/t/p/w500/nKYTKlAPNa6oycaha8iQCp58a1E.jpg
154189,http://image.tmdb.org/t/p/w500/3nMHUQ15bnxlgdKUl4HLb2p1gac.jpg
262833,http://image.tmdb.org/t/p/w500/9YrTQAKVJaDUgDOVevZ0LJbhJGm.jpg
441298,http://image.tmdb.org/t/p/w500/i446S8HoOOOxtteUqdQTLqG81JX.jpg
1192735,http://image.tmdb.org/t/p/w500/cTQyxpfJ9018C1Cp9wHeRa8986I.jpg
1097434,http://image.tmdb.org/t/p/w500/hORLCvOSB11CObbR9k2EfJfDXhR.jpg
840873,http://image.tmdb.org/t/p/w500/93vxPRNpEbnwmXGOc69zPw9kBvY.jpg
791344,http://image.tmdb.org/t/p/w500/m63tjpijO5bWXIoAm26YKy5xY6c.jpg
163772,http://image.tmdb.org/t/p/w500/7NGIushHHtUuOwnDMoGWRpkrOwx.jpg
680041,http://image.tmdb.org/t/p/w500/5rNnvH4k4FplAwMcD4CovMMGylb.jpg
637202,http://image.tmdb.org/t/p/w500/cGlzqEwMv1OLHi6n8s2wRd4zAMx.jpg
113254,http://image.tmdb.org/t/p/w500/cRdC7eHdDL5ieVY7zW20iD8IWXM.jpg
113252,http://image.tmdb.org/t/p/w500/Q9NlnGfgsCphR89qFSAOR6BWq4.jpg
159893,http://image.tmdb.org/t/p/w500/29g1uhwnVXfpOnRX3jVtVme9Wqs.jpg
89905,http://image.tmdb.org/t/p/w500/exczBuiSq7FTMtvfdIzmBHwXUK1.jpg
84480,http://image.tmdb.org/t/p/w500/hx68nhniEwkLpeaeyS5TOsKwlM1.jpg
100307,http://image.tmdb.org/t/p/w500/jgJdpzr0bWIFqp5ggsIpVt3euzK.jpg
42776,http://image.tmdb.org/t/p/w500/1AjvCcszj5cvZQjsK2R5dYKww1j.jpg
68625,http://image.tmdb.org/t/p/w500/gFfZLohFOW4v7b86Kn4nxlnGnI2.jpg
474659,http://image.tmdb.org/t/p/w500/p4HIfKM5Qw1458NLm7YKuYMTJQK.jpg
48661,http://image.tmdb.org/t/p/w500/iQL9qWTfaCCSfnyqsFjwdhEyyP2.jpg
147576,http://image.tmdb.org/t/p/w500/ioI9ftVCfdhgwM0jAjfSG2pNN4S.jpg
61666,http://image.tmdb.org/t/p/w500/3pWAXvcUP0yOP0pGVdXRajbHRWj.jpg
14683,http://image.tmdb.org/t/p/w500/63AjA48v5LtV8pwP7eQrbX7kbf8.jpg
39961,http://image.tmdb.org/t/p/w500/weRDZgqsJbxrM90wq5entBV4ah2.jpg
80865,http://image.tmdb.org/t/p/w500/rK3JCT4Y21PX6j00kpnoVoSA33X.jpg
632458,http://image.tmdb.org/t/p/w500/788yb9ecJ4Yp9QyW1bRrDKAuJTb.jpg
1395140,http://image.tmdb.org/t/p/w500/oAxA9yZDFbwi4OH5TurfWZxRj2A.jpg
1284004,http://image.tmdb.org/t/p/w500/sHJ2OIgpcpSmhqXkuSWxZ3nwg1S.jpg
1108306,http://image.tmdb.org/t/p/w500/99YitBYi50vi5guPRuy5yAH1614.jpg
931034,http://image.tmdb.org/t/p/w500/phBYksmk15iwt5NqnAfzkhwbdTX.jpg
312173,http://image.tmdb.org/t/p/w500/4gIftOlileSlBfJUSjDcX3l2F9l.jpg
760758,http://image.tmdb.org/t/p/w500/5afJWPrNwm7a220mOccwB30PCOq.jpg
203847,http://image.tmdb.org/t/p/w500/js7O06FmO3y1e0MUifdA6yuSNLY.jpg
731249,http://image.tmdb.org/t/p/w500/qcaJphCRI9jOfNPWw0I1L6CY3bk.jpg
27213,http://image.tmdb.org/t/p/w500/6iceZCYdSExrLuUotkU9XJUWiU5.jpg
172133,http://image.tmdb.org/t/p/w500/5VPT2owbaHTprcMbPN8ZykeiyUw.jpg
532961,http://image.tmdb.org/t/p/w500/ttIIyat5PkVLTPE8bySAwjwAAqt.jpg
418189,http://image.tmdb.org/t/p/w500/wyS0wvjEKaSHQao3olsjyJmjxLP.jpg
32638,http://image.tmdb.org/t/p/w500/9fF73VGKlJ8OY0pAIIPf8EKymi7.jpg
74785,http://image.tmdb.org/t/p/w500/nNeDQeTUubvMrpoQnsFsGkuwpuW.jpg
14368,http://image.tmdb.org/t/p/w500/46ygt6dQuPk9E8DOjpDYK1zAnvt.jpg
307696,http://image.tmdb.org/t/p/w500/g4sTN0q7ndnjccIhdpGHZ7q2p8c.jpg
160332,http://image.tmdb.org/t/p/w500/mbtZLfZnmUQbfE76iAz11t8XNAS.jpg
64777,http://image.tmdb.org/t/p/w500/iB3xcNkP2kLN6d6elvZbhw4lAf0.jpg
45378,http://image.tmdb.org/t/p/w500/bZRnMvO7YLttRWOi1AvqiZIEQGk.jpg
155017,http://image.tmdb.org/t/p/w500/qOLGwByK0rAFIrTeLMh967yOEgB.jpg
84488,http://image.tmdb.org/t/p/w500/2Gt0jd8XR0NOxX0mq3dLXoPX75M.jpg
64152,http://image.tmdb.org/t/p/w500/qfd3Grd0ZSTSOM0Zy7wx82yDGjt.jpg
31599,http://image.tmdb.org/t/p/w500/9R23LFhmlzDGpYpKYjFyJ7XjRt7.jpg
51985,http://image.tmdb.org/t/p/w500/7J8qq1O1kAjVdpDJnxuzNC5tH3H.jpg
428292,http://image.tmdb.org/t/p/w500/f2KEIR1u6ehaYMDaeZ3PMjC4tyj.jpg
137193,http://image.tmdb.org/t/p/w500/bkPuLais3EWSKME5bxjJ1Bzh4Sd.jpg
230599,http://image.tmdb.org/t/p/w500/d5wCCw6qxVdrdySPaOZrSBQTHfg.jpg
94684,http://image.tmdb.org/t/p/w500/7MUHxk2UicWtCLcfdPPLgxmUrDv.jpg
339526,http://image.tmdb.org/t/p/w500/ahmppHBvgDrIg5EcFe16XqpWroE.jpg
73530,http://image.tmdb.org/t/p/w500/pT03GGpr6lUiIEtMwMqzna7NHht.jpg
1157408,http://image.tmdb.org/t/p/w500/tPuRZltk87r9oP8pSNjJLMsHVMV.jpg
441339,http://image.tmdb.org/t/p/w500/mJvKgjKh93E5lnGVMF3BVNA10pp.jpg
441337,http://image.tmdb.org/t/p/w500/8TV1EnC9V6TM5rnXDVYqAkwcOx.jpg
1360829,http://image.tmdb.org/t/p/w500/2Dn39hUknCFPcgNBk1YBeGdCDGx.jpg
947643,http://image.tmdb.org/t/p/w500/8b4RrqjB0IoVT1KZwkha7xfr4xA.jpg
148311,http://image.tmdb.org/t/p/w500/plYhlcbOKozBiarJf8VMwhSxZB7.jpg
1012404,http://image.tmdb.org/t/p/w500/nWr2GUTKRR4d8aCApF93OzBfq3e.jpg
915403,http://image.tmdb.org/t/p/w500/6CnD7zRPMpZLxnKygUUjt4Bbiov.jpg
280507,http://image.tmdb.org/t/p/w500/6II4Mf9Bgzqr6G4i6WKrN0OBhJm.jpg
60843,http://image.tmdb.org/t/p/w500/xcwIb5YEfTeVqCRJXNL8Ai1RcEj.jpg
622841,http://image.tmdb.org/t/p/w500/pP6mmhuaNmfpGAn1qNd4ZjSWpbY.jpg
186383,http://image.tmdb.org/t/p/w500/ogeQoeHVPPDglkaMIVy0o3roHkx.jpg
31050,http://image.tmdb.org/t/p/w500/ozIL93nbJzjjSIPlgbwuuxBadu2.jpg
21174,http://image.tmdb.org/t/p/w500/5ovbBoerwuVaCulOkP5e6DwKtTJ.jpg
358632,http://image.tmdb.org/t/p/w500/15z0JrLFFAP39V7WYiOHeZktkPL.jpg
32873,http://image.tmdb.org/t/p/w500/sC0nlE0XiUYF2yL6tBpoDmHYyNK.jpg
359549,http://image.tmdb.org/t/p/w500/9Q2nD6YPdQNTN9hYsWobIVKr6J7.jpg
72205,http://image.tmdb.org/t/p/w500/dzajMiBdmJHBoJVugzZ91T6Vwry.jpg
207249,http://image.tmdb.org/t/p/w500/hYQ4mXgGzrEiNIVCcmjeiiREtC9.jpg
72188,http://image.tmdb.org/t/p/w500/fejZKpoyWSq1N5sc6C5zSrVbq6v.jpg
67851,http://image.tmdb.org/t/p/w500/dZAs1i3ZHKQFFSNIY8Yo5qdjfPd.jpg
553610,http://image.tmdb.org/t/p/w500/rX0jSZIPbCRL1Qg7kM1gI88L9Hw.jpg
136241,http://image.tmdb.org/t/p/w500/sEL1XbKs3UezQfApuy5CchuQn6W.jpg
80868,http://image.tmdb.org/t/p/w500/4ShUmTEkPLQBwzjBH5qlMimkXR3.jpg
32202,http://image.tmdb.org/t/p/w500/fEnAGaBfnfIPnqK6WUIUDA4YgoX.jpg
104154,http://image.tmdb.org/t/p/w500/rrulb5kXrwvaUrdFHQjCns3gEWx.jpg
30863,http://image.tmdb.org/t/p/w500/f6doYuJsaciPllLKy2VGWGLWXaV.jpg
44885,http://image.tmdb.org/t/p/w500/wWyA4L05h1Tftqo5My2pC0jayZ6.jpg
19789,http://image.tmdb.org/t/p/w500/i7cK8rcrRVUegVZzj2WjmQAfeUo.jpg
48625,http://image.tmdb.org/t/p/w500/tAa3xDHeeM2cYqlnBeCS1OqyP2H.jpg
122662,http://image.tmdb.org/t/p/w500/7sZkW8mDO5Gre1pILdRYc9AGd4T.jpg
14239,http://image.tmdb.org/t/p/w500/mqzRUHNtFwmgJCmSnvq3JnX0xgZ.jpg
441135,http://image.tmdb.org/t/p/w500/mKHYN35aanbzaYNGtvDpcESmChM.jpg
441317,http://image.tmdb.org/t/p/w500/4BEKPLTawJBHm3VC65ECX4NponL.jpg
441332,http://image.tmdb.org/t/p/w500/4jfoJgZLXTZr31hHV9b7a6PeL2B.jpg
975490,http://image.tmdb.org/t/p/w500/lJgiZrEIH3LKEwiZjWmpWDPETrT.jpg
865767,http://image.tmdb.org/t/p/w500/xUIX9FA9t4S2SgnPpTcGp9LH3Uz.jpg
322686,http://image.tmdb.org/t/p/w500/7iaqSEq8aqq8YP2Bozu3uKa9pgs.jpg
637462,http://image.tmdb.org/t/p/w500/5GHW8hN8JAXDzid3WDoClz2App5.jpg
65665,http://image.tmdb.org/t/p/w500/y2nBGv3VXcSuiB0NGbLejnpFp3t.jpg
166610,http://image.tmdb.org/t/p/w500/dMK7tZVslkcGyA6swjE5GJyYZp5.jpg
30491,http://image.tmdb.org/t/p/w500/6n7IoaOVBZ5PyYsPljFI1lVr1O7.jpg
146053,http://image.tmdb.org/t/p/w500/x3oSB0vNrzEu3DYPQsqnp1snJnd.jpg
214163,http://image.tmdb.org/t/p/w500/8iU7nWuRt41e4NdxI0RFB6B6SPI.jpg
28152,http://image.tmdb.org/t/p/w500/d8466YAgDFZmsrWmgizPcUQMsIx.jpg
99899,http://image.tmdb.org/t/p/w500/xELUSnPf4BVf3u6TwNOPt9TrqjX.jpg
453575,http://image.tmdb.org/t/p/w500/aa7X8NXBoeQfhqzJ079SN8WAJMm.jpg
570269,http://image.tmdb.org/t/p/w500/nlgrBVlXCXf72rYPxKOnzH0eZ59.jpg
80861,http://image.tmdb.org/t/p/w500/d4HuZNoojVtwpvWaQQ4Xgw3aU4O.jpg
215503,http://image.tmdb.org/t/p/w500/udND5RuDsTRs3f9SIabOp8bnBY1.jpg
519159,http://image.tmdb.org/t/p/w500/jqkMag65IWL33oH90fCvKfenUHq.jpg
73799,http://image.tmdb.org/t/p/w500/pHWfz63P72VSVfKggFFJPH2VqmQ.jpg
125405,http://image.tmdb.org/t/p/w500/yaN6Cl2f1DcBeh2jwjHIJwUWPdQ.jpg
72565,http://image.tmdb.org/t/p/w500/4AMuQBdwHAGYDRgU8Ao3x4mR7cu.jpg
33037,http://image.tmdb.org/t/p/w500/x8ZBi9rdjl0zTgC4O4aWdPNK05s.jpg
72016,http://image.tmdb.org/t/p/w500/y4EuF7jGgAWJirjqzEAJTk3T3Uq.jpg
116369,http://image.tmdb.org/t/p/w500/mAVOj2Lr7BwuGPVrqRxAJI558EJ.jpg
47556,http://image.tmdb.org/t/p/w500/3QytH31dKuRLAgxZBUK7Ke0dSju.jpg
28214,http://image.tmdb.org/t/p/w500/pvjfW8ugP3Z3jjr4F8ANieuNBZg.jpg
109572,http://image.tmdb.org/t/p/w500/iIu4HPo7FvsnuG0q9MvHsgow4uv.jpg
68263,http://image.tmdb.org/t/p/w500/fMRs3Km9gcjVWt9WCujO5E3FPUO.jpg
115969,http://image.tmdb.org/t/p/w500/2hPrb9XuZSwmY6MVtWjUvczPQtG.jpg
204755,http://image.tmdb.org/t/p/w500/juZoY7FRaSqYmuGy1rFnhp55mtW.jpg
114372,http://image.tmdb.org/t/p/w500/kghwkWiK99pPscP61Tm771Vu5lm.jpg
229756,http://image.tmdb.org/t/p/w500/t5RxZfhMEloJdTB4wcsYiCAsUPV.jpg
441336,http://image.tmdb.org/t/p/w500/x7LIiNv9iDiqwPzBwHC9Zt3zVA6.jpg
1508427,http://image.tmdb.org/t/p/w500/db3q7vL49r0li0Q0qrrPjlY4sCF.jpg
1160901,http://image.tmdb.org/t/p/w500/xlgwbEQMj1ssm91I1r4N1K8yOaM.jpg
1056133,http://image.tmdb.org/t/p/w500/5X5qzKUh6gbJWXzxeCsc9MY2S9l.jpg
1015602,http://image.tmdb.org/t/p/w500/kxB9E6fo0ycHzd13oOTHmGa5Njd.jpg
128956,http://image.tmdb.org/t/p/w500/4aTWs8Zk85rsTdxMDeq3USYiCxC.jpg
44454,http://image.tmdb.org/t/p/w500/25ctZ3iDNCp51Aikz1c0B5BKUgl.jpg
693356,http://image.tmdb.org/t/p/w500/wa7I5E9PegOOMVWE0pPLtSAt42S.jpg
146747,http://image.tmdb.org/t/p/w500/qj2JMHzIzTKZtxWHFs1MnvF0Coj.jpg
507732,http://image.tmdb.org/t/p/w500/1KnfRrVlzMUAXHsQCQ7SOlNTK38.jpg
34052,http://image.tmdb.org/t/p/w500/jJbWGUeVHxWdiQyzOSosCs9kdVQ.jpg
127824,http://image.tmdb.org/t/p/w500/cnAHoKhw7D0xhq6yJd0UuxnKBvQ.jpg
16364,http://image.tmdb.org/t/p/w500/7jkmi0MqIP6XNRaFt0fHTV9VbiQ.jpg
404250,http://image.tmdb.org/t/p/w500/eW250uuZW49GTJ5ZH0e3kNesWSd.jpg
464305,http://image.tmdb.org/t/p/w500/7NJz6sLxEgk5a6u6WCBWs9qVo6i.jpg
189071,http://image.tmdb.org/t/p/w500/jVdSJifVGcyZReyAIOD0QJThk5e.jpg
48331,http://image.tmdb.org/t/p/w500/2ARywfgu1vc2ocu2cksMrHh5yhS.jpg
54200,http://image.tmdb.org/t/p/w500/diNlK3kOAHOWdsGoU36Nzf3Hqed.jpg
76722,http://image.tmdb.org/t/p/w500/aG75j2rMhqlciuFiG7eCP30ud7T.jpg
31053,http://image.tmdb.org/t/p/w500/nyGciiThArN1yW4AWrmhqS1lvaY.jpg
125521,http://image.tmdb.org/t/p/w500/fNQx9YD4nxpcWvriVm1paIxbMwB.jpg
31051,http://image.tmdb.org/t/p/w500/kU7Gai6yZF9bMIUD1MIzFYBuN6U.jpg
162103,http://image.tmdb.org/t/p/w500/k3JzxjbBojrcs9LxFmSnOgCEzkT.jpg
225086,http://image.tmdb.org/t/p/w500/4A4xhymZbWTUeCf90uXipurbARB.jpg
55958,http://image.tmdb.org/t/p/w500/gnAu9xcZEF2yTdfpzQBkkBmbyVB.jpg
364728,http://image.tmdb.org/t/p/w500/U2TK7SbUMTOz3bNXgkW9CjqkXi.jpg
949580,http://image.tmdb.org/t/p/w500/iEJGBnZa9PnCXSTrcQGEqK9Y9yr.jpg
930821,http://image.tmdb.org/t/p/w500/vI3aahilqPyMpNQQ7421GSEHRLX.jpg
163754,http://image.tmdb.org/t/p/w500/bXorDERG6ARfayQwKNCC4d37OWd.jpg
68638,http://image.tmdb.org/t/p/w500/Kb3sZCCpWqEDKkmoeWk6Hh7Rxz.jpg
128887,http://image.tmdb.org/t/p/w500/w0SeTVkKOniXbCeTxE3XVQ7JtQ5.jpg
189696,http://image.tmdb.org/t/p/w500/mSM7nnOJX0tKbOTkOdPsZchdKlH.jpg
27757,http://image.tmdb.org/t/p/w500/x6OPeicJgr3RASbqzt1ovRF2Gjr.jpg
146061,http://image.tmdb.org/t/p/w500/bRL4mttJbGjuNdEPeTErp6v99LW.jpg
146059,http://image.tmdb.org/t/p/w500/mKJEgUKKEz5qIq2bpJa3YTWOy0T.jpg
146072,http://image.tmdb.org/t/p/w500/wQF9qXs5W8mzviLshsF3VnOEcTQ.jpg
203848,http://image.tmdb.org/t/p/w500/gAn2iQ8CtTC9uCdzczfMS2dFBmd.jpg
51686,http://image.tmdb.org/t/p/w500/eKXxb61WgapPLwhrfSaN4OsJkAZ.jpg
375462,http://image.tmdb.org/t/p/w500/kRddjuaKatdVSjMalihgYHOdRhB.jpg
539140,http://image.tmdb.org/t/p/w500/2ayrhipQ6wETRZyixZW8UPKztEG.jpg
460400,http://image.tmdb.org/t/p/w500/lR2DNDslQES1mPOSuTZrqZRtZ2k.jpg
127408,http://image.tmdb.org/t/p/w500/iNIz9cifajt4d1F3otSRGUASfSL.jpg
532323,http://image.tmdb.org/t/p/w500/klW9il9TNmyCDYg3p7ZGgMSsc22.jpg
142527,http://image.tmdb.org/t/p/w500/pWYf9VL7yO0NMPzzUKsCGCD4GU4.jpg
161699,http://image.tmdb.org/t/p/w500/n7P921n7w0SKrl8b18bVq1LsEoY.jpg
189068,http://image.tmdb.org/t/p/w500/4D8oQeBtF6wGOfgJLvWMntxlMNk.jpg
338380,http://image.tmdb.org/t/p/w500/5NJKxIwL82wYkTB3qHJzkywunEi.jpg
51330,http://image.tmdb.org/t/p/w500/jbuCcWHp0LFRa9yLyJ5E4nE0MhB.jpg
18948,http://image.tmdb.org/t/p/w500/9kOGXTvR5BFcyWD35MDXFisVhqD.jpg
45851,http://image.tmdb.org/t/p/w500/drUigP4dcVx4I3ZZpo2zzSO6CJn.jpg
135915,http://image.tmdb.org/t/p/w500/1uNF6PN576T8ajHyC5QGKXj9gQO.jpg
16226,http://image.tmdb.org/t/p/w500/xVK9NOhb2jhkVqzTOjjnrQ3BUxk.jpg
502216,http://image.tmdb.org/t/p/w500/qaOXBrYoPhXfzF1OqkiJ8yBSqTU.jpg
1293461,http://image.tmdb.org/t/p/w500/hDQKUwOYBJFzJv4eHEjH0gi6Ddp.jpg
955666,http://image.tmdb.org/t/p/w500/wyYfIWUtetlfxor8ibugKXthdKE.jpg
843243,http://image.tmdb.org/t/p/w500/hYyMNJyUsutDRKutilhzGo7vzoH.jpg
100165,http://image.tmdb.org/t/p/w500/6oV40uVKadL0VhtilkZAaBj0JqL.jpg
168202,http://image.tmdb.org/t/p/w500/ifkWSL8Ik6SUgmg9E7WKbl12Yrf.jpg
146074,http://image.tmdb.org/t/p/w500/2gnfiuwSNjACbUKi8Ln4v8fR5TP.jpg
80398,http://image.tmdb.org/t/p/w500/2nV5JQrO2uzPqKAndOanfRium5m.jpg
607033,http://image.tmdb.org/t/p/w500/9Vc6AJvUBkghgYbzEYtyrtfEJ61.jpg
55443,http://image.tmdb.org/t/p/w500/q9U3eYAOb3BBuPCtN83rHzCAVcT.jpg
71128,http://image.tmdb.org/t/p/w500/8j8upgNmWzlvfkAlLXgqmbhbj2u.jpg
57123,http://image.tmdb.org/t/p/w500/imhIqlVfBasr761dVsl1wrPeiZO.jpg
125565,http://image.tmdb.org/t/p/w500/5crCDxMF062JPxc3aT0gn323QuP.jpg
567767,http://image.tmdb.org/t/p/w500/8mqzs8ZneYjCgcRTnfT9mYEt3fq.jpg
529589,http://image.tmdb.org/t/p/w500/6qqVW9a2BMR3kXEnqwMKr2rvIdq.jpg
38565,http://image.tmdb.org/t/p/w500/xG9cJlugwqj92ooeRrRsIJw0WER.jpg
461078,http://image.tmdb.org/t/p/w500/XWJHtLrIjlqUEfw9uM4nfnDihW.jpg
19256,http://image.tmdb.org/t/p/w500/o2z2XAfNNRyFYNMT1vSJ6k88X8N.jpg
179930,http://image.tmdb.org/t/p/w500/nQpsjMZq3VpaLNkLfkeitmGFcN8.jpg
41365,http://image.tmdb.org/t/p/w500/tJWFXtqQl0DU0r5cAqM2DCNFtOF.jpg
38954,http://image.tmdb.org/t/p/w500/kx00FltCdi3ReOPCv79OhIll3aR.jpg
163394,http://image.tmdb.org/t/p/w500/mEmOqdiYe1sVL4y5fmy7aF22t2z.jpg
53894,http://image.tmdb.org/t/p/w500/4nw1K8VMyiKyEIHV8RJc9RUGsur.jpg
239526,http://image.tmdb.org/t/p/w500/gG6c8TA6VsH5iDqAey8YNcwhQPt.jpg
394326,http://image.tmdb.org/t/p/w500/6hIbj9FohrwZC8eVrlVbbCqaaR8.jpg
114371,http://image.tmdb.org/t/p/w500/5TAnQOAZLq7c95LLh7zgPLUML4t.jpg
123867,http://image.tmdb.org/t/p/w500/uEuBBOnfhSMXhe8mClJ64j6h9cL.jpg
74842,http://image.tmdb.org/t/p/w500/thIp92OiHGCl8CB8CmbwfgSQfmF.jpg
15485,http://image.tmdb.org/t/p/w500/beAvTAhMQpTRxmlgGgpfg9F2rc1.jpg
1600672,http://image.tmdb.org/t/p/w500/25csgA1l0jpvvSRwdFgjrI7PDnk.jpg
1531453,http://image.tmdb.org/t/p/w500/cYOQShVQhT61JNLKoTPtSJHdAJP.jpg
918428,http://image.tmdb.org/t/p/w500/lugVjhv7axiZxnSlrfXyogVf0Hl.jpg
801293,http://image.tmdb.org/t/p/w500/1DHVPVYuTzNBh9dcga5wgGzpPpf.jpg
127327,http://image.tmdb.org/t/p/w500/267n9hyrtqYzk1SoJxfJSkAWEKc.jpg
38952,http://image.tmdb.org/t/p/w500/7ktE4Oey20K7tjpYDkU5K1zmSeq.jpg
305974,http://image.tmdb.org/t/p/w500/vpn1GBKkXJylZex8bgWLZbzo06w.jpg
128754,http://image.tmdb.org/t/p/w500/3P3ztTCe5jL0Rza8m5ZsUT5NhH7.jpg
741770,http://image.tmdb.org/t/p/w500/jaGrOBWYsiA5JczJUPuTxWTTXXt.jpg
118932,http://image.tmdb.org/t/p/w500/om9vdERsjJ46O5KX0OeoBr9BzSU.jpg
288097,http://image.tmdb.org/t/p/w500/f4Nyn4ReoECj7YobTJ8okArTYbq.jpg
338383,http://image.tmdb.org/t/p/w500/4CLz43s1e6yISN49M5zJrNkdPno.jpg
338382,http://image.tmdb.org/t/p/w500/n66KCiarhNsRCaHxuF7DCq58rh4.jpg
542507,http://image.tmdb.org/t/p/w500/iD09UJgG3SIfmI28YsfzYwB6AZQ.jpg
179923,http://image.tmdb.org/t/p/w500/jNFuoyJm5X0LTfLZN4VRFwBmabd.jpg
203715,http://image.tmdb.org/t/p/w500/eK4vyU14EqJpDFOAEfXqyWdmIYz.jpg
16860,http://image.tmdb.org/t/p/w500/wK8yAt16bfQBaKBatAJxYRdpu9Y.jpg
105231,http://image.tmdb.org/t/p/w500/wJg8uma4IPUZCoJcsczhr2iS8Z9.jpg
1005252,http://image.tmdb.org/t/p/w500/urI9QgqXjLw0BVbUO4JpRM91d2y.jpg
1358947,http://image.tmdb.org/t/p/w500/3ivqP56Jd8RkbDidoe1rGFVGpJZ.jpg
1172228,http://image.tmdb.org/t/p/w500/6MMyaVRYTbcfNFvQvkJDnfot5fj.jpg
919609,http://image.tmdb.org/t/p/w500/xj4WAiyu1WlUPt9O86DOFE1dLfT.jpg
72696,http://image.tmdb.org/t/p/w500/daOXAbYF2WA8i4TFvGV814x7B4s.jpg
85811,http://image.tmdb.org/t/p/w500/wrqdkRM5F88ftPEOJvZJH04hBTE.jpg
146058,http://image.tmdb.org/t/p/w500/28mBxxb6hMarEHkoJc5AhohQ4JD.jpg
39405,http://image.tmdb.org/t/p/w500/fPyDf7cl4NrtjSn5jnmODDF70kS.jpg
60964,http://image.tmdb.org/t/p/w500/7QulQQbVoy7MxMqsv9mvbaP6Cnn.jpg
31594,http://image.tmdb.org/t/p/w500/mqERsGKYo6jgSXdWP7JuvCM7Hp1.jpg
416401,http://image.tmdb.org/t/p/w500/6oM306S1nBBzcSB8OelX1Vkr2Ky.jpg
572616,http://image.tmdb.org/t/p/w500/npjW3X9nKcg315wB2QnLTEXoEAV.jpg
21250,http://image.tmdb.org/t/p/w500/af0H9v4XUotReBCsLnOptBamVRY.jpg
146062,http://image.tmdb.org/t/p/w500/iPYxBvWGNdcw1r3l6PQfcXl0jy0.jpg
559519,http://image.tmdb.org/t/p/w500/soUBnuYDrPLmURRtMUiJ6tqvFrM.jpg
136601,http://image.tmdb.org/t/p/w500/yS0Y3lhHwEjLCaKVSBfx8Pc3FAg.jpg
301513,http://image.tmdb.org/t/p/w500/gOfIbRRlYlngL3ymChUUEDu95rb.jpg
612087,http://image.tmdb.org/t/p/w500/cHYT0OoxZ9CSKVwvl4a0D6u3bOh.jpg
90008,http://image.tmdb.org/t/p/w500/lVcuvpMy4HnYZEUdjH0eelM3iy3.jpg
196462,http://image.tmdb.org/t/p/w500/x7zO5UmucqQO9aclD4WLQS9dEPX.jpg
589082,http://image.tmdb.org/t/p/w500/7iUoLTDTk5IgUJTboct2RHuuTMG.jpg
29131,http://image.tmdb.org/t/p/w500/sSs7GPSdD1309Cu2ebjiKWG5q2y.jpg
125513,http://image.tmdb.org/t/p/w500/lwCdytw5DlyKvAThPYZChT1oad7.jpg
20089,http://image.tmdb.org/t/p/w500/7N7FIAixXFQnyrJCXI57VzAC57C.jpg
56127,http://image.tmdb.org/t/p/w500/cRZz2iM6l0shz62gHGf5U84kdPX.jpg
34375,http://image.tmdb.org/t/p/w500/177p2PI6UXwNbtF1MraNzHevKiQ.jpg
117314,http://image.tmdb.org/t/p/w500/8DoITmnoZmXeTd0urmaGNJstU0i.jpg
66454,http://image.tmdb.org/t/p/w500/2JRTpKWwpPXyNVEBeAGpjLHRJU9.jpg
239530,http://image.tmdb.org/t/p/w500/9w24MqPE0Sp6aQVl3djMCpi1CjH.jpg
39319,http://image.tmdb.org/t/p/w500/fwSwCpXfSgiP5FbVPwlmvU22Jjx.jpg
737931,http://image.tmdb.org/t/p/w500/oajMIMCROf3g0CaXvp8NnM25w7B.jpg
1542877,http://image.tmdb.org/t/p/w500/sCcNuUI1RA9bMunxAdt7KRypFbP.jpg
1317276,http://image.tmdb.org/t/p/w500/2VLnT5JtJ77ErG6GD3c1J628VLp.jpg
997086,http://image.tmdb.org/t/p/w500/nBirCFcv4T0WMLo5pXRAplH9PDP.jpg
52458,http://image.tmdb.org/t/p/w500/m5UcXHvleQ6dEDHba4POderV3L8.jpg
64169,http://image.tmdb.org/t/p/w500/byqKmSu8Okm1Trt9pz4OrnUo7AR.jpg
426183,http://image.tmdb.org/t/p/w500/vC5yypsMvYqsHYJsAEpgRfbfrWH.jpg
129213,http://image.tmdb.org/t/p/w500/ratYneTrbgbtvkPXs3cNp98fChQ.jpg
47486,http://image.tmdb.org/t/p/w500/gq0Jl63xllabT52gxtls8KlZU3Y.jpg
746880,http://image.tmdb.org/t/p/w500/v76E48AKCLtQE45aMXZf5f6MKGT.jpg
21770,http://image.tmdb.org/t/p/w500/e7TtB5CEhaA8umkk0c6RHgh6njQ.jpg
80863,http://image.tmdb.org/t/p/w500/wqurpBUD6NdtIYPEdBsNv2tE4Md.jpg
128867,http://image.tmdb.org/t/p/w500/nTEE7CByX86ZALfTzKCfuJpU4kB.jpg
315945,http://image.tmdb.org/t/p/w500/dYNLK9FFJqEMeywRjuVb7A3CglZ.jpg
86011,http://image.tmdb.org/t/p/w500/9ARujgyn1mH96a2EVgfkHk6AOE6.jpg
291015,http://image.tmdb.org/t/p/w500/j7edDmy8fSuBFZNJakJwlBoHBgE.jpg
185896,http://image.tmdb.org/t/p/w500/5O8XNk89gTnLz6NRwJVontpc3va.jpg
482722,http://image.tmdb.org/t/p/w500/41OKN4w9PImCAArtBa3DGLGTquO.jpg
71444,http://image.tmdb.org/t/p/w500/u2wij5i2SUq958cFnKGsDEyCs4E.jpg
19257,http://image.tmdb.org/t/p/w500/hpNtbZvUcQCxedLl42TDYmmn0PW.jpg
179933,http://image.tmdb.org/t/p/w500/yYhPea8ugjQ5rfvmenYHeLe2XV0.jpg
26546,http://image.tmdb.org/t/p/w500/wWFxFDe9cwrmeNh56WyKw2lOhcb.jpg
14307,http://image.tmdb.org/t/p/w500/vDbSvpbtEMG6YQKUoqYGpA53i5j.jpg
16224,http://image.tmdb.org/t/p/w500/de1dPo7MUK1NvBntnshzzVmi84e.jpg
18068,http://image.tmdb.org/t/p/w500/srD54CdOctl9WWQHgmeWyRU7C0l.jpg
44667,http://image.tmdb.org/t/p/w500/uPGRxdBtxS1qRES8guq20fmJSWj.jpg
20756,http://image.tmdb.org/t/p/w500/m8CLj0g6hB2849rCLoWrkUkJpvK.jpg
14829,http://image.tmdb.org/t/p/w500/bNSZN0ngvxn75FTRe1JpM2g5BqE.jpg
515915,http://image.tmdb.org/t/p/w500/oTyxGtC6ngyl02lkJGRdCQBPv0P.jpg
1230477,http://image.tmdb.org/t/p/w500/k9vSQIv0rp05YCyOAnUi2cceiqR.jpg
988099,http://image.tmdb.org/t/p/w500/4GKNTtHE0LhI1GOibVHotgC2Pc9.jpg
597029,http://image.tmdb.org/t/p/w500/xV3EqymBPHovI23GKb23Q1zwCIN.jpg
414064,http://image.tmdb.org/t/p/w500/zzr5scWOqXvIqwDi2fP5t4cNrgL.jpg
300442,http://image.tmdb.org/t/p/w500/gxdbrp9UhXX5SSYvLRfHrDrBzXi.jpg
208624,http://image.tmdb.org/t/p/w500/o1CL2VJsa43Uo4BVzeBhO4Dm3hb.jpg
645439,http://image.tmdb.org/t/p/w500/aThbMkFyjAwT0CQreu9sxSkiBcv.jpg
22679,http://image.tmdb.org/t/p/w500/fDLKkN6k0fxog2vTKJEReMfV3F4.jpg
315520,http://image.tmdb.org/t/p/w500/13ojzcdgxnTeAtHlbXk09zALcbY.jpg
189077,http://image.tmdb.org/t/p/w500/mVQcQEoiv276muMUH2m4Kf0TGkD.jpg
48215,http://image.tmdb.org/t/p/w500/jKc4PsZxhEcRTTFCBI6M2dftjCz.jpg
16257,http://image.tmdb.org/t/p/w500/x64hBnOpH6Uqd0aDtyGotlNlKjb.jpg
145756,http://image.tmdb.org/t/p/w500/pGLlNeZH9a8PxhapV86S2y3AXt7.jpg
515056,http://image.tmdb.org/t/p/w500/vG5PYV6IkVD3CuaPQxwXT8rbeUx.jpg
66628,http://image.tmdb.org/t/p/w500/owNyTrZDbQS797bcXeLZovKPcCQ.jpg
76729,http://image.tmdb.org/t/p/w500/rmIvh9qWorbwDDEozCVUrZks3CM.jpg
162069,http://image.tmdb.org/t/p/w500/qemtaCXwo9sP6bYO8Hqc0o96JIy.jpg
25525,http://image.tmdb.org/t/p/w500/roy8HIZFXfNKHpvXoZIrlZ9dcVE.jpg
374056,http://image.tmdb.org/t/p/w500/hZ8mXFsjaE0gSkNe8vtr8UxZA4Z.jpg
162072,http://image.tmdb.org/t/p/w500/fyIYQ8nTNccBz9lGeDDGu4foLCJ.jpg
133481,http://image.tmdb.org/t/p/w500/3fdL3o6bI7u9PNemWocfeB7ndVT.jpg
34194,http://image.tmdb.org/t/p/w500/8WXAZ1CAXb3RXOtzjWHkuoBT6mB.jpg
506215,http://image.tmdb.org/t/p/w500/rHzAkK0ofrYfl9ubNQBiLsHEwRz.jpg
1474048,http://image.tmdb.org/t/p/w500/drWqajJkJcgKu0WQcfz3ohadLhV.jpg
432133,http://image.tmdb.org/t/p/w500/rAHxQskvpLINuG7fb2CnEBWoWgW.jpg
1282280,http://image.tmdb.org/t/p/w500/pBL4KrMAFk8iKo5T2yXvLMEe3ag.jpg
1223194,http://image.tmdb.org/t/p/w500/pnzQx2RyMM5DzHUfQZ5ouYOssRT.jpg
1179822,http://image.tmdb.org/t/p/w500/lNhpIb3IPEiEItt4xZpY1sRI5Dk.jpg
820530,http://image.tmdb.org/t/p/w500/vMzyq71sUoQ3atuQKQW8f5zg9Qy.jpg
85790,http://image.tmdb.org/t/p/w500/eDd82VDCUp1llxlKoSEMfJf0ZJ7.jpg
426518,http://image.tmdb.org/t/p/w500/pCAVPmDDvtdqKmzzQ1Bq7vVjQtH.jpg
160393,http://image.tmdb.org/t/p/w500/vDKjaBviFNTYjAk3p0AWiy5rpOu.jpg
345715,http://image.tmdb.org/t/p/w500/uBu8nXyhCDisVGt5DC2f4kw8BN6.jpg
35589,http://image.tmdb.org/t/p/w500/1kZuESURYvZb9WzV13XQ0jadEgz.jpg
497537,http://image.tmdb.org/t/p/w500/xpobR84x9CUHSj8uc3THqRtOJA5.jpg
128753,http://image.tmdb.org/t/p/w500/hsuT6j3hhRLCGc3IAepOQL5g0mn.jpg
277218,http://image.tmdb.org/t/p/w500/hfniiftuGyPDlZyM2RxjoVGioel.jpg
25079,http://image.tmdb.org/t/p/w500/o9BhrBQO1zDg6vJZBiso0eq2zd8.jpg
95814,http://image.tmdb.org/t/p/w500/pePmkhUX4VsyKA6hRJaBCniA9Wr.jpg
188682,http://image.tmdb.org/t/p/w500/hHqGEnNije1MpSmjem0na3nfIWT.jpg
282915,http://image.tmdb.org/t/p/w500/gR86g3D9DBJ7KueVJ4v59ymehqh.jpg
27867,http://image.tmdb.org/t/p/w500/dH4gdwZ8OR0ANKDBOm4OhlezH43.jpg
62447,http://image.tmdb.org/t/p/w500/nkPwYOV6zrRAfrtf7Oaam33jSNt.jpg
36523,http://image.tmdb.org/t/p/w500/RvUPLEJ3oRJnu9xhY73kBC31o3.jpg
516052,http://image.tmdb.org/t/p/w500/yVwD812mrFrpxp77GTJ8zZwBsba.jpg
150027,http://image.tmdb.org/t/p/w500/3CXLL9BMNNAC7yHSwEiqD731r7b.jpg
57635,http://image.tmdb.org/t/p/w500/hUdYO27T2g55OCzEdAQWz39PdnG.jpg
179934,http://image.tmdb.org/t/p/w500/aULrkB9JfavKd6UG8lfyBtTV0Ar.jpg
412383,http://image.tmdb.org/t/p/w500/eXtGLWEfv5f5O41vdOdeMAxnnIm.jpg
52439,http://image.tmdb.org/t/p/w500/cjvAyAaUetO8Gur7c6N6XD6TP1R.jpg
179931,http://image.tmdb.org/t/p/w500/8lGGLnHjXBDglmLK29uJCVdPJ7N.jpg
179932,http://image.tmdb.org/t/p/w500/bLSC3mqXmtyDwjaYR0fD5hmCePF.jpg
26595,http://image.tmdb.org/t/p/w500/zged85q5jE6qD0kbcasdhUXQinq.jpg
50237,http://image.tmdb.org/t/p/w500/7Xnv2inaDpwSg3sWVbOlbMPNSlT.jpg
166823,http://image.tmdb.org/t/p/w500/48na9Jhxix2zFCZEyD3hkNxxpaV.jpg
267963,http://image.tmdb.org/t/p/w500/of8soPaCpSTT4MeHlIOieaOidUa.jpg
114370,http://image.tmdb.org/t/p/w500/9vj8Td4OYEAyWi96TpLqLAjqg0b.jpg
55426,http://image.tmdb.org/t/p/w500/f7LcyVFAtDOMD8gcY1ZkuU8SixW.jpg
364982,http://image.tmdb.org/t/p/w500/5L7NUNTwHYA9TkLK3glf00gMFv.jpg
1172229,http://image.tmdb.org/t/p/w500/bNhtCiNR4eIzb3zCU2iTLwOzrS3.jpg
1051942,http://image.tmdb.org/t/p/w500/uJCR5fDGxY98T6WrkswRHPwvDg1.jpg
73716,http://image.tmdb.org/t/p/w500/40UYaXUkZfhLrU4uNmoPpK0IYsY.jpg
910850,http://image.tmdb.org/t/p/w500/6YkVpc9Dn1L2FHNlLOybpSKeGc7.jpg
793333,http://image.tmdb.org/t/p/w500/7HgPU5LpEM35r1YcsZ28ug4DVtX.jpg
165682,http://image.tmdb.org/t/p/w500/dwAZ49fyxyRTMwuIX0tLKnKAQzR.jpg
80079,http://image.tmdb.org/t/p/w500/DIlI874KB9MhK3Jr3UC4wEhwsq.jpg
166614,http://image.tmdb.org/t/p/w500/3skYaQq2vXNG58BFNGZkRq2PNNy.jpg
563689,http://image.tmdb.org/t/p/w500/3UGMc8uYgdJ1s6ugdbmVg6ne5h9.jpg
63486,http://image.tmdb.org/t/p/w500/ukrOk3p9JkJikPKgye3FHjD88GH.jpg
211825,http://image.tmdb.org/t/p/w500/pLTHE2gSVxQ8sMH9kVJTst9KWGl.jpg
59467,http://image.tmdb.org/t/p/w500/2Pedf3UI7SgoY5STeEBzNibZPEs.jpg
716668,http://image.tmdb.org/t/p/w500/ybfp4gjvsSZbJBQJR6r2JLss1z9.jpg
74623,http://image.tmdb.org/t/p/w500/9DsTePrtL4kqeh5cL30fHat4Yon.jpg
172591,http://image.tmdb.org/t/p/w500/i9OardwT06PAAsqKmmOx4zijIm1.jpg
87442,http://image.tmdb.org/t/p/w500/dugRUjNPO0vullROtBSORBH3eBD.jpg
53452,http://image.tmdb.org/t/p/w500/1pZkCK8YhbB7joe1ReHDZaQNrZQ.jpg
39045,http://image.tmdb.org/t/p/w500/5xPvpjR7kYJ93gWXqMdPIR3JI8Y.jpg
348289,http://image.tmdb.org/t/p/w500/8mwblyoWmpQz5ys8cPrkXJH0f9z.jpg
256439,http://image.tmdb.org/t/p/w500/dnEqkXi0oUo9jlQCUzhCN0Vxyx7.jpg
26368,http://image.tmdb.org/t/p/w500/1l8RUGcyikvdPtJGwCYkZaXaKiv.jpg
373394,http://image.tmdb.org/t/p/w500/edCSJgt6txtozr256Y3FjPuLPDk.jpg
627093,http://image.tmdb.org/t/p/w500/8FIw6AoEToSL4lXNWAuHIcy1Cyr.jpg
64168,http://image.tmdb.org/t/p/w500/iGHn8AHf03XmdTCjt80RIyiGOFs.jpg
150026,http://image.tmdb.org/t/p/w500/u2fZlzaBLwZRzqTnUgwXhjfArHS.jpg
86161,http://image.tmdb.org/t/p/w500/kb93QXxb5asfbWlNOeOVyMopKom.jpg
24154,http://image.tmdb.org/t/p/w500/8s19MXQUNyLnWvZ55wcAF0GS2VM.jpg
118408,http://image.tmdb.org/t/p/w500/iH3sQXQoJ8cLYKKGYQ8bAPqYrtD.jpg
154501,http://image.tmdb.org/t/p/w500/xNC7UBy3x4qEN99hN6fwZPdDekR.jpg
36198,http://image.tmdb.org/t/p/w500/vIeyDhUyEiWaIavy28XFBZqZubT.jpg
60669,http://image.tmdb.org/t/p/w500/1qR1LjPZLdgjfkjQJWf9ppHifjJ.jpg
80089,http://image.tmdb.org/t/p/w500/bCDVdpjhqbfMsSg0TlNeGMdg2el.jpg
1404404,http://image.tmdb.org/t/p/w500/6IAvfDmAqsFTFi66Qpf0GwpLiZP.jpg
1287324,http://image.tmdb.org/t/p/w500/2ZWHz2jNaxWhM3JXr56QR4hPUJl.jpg
1173976,http://image.tmdb.org/t/p/w500/iO7gXnPoGKF34wptFR0b2skeFS2.jpg
1119211,http://image.tmdb.org/t/p/w500/8dkLLrNDqrDh2pOPs1UZppDUBP8.jpg
991190,http://image.tmdb.org/t/p/w500/xZo0wYhHvniCqVHMcCV7z1qB1XY.jpg
192591,http://image.tmdb.org/t/p/w500/bDMm9qdsAuWEHFqT24yllrXtkZf.jpg
37297,http://image.tmdb.org/t/p/w500/tAL4CHOQZluwT8EFiFT1LlvsfW8.jpg
808604,http://image.tmdb.org/t/p/w500/t5AlOjywdZvokwqq0wJ9AsyF2RI.jpg
80536,http://image.tmdb.org/t/p/w500/iHO2YGaeBtMD1LMRdoSwNy9ibkj.jpg
68367,http://image.tmdb.org/t/p/w500/lrzZXEXPpML6aOuuDUbmgSNXAlR.jpg
64170,http://image.tmdb.org/t/p/w500/9BavPkpifVvFeZSjW0sQgqXEzMx.jpg
84155,http://image.tmdb.org/t/p/w500/bYbdoDoJJuMX1onDdpfzKH8ZvJ.jpg
68516,http://image.tmdb.org/t/p/w500/5rJDPpKGj4j9wVW89eU4mwagiXt.jpg
67090,http://image.tmdb.org/t/p/w500/wwccU0Ak7Zd2ZxQHdY3Fg0RHKs5.jpg
90450,http://image.tmdb.org/t/p/w500/3KoNhr51Z9quHDBVfiqSvCc1ice.jpg
394253,http://image.tmdb.org/t/p/w500/7SUOXLW6pbVJXq7Pv925LnTHXaG.jpg
73792,http://image.tmdb.org/t/p/w500/A3r4gX36vxLv31XHoueRHbMMuX7.jpg
76847,http://image.tmdb.org/t/p/w500/g5gCSa8YpQeiG7aO6O2poDvEvxh.jpg
109340,http://image.tmdb.org/t/p/w500/v0YKVlYc8i3ONY4F0VL8XhM8sIR.jpg
146523,http://image.tmdb.org/t/p/w500/xNkqn27sJpbULN650FovmfBDlBK.jpg
64154,http://image.tmdb.org/t/p/w500/qhwb4gwSsLlVbsCP4eQDyBx4VBa.jpg
126150,http://image.tmdb.org/t/p/w500/fIj0KDDPyaJ6HcqkdThTomnLQYi.jpg
128396,http://image.tmdb.org/t/p/w500/cFVgglkfaEoBZodxeP1VG9QrNd6.jpg
42313,http://image.tmdb.org/t/p/w500/vFab8MwNldV5ZaIuvDdro3HKXnq.jpg
56609,http://image.tmdb.org/t/p/w500/k5j0GR9Gc3fkHS5deIrXKWOBqGJ.jpg
85797,http://image.tmdb.org/t/p/w500/6i60GXvKTEPYibCXazge7Y1OiCy.jpg
33371,http://image.tmdb.org/t/p/w500/t2eZEWGQYKq2sr9jNQjPST0rffG.jpg
462455,http://image.tmdb.org/t/p/w500/hT6Y8dm1Mnar7N6nybFRK7THFJn.jpg
67010,http://image.tmdb.org/t/p/w500/dF8pSLw1jW4XzfLoiaH6vLmONeb.jpg
80857,http://image.tmdb.org/t/p/w500/7nRER0r2ZKQlP4S2gLkPUYGYwfY.jpg
80866,http://image.tmdb.org/t/p/w500/iRo4gxWnjh2nYfvbKDCopYzRo70.jpg
297188,http://image.tmdb.org/t/p/w500/rRSWfyHssE7NJAIPvMg4ChcqBnY.jpg
33838,http://image.tmdb.org/t/p/w500/yRuyXsh8aMXt95Mjj2Gaj9zADwb.jpg
99306,http://image.tmdb.org/t/p/w500/ndNmc7aQVzalas9Kb6cn3g4pYSb.jpg
53269,http://image.tmdb.org/t/p/w500/2NgbjljesNUFO1Z8CVN2LuWfBfn.jpg
131726,http://image.tmdb.org/t/p/w500/OiGxOPqVmwfMpjdZ9Z8WExLNog.jpg
55430,http://image.tmdb.org/t/p/w500/9scWJkRwBKlFCLWU3juCUHtgvfO.jpg
1557933,http://image.tmdb.org/t/p/w500/vvEcYoYk52CCaTDPof5YhVgq0GF.jpg
1061771,http://image.tmdb.org/t/p/w500/fpTOXMYJOkJNGKW5Z4Wsc6RAxlO.jpg
1385773,http://image.tmdb.org/t/p/w500/bz8toDcg1qrbeoFLwScC7ydR3Ts.jpg
1184951,http://image.tmdb.org/t/p/w500/1AH5vHnqPRh0IKtBKsvPPbVYDda.jpg
1051192,http://image.tmdb.org/t/p/w500/weDYR5NauwTYp8tLtkkUSA57cpb.jpg
942766,http://image.tmdb.org/t/p/w500/mqGdHGdIT8YjXoJK5pO7ha6JN70.jpg
918429,http://image.tmdb.org/t/p/w500/zEUzBN3O9RVOI6TwIAgIX5z1ZJu.jpg
561817,http://image.tmdb.org/t/p/w500/lw3ptiBIenA2jcmJ00xzguXrEbD.jpg
812306,http://image.tmdb.org/t/p/w500/y5hjfdBOvdKwDpocBHl6eDojcrY.jpg
516684,http://image.tmdb.org/t/p/w500/bEDDOBqvZVuOkChq2QigWusBjg4.jpg
258407,http://image.tmdb.org/t/p/w500/ghB87NbJxSnIuGkrQ5htTASepvS.jpg
833013,http://image.tmdb.org/t/p/w500/xgEKfldUm15WR9IKR4870SE86Ib.jpg
175066,http://image.tmdb.org/t/p/w500/fCMkpY2PeUuCJqk91lft4J1hgYk.jpg
273452,http://image.tmdb.org/t/p/w500/qyNqKrNmz8dG4ub3ZfaGWBVzdd.jpg
55296,http://image.tmdb.org/t/p/w500/eGgWRqaTxHVfhU9NlVgCnjYSl7y.jpg
551591,http://image.tmdb.org/t/p/w500/nJ5TxNLkIA3iOf8tzVHGkgBzjhq.jpg
726550,http://image.tmdb.org/t/p/w500/hVIYDxAD8v5jZ6MnroZ8jhc7nfl.jpg
469154,http://image.tmdb.org/t/p/w500/yQuPN9RGQrKjoR7Hf76knU2MMIM.jpg
632088,http://image.tmdb.org/t/p/w500/hjYBgV7LebZPpuaAUp7HWLxu5dF.jpg
711683,http://image.tmdb.org/t/p/w500/sERr77NWXFrVXbvtfbgsjnccZnF.jpg
74619,http://image.tmdb.org/t/p/w500/g54ikhveHSb8KSI3CE0bwkYT0UR.jpg
494064,http://image.tmdb.org/t/p/w500/rCX2CUYGUzcGZz3vXXf59dWtRgE.jpg
415547,http://image.tmdb.org/t/p/w500/9pCZou4YuLz057MR5lgnAHhPnW5.jpg
247029,http://image.tmdb.org/t/p/w500/4u3KomeLDVr0xYJhGIqjFzaMuC2.jpg
85311,http://image.tmdb.org/t/p/w500/gmFzkzaD4PG0MbP45KdopYMnzff.jpg
97907,http://image.tmdb.org/t/p/w500/5Hv98ZzTsXm7szxdU0BNrNvGkC4.jpg
380770,http://image.tmdb.org/t/p/w500/b6VwIuf9O4FsIwpjfzqtYsaA6Lq.jpg
56069,http://image.tmdb.org/t/p/w500/pQEmHnMMexRImjEW2YmcFN1o8e7.jpg
128878,http://image.tmdb.org/t/p/w500/buQjzchKfrbKioiptk22y2TQNSj.jpg
98952,http://image.tmdb.org/t/p/w500/81lzNbQfq3s2t1UYYUOWXTxZykK.jpg
150028,http://image.tmdb.org/t/p/w500/2iJ4jd7nC7f4Y4aejTFJurklLPb.jpg
150024,http://image.tmdb.org/t/p/w500/uVVqczwzMpeYH4wVsTUHcqpsNOh.jpg
500376,http://image.tmdb.org/t/p/w500/9HqHsH9059ROx6LdKeWmxAJp4S7.jpg
36613,http://image.tmdb.org/t/p/w500/bcLVfVAQthw78bGNIoZWATsPdbP.jpg
297676,http://image.tmdb.org/t/p/w500/dKPgoFijvq7zsNtPnPvcejNXxYG.jpg
55438,http://image.tmdb.org/t/p/w500/iFDzVk0FAQu0K0xZWGUs88mk3bH.jpg
1548774,http://image.tmdb.org/t/p/w500/mcOAy0G9mfEzvXBQNRnOw30zsqT.jpg
1543565,http://image.tmdb.org/t/p/w500/tkk4fGgg4LzzKZjabtkJ89jWC28.jpg
1470329,http://image.tmdb.org/t/p/w500/duRjZKJvviuExzcliHSvrdLdDuv.jpg
1220441,http://image.tmdb.org/t/p/w500/wLNWK22kGDa3JTDKav7bn2pD2Y3.jpg
949581,http://image.tmdb.org/t/p/w500/25MkSPKzlqbFwXhGU3KFm92WbL1.jpg
937369,http://image.tmdb.org/t/p/w500/AvJCBHWpxYcjgyObEZlqg9dMRXs.jpg
918427,http://image.tmdb.org/t/p/w500/kZi5vDG22q53oV0fmRxJhUgP61F.jpg
257514,http://image.tmdb.org/t/p/w500/6j6hOK21Rac5Im2S51Da8XLqbGB.jpg
843269,http://image.tmdb.org/t/p/w500/vtTSvyjgfgQ6ASiiwxHgmC2LrmV.jpg
80142,http://image.tmdb.org/t/p/w500/p74c7wlQpXOXJfUFBsiJgiF0Ew6.jpg
118410,http://image.tmdb.org/t/p/w500/4surIPIyfo16BohaoJViu7m1X2G.jpg
248043,http://image.tmdb.org/t/p/w500/7Cvsi3bSk05HhgJ3o5jexZ1gVCj.jpg
236308,http://image.tmdb.org/t/p/w500/dR2ESH3c0vrIjXKUM2AaqNdNXvL.jpg
674683,http://image.tmdb.org/t/p/w500/1Zzfh4ccoe4eoxQEvHIMSwU4ipT.jpg
214157,http://image.tmdb.org/t/p/w500/44fed1DTqH7CP3R0z6jKTHURRjU.jpg
168273,http://image.tmdb.org/t/p/w500/2Xeuh79j2N2Ag9P5QP2C3qVHNyR.jpg
326146,http://image.tmdb.org/t/p/w500/wnjWAqU5nZoxR6zG2uJtRNw5bjY.jpg
323389,http://image.tmdb.org/t/p/w500/sey2LxrYGcnyXi9lEj9sJQpjOcM.jpg
90937,http://image.tmdb.org/t/p/w500/fao16WdDU4qHQR5PgPLh4HdZbvg.jpg
80860,http://image.tmdb.org/t/p/w500/vSl1FVGHb3ZWFtQy9H9TOpJm2Ow.jpg
34834,http://image.tmdb.org/t/p/w500/3N75fNdQg2QwJqXJGzHeZU2S6nC.jpg
326904,http://image.tmdb.org/t/p/w500/2KdnqaPGxXc6PpoSrg6aWdrD02b.jpg
31034,http://image.tmdb.org/t/p/w500/gnawlBOVqwZYldBckYyGdCzMm3s.jpg
70337,http://image.tmdb.org/t/p/w500/PpQW3gH7mlKfJyocoxa8FSt0J5.jpg
139287,http://image.tmdb.org/t/p/w500/q9pnTSzZME4B2asVrAoyhGlwfk3.jpg
85802,http://image.tmdb.org/t/p/w500/z0eJ6Ht3jMmMHqPKVTiJmUotRYm.jpg
76721,http://image.tmdb.org/t/p/w500/p9MPMTMZyQ4bGv9TqePvGiPcXUI.jpg
100371,http://image.tmdb.org/t/p/w500/vNTtwNEIcvbhN08QeyLJsyejjiR.jpg
265829,http://image.tmdb.org/t/p/w500/rP7xdPrHRzeurLwemEIlRu7ogSa.jpg
179453,http://image.tmdb.org/t/p/w500/zhiNSXz0X2s9VuHqQG2eqwIxURK.jpg
125510,http://image.tmdb.org/t/p/w500/aMoC3UJ2QLqJj8MOGsoNhthdMtm.jpg
87270,http://image.tmdb.org/t/p/w500/c3ut5CbzJCIh15YYdW6kfUDFF03.jpg
55437,http://image.tmdb.org/t/p/w500/kC4A9ayVCAEgAiZmn0x8RLsrQ3C.jpg
55435,http://image.tmdb.org/t/p/w500/tqYWkvuUNTjqAIeLSvGtxa75uMb.jpg
1166569,http://image.tmdb.org/t/p/w500/3lCjLP7JJNSCSqUrAOFQcjvMiiu.jpg
1439741,http://image.tmdb.org/t/p/w500/nLfTBNYiusOSWdb17nLwUfXDgSz.jpg
1310672,http://image.tmdb.org/t/p/w500/n6YOsMXed9z3NHIPptmAocOfh4Q.jpg
1282837,http://image.tmdb.org/t/p/w500/gUerOAwEMhk79q9xlM2tcqAkhdL.jpg
1094448,http://image.tmdb.org/t/p/w500/lIw2vkZJllnKvp9xuqZI1BaSVqK.jpg
991364,http://image.tmdb.org/t/p/w500/AvJicfwlrore75fvDAl4ocyEVZn.jpg
970522,http://image.tmdb.org/t/p/w500/mVaKcUta4nsEA5XIVEG8wGKw0W9.jpg
959646,http://image.tmdb.org/t/p/w500/a4xxEU8MQLaVeduHUe3nn7m5iXd.jpg
893250,http://image.tmdb.org/t/p/w500/m2IUKpVpKrgcQZcLrymr24wzS22.jpg
843267,http://image.tmdb.org/t/p/w500/bigcS5uX9bAPeMQcPUWMDUxgaxk.jpg
218769,http://image.tmdb.org/t/p/w500/g1XPpZVFyjc6ZmtDQzkDpmdxCYQ.jpg
78260,http://image.tmdb.org/t/p/w500/7p1SJedtzDCAoriGxVHC1VIeAXl.jpg
432128,http://image.tmdb.org/t/p/w500/YOr0qlKhlsGZzYnGj3EUxBdyFh.jpg
42180,http://image.tmdb.org/t/p/w500/uCXOtA84ev2r2PKy9uM4pTNyL26.jpg
418605,http://image.tmdb.org/t/p/w500/com6GmVbW1qdII0yhhtucyMzaoE.jpg
506643,http://image.tmdb.org/t/p/w500/8xlCJLPOnYcqVeCOzmXpicyCEOA.jpg
141521,http://image.tmdb.org/t/p/w500/w9tii0NcYsx66Rw8GzQf73cUJuL.jpg
326148,http://image.tmdb.org/t/p/w500/3RF3n75HLIPtOaCZGqdt5OzkbFB.jpg
314102,http://image.tmdb.org/t/p/w500/wIZq8wzMAV148j9mrES4vUOF0Ou.jpg
166684,http://image.tmdb.org/t/p/w500/1mhAKniujIZHExUGkYbMbT0rGXk.jpg
635684,http://image.tmdb.org/t/p/w500/ozWEty1OUHMApJlPhogOlRzExdB.jpg
635686,http://image.tmdb.org/t/p/w500/h6gIyUaAiu1NRCyiMi8Qj359zel.jpg
648457,http://image.tmdb.org/t/p/w500/myQiAsoHWmVcoHkpYqb8jI0fhGD.jpg
182768,http://image.tmdb.org/t/p/w500/p1Y9NHZk3QhjRadboU2BkdhFxZD.jpg
80405,http://image.tmdb.org/t/p/w500/uiE9Vh76MXa4RpfsN4dZWlNnavC.jpg
181522,http://image.tmdb.org/t/p/w500/quAsWHbyfWTo2jCn9yR7Z8TjqfX.jpg
432057,http://image.tmdb.org/t/p/w500/cRFeaiG0NMQBSABTyhx6bNfDnSy.jpg
85799,http://image.tmdb.org/t/p/w500/nDvHZZNKLrDOKBDK1aYSTfGQbmV.jpg
120437,http://image.tmdb.org/t/p/w500/5EjdYXWkZ4tgzcIWsUSdutgfTBt.jpg
47341,http://image.tmdb.org/t/p/w500/s6taulaRtux6h927v5jaPSyLYUO.jpg
74617,http://image.tmdb.org/t/p/w500/4QKgmIIQHvy5y1zQ0G4TZHB4ZIq.jpg
211814,http://image.tmdb.org/t/p/w500/1jBC6aXXrv73omHwrDoxMKOvWpO.jpg
222960,http://image.tmdb.org/t/p/w500/2diOj0JNk8hyMh5t3lDwQaw3aDt.jpg
144920,http://image.tmdb.org/t/p/w500/gp9fIBFxlzTMTA4LLau69Meg6fU.jpg
30620,http://image.tmdb.org/t/p/w500/8dmDh0VIZEIlmL17iHWDezXPKDh.jpg
37049,http://image.tmdb.org/t/p/w500/6NEExXlGqwsIhw30eVKzLG0BPYo.jpg
85796,http://image.tmdb.org/t/p/w500/8KISUMvqRB545wmhfi0nisQsPtR.jpg
547912,http://image.tmdb.org/t/p/w500/fnt35Jce9OZGzryi8bMxI9P1cJP.jpg
58828,http://image.tmdb.org/t/p/w500/wryQZXn0qyHQQcOpCHnGZhXwm3.jpg
51106,http://image.tmdb.org/t/p/w500/l9UpYIUzYn63FXNlPcbUzTw4vZL.jpg
67583,http://image.tmdb.org/t/p/w500/nAThFKUrnk8T5gT0egtFxwIP4xN.jpg
22503,http://image.tmdb.org/t/p/w500/dn3LniVvTYI5TnOfv3PHJMlreHp.jpg
72557,http://image.tmdb.org/t/p/w500/mxF7qFNtUxplT82iJ9N5kae3ab5.jpg
50716,http://image.tmdb.org/t/p/w500/ueSkyihvsnNRRv3SIKmmp69Y9Pl.jpg
1264338,http://image.tmdb.org/t/p/w500/x6TZQwJ1mADCQTz0bxy0EZX4A89.jpg
249424,http://image.tmdb.org/t/p/w500/26rgKiKAGXLCBt90cs5srV04IwE.jpg
568024,http://image.tmdb.org/t/p/w500/A1pHZzt1yQ7aF2sDLgjfkEXkxV6.jpg
1214138,http://image.tmdb.org/t/p/w500/5UHcz5eEP9CDCR4rlyNW4HxFdzM.jpg
1211650,http://image.tmdb.org/t/p/w500/6syoC5OBieIpvfjHWyHN72nudM0.jpg
1053075,http://image.tmdb.org/t/p/w500/bcEl5C4vvSULfFxLHeTr7FlK7ax.jpg
1117291,http://image.tmdb.org/t/p/w500/a0xNaec0ZhHOClgwfZdVYcEbL5c.jpg
900497,http://image.tmdb.org/t/p/w500/5pwWLiqtWcH2ZAp0dfY8hXTPZDd.jpg
507022,http://image.tmdb.org/t/p/w500/paF9j0ft3woVDl9D3R0fsNd6n8q.jpg
1068607,http://image.tmdb.org/t/p/w500/uefl1nNHe9WOj2JYECCT0wMSAYT.jpg
413164,http://image.tmdb.org/t/p/w500/de8pcCDwgQ6Mne5Z0NxsQr2D943.jpg
55566,http://image.tmdb.org/t/p/w500/10SnRCGYANzX3QeY9fSEPIc1p2i.jpg
831775,http://image.tmdb.org/t/p/w500/aED1Nyd82Flo74CaxKi59YONOqq.jpg
132382,http://image.tmdb.org/t/p/w500/v5MrKG5CXe4Eq2J4M3xRSSuDkMl.jpg
620138,http://image.tmdb.org/t/p/w500/4OZf3gNeifQTeQbqTKtu4asRws3.jpg
179883,http://image.tmdb.org/t/p/w500/dR7ITgav26onfb2KPjIYnKqjG0J.jpg
470639,http://image.tmdb.org/t/p/w500/fRdxgR85XX5BAWsPETWW7t3UfdV.jpg
271540,http://image.tmdb.org/t/p/w500/8eQX6r1b50QqOHldDSemMCyrFwn.jpg
34577,http://image.tmdb.org/t/p/w500/3B85NHx0vN0ykU9zuUNttLZirJe.jpg
84752,http://image.tmdb.org/t/p/w500/yMMpQh5S3GOR7KXz38WaPhpBXWh.jpg
172124,http://image.tmdb.org/t/p/w500/6JgzPDEGr5uCYrKX9nHv4JTDbyt.jpg
140974,http://image.tmdb.org/t/p/w500/kpHJxzLyyEZfuNu5DLrIzS7gXlv.jpg
150434,http://image.tmdb.org/t/p/w500/4LNhz62BIwfDwQ5xoSWwz8EUJEq.jpg
466574,http://image.tmdb.org/t/p/w500/ieRmFcTCuzVhV82ryKKxYUe8060.jpg
213706,http://image.tmdb.org/t/p/w500/7BRebTEMQ18yUaKYGhkfuLYi1yL.jpg
172347,http://image.tmdb.org/t/p/w500/uo8vdkendmzKVWUWv6i9ZIPAOW6.jpg
270482,http://image.tmdb.org/t/p/w500/jhqgkFeqteDyL5Om322KihkvZVA.jpg
48101,http://image.tmdb.org/t/p/w500/hkCjPG2ljGEXpIbKrw2Wt3bO1RS.jpg
103368,http://image.tmdb.org/t/p/w500/wsUdCOhXPgR1ZwawOaQKGZTe9xi.jpg
85806,http://image.tmdb.org/t/p/w500/tu4FxgMPeuaLge09z387vzfOFC2.jpg
709071,http://image.tmdb.org/t/p/w500/pV1HxpsBfkrvaCTQeGHNCP8ArFe.jpg
351802,http://image.tmdb.org/t/p/w500/4dHhXEVT02zERFXKlHMgMGEGczR.jpg
553932,http://image.tmdb.org/t/p/w500/96z2nt0c8agVjlfvDys5n1LeBfL.jpg
57869,http://image.tmdb.org/t/p/w500/aFD9uh6alAK66B3RZtJIGtHAMrB.jpg
51415,http://image.tmdb.org/t/p/w500/eM25cJLJeNvutDUpjltmAgss9t7.jpg
88852,http://image.tmdb.org/t/p/w500/2n86GPjcd51wMNgGJj7dwCJhG4a.jpg
36132,http://image.tmdb.org/t/p/w500/mCBPbCbRA1tRT9MNZ5oeLjOcP55.jpg
69131,http://image.tmdb.org/t/p/w500/8XgfzAIcTtrTp9deUgwYr5gipHg.jpg
390539,http://image.tmdb.org/t/p/w500/fLl3dRazLrcq0mjmVhm4s7hjLbP.jpg
84160,http://image.tmdb.org/t/p/w500/d8qMD7S7JJ8bboY7epCTccj4BTI.jpg
67128,http://image.tmdb.org/t/p/w500/9PZaeU6pWSL9a6P0MHoXSQn7wbZ.jpg
34102,http://image.tmdb.org/t/p/w500/bnuQpUnmo2rvjLGYehcf9qnaGKE.jpg
34037,http://image.tmdb.org/t/p/w500/5bifqYXdl6xbHpmOWn6lYp9xKgQ.jpg
680113,http://image.tmdb.org/t/p/w500/gmKO1t9eXTmqfIgACJsixt0dkD0.jpg
33176,http://image.tmdb.org/t/p/w500/qMavOcSOYrG81AU8L0D51YsWqQc.jpg
137502,http://image.tmdb.org/t/p/w500/tleXiImwtJmCs1uYXi18YhQNOzK.jpg
45932,http://image.tmdb.org/t/p/w500/lnBOoTbsKctL2COK0XZXQxkQpuE.jpg
431230,http://image.tmdb.org/t/p/w500/sPvBWFJJekQ1BuTR6c1XjLNZtlf.jpg
1353778,http://image.tmdb.org/t/p/w500/n0F2p3ZVyAHwoZvqZ6GD9wpOMXT.jpg
257473,http://image.tmdb.org/t/p/w500/a0mvpekNKFpB8qKKl7BTvhJ2Qd1.jpg
1000092,http://image.tmdb.org/t/p/w500/x4zurVeaQO4Vvd4bCqVyiNyFmra.jpg
935017,http://image.tmdb.org/t/p/w500/gxlpIrCugWErXUNSEjQ15r20lxO.jpg
872865,http://image.tmdb.org/t/p/w500/kXQA3OPVmomXgD73mHafQtLglYw.jpg
829424,http://image.tmdb.org/t/p/w500/pMvnuiVargRWCsRvI3SjYsRgISg.jpg
62455,http://image.tmdb.org/t/p/w500/qfezAZyYCzWIB2LWp5PQ7ZDtJj1.jpg
790092,http://image.tmdb.org/t/p/w500/el8gF17YSDjr98CLXykKD3I98CJ.jpg
393528,http://image.tmdb.org/t/p/w500/qORMjA4Pw3VgvNnUFmpeWTaLBDg.jpg
68364,http://image.tmdb.org/t/p/w500/l0V7kkv27rIQdLF8UyLm3DqqnMy.jpg
256838,http://image.tmdb.org/t/p/w500/5dxswEB1jUDCL0UGQOs1f9tK1UI.jpg
526464,http://image.tmdb.org/t/p/w500/3pou00d99tRlccmtyR3NL1vc8IQ.jpg
658562,http://image.tmdb.org/t/p/w500/9LSfAmZLv901VW0RwsSPdM0nAsh.jpg
500626,http://image.tmdb.org/t/p/w500/t3Ip5rdy3P3NLnJewCQ3yEsrpsZ.jpg
74621,http://image.tmdb.org/t/p/w500/fpgHGChcRsHD90LcTUkon2Y9r6i.jpg
271948,http://image.tmdb.org/t/p/w500/i5jdOxUrVxVH24WSV1UbypBjfnv.jpg
71449,http://image.tmdb.org/t/p/w500/w78m7imvxfn5oJCEOhbfFYW5hLn.jpg
55615,http://image.tmdb.org/t/p/w500/4v0rgZK5DtoE2UZ4dpwAcmTMQPO.jpg
251385,http://image.tmdb.org/t/p/w500/1ukoNPb4P11yt1NGlY1iiv3NkZ4.jpg
372762,http://image.tmdb.org/t/p/w500/jqjXF8qmDSqD8YEZMhVESqVBZq5.jpg
325567,http://image.tmdb.org/t/p/w500/mrVhUlTaJo0cNjjlBceEcC6hWuW.jpg
326238,http://image.tmdb.org/t/p/w500/rscJ5H4OrT9O7QpqiEVyMAPIrAn.jpg
552490,http://image.tmdb.org/t/p/w500/if7VjwRrBxUNGS2LqrgG5lOemZ7.jpg
74622,http://image.tmdb.org/t/p/w500/yLvRgri9oO5RodZiMwJDgJzAKHp.jpg
346026,http://image.tmdb.org/t/p/w500/kmwOeJxYb2v2wRZ7hTmoXRmE8pJ.jpg
76740,http://image.tmdb.org/t/p/w500/57uLoJh68cKsBKUEoe3JJvVR75N.jpg
103672,http://image.tmdb.org/t/p/w500/jnBqcLusk6Empw6yqCNUzaRH5vn.jpg
110395,http://image.tmdb.org/t/p/w500/xP68rOqXaCmPToabihND4UufQKA.jpg
88882,http://image.tmdb.org/t/p/w500/mjeAQ50GeBLfGRWjYoPnwd8CFPM.jpg
186969,http://image.tmdb.org/t/p/w500/hNiOMm90Ei3prxgh3nnbXv9WVKG.jpg
85793,http://image.tmdb.org/t/p/w500/sKuiJyIl17cEMIJwysWqvEsilh3.jpg
187695,http://image.tmdb.org/t/p/w500/rUYCeDI0zNSEBlxvOvxSzJRWh3X.jpg
374206,http://image.tmdb.org/t/p/w500/7zZGlOdNACA0hM30rxCkHJKugip.jpg
300773,http://image.tmdb.org/t/p/w500/mlTBM0AtHlzcxYv5guMPi1Hm3yM.jpg
475997,http://image.tmdb.org/t/p/w500/vdlU59G7NVcCY1vydPfEKp28KSN.jpg
280439,http://image.tmdb.org/t/p/w500/6dpaF2XhK2JKAg3e37z26spo56O.jpg
22809,http://image.tmdb.org/t/p/w500/1NkeUdj2YjLffpaOM46rg76zrvy.jpg
648969,http://image.tmdb.org/t/p/w500/y3m1VovAyty5tQtogBEhf7a4TXe.jpg
636963,http://image.tmdb.org/t/p/w500/xeyq5AYyGRXozcKrZzsjcXKsMhQ.jpg
123950,http://image.tmdb.org/t/p/w500/j4VqzApv6jBDDQwX3bbEs04n25f.jpg
46219,http://image.tmdb.org/t/p/w500/mNc9O7Y35pbyWIjnkfYKr95db9B.jpg
146006,http://image.tmdb.org/t/p/w500/uDAqafEBgoO7xeRFH43ObgRQqf5.jpg
81531,http://image.tmdb.org/t/p/w500/9Gocju1AtQcPmgz1F1skbF94jGC.jpg
464038,http://image.tmdb.org/t/p/w500/fdFxuckun446PsbjhfeunhgKeLF.jpg
239366,http://image.tmdb.org/t/p/w500/ezcPT8J0YFagm8jC5Tuj6i6A4pL.jpg
276903,http://image.tmdb.org/t/p/w500/qPyDnEInQO8kcs3q3Ee6aK79a2Y.jpg
1418665,http://image.tmdb.org/t/p/w500/moL1IodSIlWVwBiBqC83Xn3UlXc.jpg
1362429,http://image.tmdb.org/t/p/w500/qOCnr7MNK3jbWcLFusveOd2wsIe.jpg
1263462,http://image.tmdb.org/t/p/w500/nYnr7wkwfMaOtqIzYYr4mrpDlZ9.jpg
1143875,http://image.tmdb.org/t/p/w500/nSgpvj6PMu36T71ks9vPl3LTzGu.jpg
1068602,http://image.tmdb.org/t/p/w500/nh6pAlgsGTgenEHBXL0hhdx6dKq.jpg
994319,http://image.tmdb.org/t/p/w500/aPdyfAxCZ0tPdSzYpDXsMQz3EEI.jpg
994311,http://image.tmdb.org/t/p/w500/x3AO1DbDmyF6FM3NsovK3k4oy3.jpg
975030,http://image.tmdb.org/t/p/w500/8l8aQYxRYWkauZCtFNCo2jdqmTj.jpg
849420,http://image.tmdb.org/t/p/w500/gTCv5psxQBxjmyrSMLOVM7wAheQ.jpg
813707,http://image.tmdb.org/t/p/w500/pdKPzQsuzdz6FRSKqeP3ivkSiGE.jpg
266566,http://image.tmdb.org/t/p/w500/oa6m7BAF7ULpX3t7oTkqR6x1BVi.jpg
164471,http://image.tmdb.org/t/p/w500/mtwyYUtuIU04dUo55z5tlWd0FTp.jpg
62450,http://image.tmdb.org/t/p/w500/nG46oSVkSbNg1nu2yDIShEzK5DK.jpg
597419,http://image.tmdb.org/t/p/w500/n57V1Dv31lLCpdqN4KARSBt8OHd.jpg
83212,http://image.tmdb.org/t/p/w500/2RbRaQNtLkmo1JCAbWW6vgajcvT.jpg
55881,http://image.tmdb.org/t/p/w500/nPSI71WTd3sPcm3rf2WFTvaSEtD.jpg
120422,http://image.tmdb.org/t/p/w500/l1A4hX0uHLbpo922I0JgHrJQTi3.jpg
571573,http://image.tmdb.org/t/p/w500/dn0s9dammO2Sckt1TXBrpIcY0Qv.jpg
153577,http://image.tmdb.org/t/p/w500/d3BtPKfq43tkaCq3IJfFp1D21es.jpg
259169,http://image.tmdb.org/t/p/w500/5NN3HIyUSb2KDUrN6BjcmoJf4yk.jpg
749401,http://image.tmdb.org/t/p/w500/vO55J44ZJx4piMkTGpG1XKTKVJq.jpg
50742,http://image.tmdb.org/t/p/w500/rYhrnjXu3jlyLOxamIOuRvZFAbn.jpg
290062,http://image.tmdb.org/t/p/w500/wt3tTtYfvchDTwpOywRUmxfHVCQ.jpg
39267,http://image.tmdb.org/t/p/w500/kdnSTDpAAHKFrznxfkiwPoTbD0d.jpg
71494,http://image.tmdb.org/t/p/w500/anAXBalIcP3boqBtqwFgFsMzNO8.jpg
75175,http://image.tmdb.org/t/p/w500/ghaJ05SzfGFhuPSaYVwcevO5kgr.jpg
193336,http://image.tmdb.org/t/p/w500/dXjHUH8vsDogJF5636hr8y6T11K.jpg
305396,http://image.tmdb.org/t/p/w500/52JSwAqgHfrpQ8S5RgQB4hZAD9q.jpg
667347,http://image.tmdb.org/t/p/w500/6CPpeaercnX5zlohzSPJWJWKPwC.jpg
390832,http://image.tmdb.org/t/p/w500/kZBHK45UlF8FUtYMqE5GgvQMWN0.jpg
647994,http://image.tmdb.org/t/p/w500/8myZ2Uze9Yx7KaEoQ5dQWaNpaAA.jpg
179985,http://image.tmdb.org/t/p/w500/99ZKfA4wb5fc9FR12buDVqV02Ih.jpg
117347,http://image.tmdb.org/t/p/w500/cl283GIzzoYHrdq2hnJb1CFCoJF.jpg
174712,http://image.tmdb.org/t/p/w500/7uUxVv8sHIO8LIcPeGjZx8LC02V.jpg
249246,http://image.tmdb.org/t/p/w500/tnyHPjXOEnWD6wMzNWRJrn0Mh2g.jpg
235289,http://image.tmdb.org/t/p/w500/5kSJBt62TSdgII7x9BJSniennSX.jpg
68892,http://image.tmdb.org/t/p/w500/gXbiOgCkOXNdnDz9KFqYyWSXZ55.jpg
109355,http://image.tmdb.org/t/p/w500/zk3OefCZQt71SoTRfx71AsdNl21.jpg
68406,http://image.tmdb.org/t/p/w500/37H2LSpVes7ztyfpjDHhgcKTegH.jpg
268266,http://image.tmdb.org/t/p/w500/1lXFZSEodyuT2x8qYWSSqawZF6w.jpg
301515,http://image.tmdb.org/t/p/w500/8SY6qJNpMqI5QR4Uudly0e68Qvk.jpg
67841,http://image.tmdb.org/t/p/w500/dZcPLKfsHQ34SOfKSqaYHzEvCH7.jpg
246663,http://image.tmdb.org/t/p/w500/cE3CAxuPqTTbvxT8VWgM8QNlJXl.jpg
112538,http://image.tmdb.org/t/p/w500/kT21JTUQrMXgTxYjLxG7RTJOqbU.jpg
112545,http://image.tmdb.org/t/p/w500/9Pa82JvAmUEyapXubOu1ZRdhoaS.jpg
63420,http://image.tmdb.org/t/p/w500/8J7RKFZebNmW87ps7q9yrpm1Eue.jpg
42073,http://image.tmdb.org/t/p/w500/u4scnHkhef22PwGyIrFSW3OcULi.jpg
178011,http://image.tmdb.org/t/p/w500/nhhTRfnqu17aFPYBHYLagUDVGGG.jpg
256768,http://image.tmdb.org/t/p/w500/j7o5N7AzOmbbvWnp527RGt1IqZ6.jpg
42076,http://image.tmdb.org/t/p/w500/somqDjxUTbPB2xfaLcLPIW7CgAC.jpg
222471,http://image.tmdb.org/t/p/w500/81GgoQrVMrqdq3wvJcNad0YC21s.jpg
496349,http://image.tmdb.org/t/p/w500/gsrn9gRgRGoVuYb5kYFgnprx3Hn.jpg
372765,http://image.tmdb.org/t/p/w500/mQZbQffOnLE2Nc6UrGN7I6QabZw.jpg
641909,http://image.tmdb.org/t/p/w500/fFGxlUcdOUYSjD9x7kgHjOhEacH.jpg
39954,http://image.tmdb.org/t/p/w500/x8BmuLT5lxj8wnBpo9qJ2nca7TD.jpg
56362,http://image.tmdb.org/t/p/w500/8KSWUx4HNxfT2Klyl8lUpm1AVl7.jpg
102973,http://image.tmdb.org/t/p/w500/2FJLTvWErabgabH6Z7jibqMj5jq.jpg
923659,http://image.tmdb.org/t/p/w500/z14r0rvgCxiTkAWYBoSbxTtPQsE.jpg
379152,http://image.tmdb.org/t/p/w500/pv5SLsBSrziVXveyG4r6zpOZ3h3.jpg
255510,http://image.tmdb.org/t/p/w500/9sbY7pIoUdSr4kOkCb0seaiPRjl.jpg
48405,http://image.tmdb.org/t/p/w500/5hX6RPK3lb2nTfU9amMhttjszDr.jpg
55880,http://image.tmdb.org/t/p/w500/fiQZIJijTdCpUgDAVsV1HfVRcIi.jpg
334361,http://image.tmdb.org/t/p/w500/4YU73XSpQJXvrdgSYOp3ePYMuGA.jpg
178618,http://image.tmdb.org/t/p/w500/wmsZpLs2gDyj0Htpsxfpr6q8vtU.jpg
41421,http://image.tmdb.org/t/p/w500/5NZLm4rba87tHP0eSdoMdon9ipE.jpg
316301,http://image.tmdb.org/t/p/w500/nyOQkzQfGDOPMjE2zqOxBAp6CzB.jpg
579567,http://image.tmdb.org/t/p/w500/yWKsI33sCZNYSDHWv9CUzIs5A8p.jpg
757683,http://image.tmdb.org/t/p/w500/dtKFnwXB22shtAExRvUZn08Rwma.jpg
49734,http://image.tmdb.org/t/p/w500/x9ITjjHgQvVlmGSM4eclN9he5eC.jpg
100684,http://image.tmdb.org/t/p/w500/wc30FG9WPMosBAD9Ger15bpur5V.jpg
412381,http://image.tmdb.org/t/p/w500/gZTdGghb7EArLG9KAM2iMo4Z8Qo.jpg
75177,http://image.tmdb.org/t/p/w500/twWBFwZMCJgxh2zBCmlntmOkOhu.jpg
87636,http://image.tmdb.org/t/p/w500/sl6AQ6A40jTiB0PkIjreF09BqEw.jpg
305404,http://image.tmdb.org/t/p/w500/3an2PVgw5TWcXq92KgFf1vv8V1v.jpg
63422,http://image.tmdb.org/t/p/w500/gDdsX9nKHtbD0iYW5yHGT9oDSrw.jpg
245010,http://image.tmdb.org/t/p/w500/A49fyoCb99BzUPWu5P6MoyyX9ES.jpg
415288,http://image.tmdb.org/t/p/w500/ujfCkuFPL77MMHtN2wkrbOUPqhh.jpg
53997,http://image.tmdb.org/t/p/w500/eV34WojavIcpQo79uRqweY7mKbU.jpg
39690,http://image.tmdb.org/t/p/w500/21u9g8RgxJ95Qe15H0FzCOqLmss.jpg
172418,http://image.tmdb.org/t/p/w500/guIoz0TElP6udn9YajiW3ciuL8s.jpg
60705,http://image.tmdb.org/t/p/w500/41FU32RPNo3B9PUkuGkIbe0U6op.jpg
284755,http://image.tmdb.org/t/p/w500/oUAtcqCczu1jIJ8m4y7YC0vUM5y.jpg
132318,http://image.tmdb.org/t/p/w500/rrdTlA0MfKLcEAS62lH8f4TzaZm.jpg
334724,http://image.tmdb.org/t/p/w500/me88ndkG6Sh88Ps4TUfW3qYdMFo.jpg
87958,http://image.tmdb.org/t/p/w500/x2sa1l8YfMS3P5IYYXkaxqOM3Tv.jpg
120115,http://image.tmdb.org/t/p/w500/AcJC9aV3FY6nShAYZhHJSImI8hb.jpg
38564,http://image.tmdb.org/t/p/w500/dKrfCuuVnVIQmt2qKp6LFxKKqj2.jpg
77194,http://image.tmdb.org/t/p/w500/hhshXn2w88U9dgfnGsFtVwjrX6.jpg
357413,http://image.tmdb.org/t/p/w500/upjzqDaiO7cKyIr84dB5Ih6jEM4.jpg
75915,http://image.tmdb.org/t/p/w500/tlpB9gpMTJgQUCzfY5rUPrCVyxB.jpg
91515,http://image.tmdb.org/t/p/w500/fQWkezCAOoNbfWXSSDDza5adLwc.jpg
310576,http://image.tmdb.org/t/p/w500/dC2EDGSuoUvo2za7VXv91iZTuo3.jpg
551589,http://image.tmdb.org/t/p/w500/yLRBJEnwNBFfaldbmvkwkL1pEI3.jpg
579562,http://image.tmdb.org/t/p/w500/9tJADS5afpkAwdgBmQGvcpsZsBt.jpg
579564,http://image.tmdb.org/t/p/w500/9dzW3pJxwn5nmUqnuuy3C0088ug.jpg
76427,http://image.tmdb.org/t/p/w500/lkFSyOlOYR9uFEVdaomccaPnEqR.jpg
33469,http://image.tmdb.org/t/p/w500/WKHTyOQgdUxFpbbkTqWc0NGJtv.jpg
85792,http://image.tmdb.org/t/p/w500/2GpKZlqszB7c7FjOBwpIGK1cBvB.jpg
479248,http://image.tmdb.org/t/p/w500/mf8M4r8Xipe2BIraIEZnnsU2i09.jpg
198411,http://image.tmdb.org/t/p/w500/R1fTSxCOp4u4PKkUkkgj8OXA1C.jpg
212471,http://image.tmdb.org/t/p/w500/2WoNyRkh75lDRdgmZmBNZNvEvDc.jpg
659896,http://image.tmdb.org/t/p/w500/3DfwvX4DbYHNM25D0P2XTIBpa7U.jpg
45392,http://image.tmdb.org/t/p/w500/f7yAa7tDimGc3xsrw3bQffEZAsP.jpg
266121,http://image.tmdb.org/t/p/w500/aVQGYNCdjHtd9Rvih4eqo0Kd7iG.jpg
112157,http://image.tmdb.org/t/p/w500/bu94JfZ7wdzi28Wmz0bFhHu1noU.jpg
48279,http://image.tmdb.org/t/p/w500/bD4Ibqdwr0yW27GwUZT9J2RSvAN.jpg
1185781,http://image.tmdb.org/t/p/w500/iui4wlY5PKaIMwKacSCIL83QG5S.jpg
71914,http://image.tmdb.org/t/p/w500/nj3bKNpTkVie5bnVChn6hbyhgab.jpg
1126000,http://image.tmdb.org/t/p/w500/dZisOzr9BMOsZls3tDFJWtQU21V.jpg
1110680,http://image.tmdb.org/t/p/w500/sscYq6eUl3GGd22WcKLGYcJAcuq.jpg
621244,http://image.tmdb.org/t/p/w500/s3ft4sdgTCBZEovD5btkJIWtpsK.jpg
968993,http://image.tmdb.org/t/p/w500/lv2Ldg4Iipe6rnjfkCxZt5an2XL.jpg
48509,http://image.tmdb.org/t/p/w500/fkVqssM1mgoeYvPDfE9p0IBGnWE.jpg
900002,http://image.tmdb.org/t/p/w500/r9PlJkQxUPMplsLe8ITs1v6atXI.jpg
399371,http://image.tmdb.org/t/p/w500/oxY9JHA4j6do4eZq0mvWrYPkE6Z.jpg
442253,http://image.tmdb.org/t/p/w500/ntWogeW1JlNKzjZvBG6FpYgBXns.jpg
445953,http://image.tmdb.org/t/p/w500/4VBop4XfIMBTgjMuZSXzvT1hl3C.jpg
843248,http://image.tmdb.org/t/p/w500/zwpps2VarTqaJyscDgranr07rkC.jpg
432058,http://image.tmdb.org/t/p/w500/iuIHbfLcIxlyIvnmzaYR3bcE35Q.jpg
131378,http://image.tmdb.org/t/p/w500/8CAeZgqyMyB2NKOGQmzSwvgyyr3.jpg
132515,http://image.tmdb.org/t/p/w500/cQWrQFstZEToWuza2lRN0bpfoUR.jpg
540700,http://image.tmdb.org/t/p/w500/oowaPqSGY7VTxQfnI2M6nFoDG3k.jpg
179998,http://image.tmdb.org/t/p/w500/8Y4mwL0T2eJhmjkEnleYs9wLO9.jpg
383527,http://image.tmdb.org/t/p/w500/khOojLrQEKZsSi7AU07cIZf8JTZ.jpg
60777,http://image.tmdb.org/t/p/w500/hUrx9cWLiAsvfWA9yQmQlzUeO6.jpg
64703,http://image.tmdb.org/t/p/w500/ffHFNQtVlkDKAZpF5arFkyKtNci.jpg
111608,http://image.tmdb.org/t/p/w500/9cJH1GSrq4IwhvSyRXLU4ZO33J1.jpg
326924,http://image.tmdb.org/t/p/w500/AoDwSGglL2AgvQtQXm3s5W9OaMT.jpg
287098,http://image.tmdb.org/t/p/w500/beCEu1zzVY3Lv537KZCZ7m1KOf2.jpg
88879,http://image.tmdb.org/t/p/w500/iSg723nKyOIqoZRprDn8ZsUIPE8.jpg
134053,http://image.tmdb.org/t/p/w500/bHdhVAJ11UWvgPE02YwXR99zuoh.jpg
284235,http://image.tmdb.org/t/p/w500/e7qOkMgWXXWeQkW3itjFJPzz5kh.jpg
171942,http://image.tmdb.org/t/p/w500/u6FlEwOY8oXU1d6AbkoH3mCclrm.jpg
67788,http://image.tmdb.org/t/p/w500/df59Bwd6slAjQYd57zNyRYs6gLb.jpg
64701,http://image.tmdb.org/t/p/w500/sG5gPi4VNKVbhXsJYvSgEgrx7C7.jpg
366640,http://image.tmdb.org/t/p/w500/mpfMpgFl91WLyiCkkxQpYAqu7eX.jpg
134828,http://image.tmdb.org/t/p/w500/uW2DQcG0q6AIWHICImsOcJK3231.jpg
178335,http://image.tmdb.org/t/p/w500/mMdA3ijtQklMgVA7xQoMjue5Tli.jpg
51096,http://image.tmdb.org/t/p/w500/jv4bJ3OPJGbjGs4NZ3N7a3Mmymi.jpg
215000,http://image.tmdb.org/t/p/w500/wdJvgRbl8ij0rNiMrH1HZxoAvi4.jpg
395337,http://image.tmdb.org/t/p/w500/iiuweTcrZlBBD1uj0grM2ScBEYL.jpg
59719,http://image.tmdb.org/t/p/w500/bOCza5fb9mG5jWKcJ5Ajk1yv8Nb.jpg
233715,http://image.tmdb.org/t/p/w500/4BRMAmdyabVK9VAKbalzCy4CCBG.jpg
737520,http://image.tmdb.org/t/p/w500/fkSviD9scF2fINVaYbgLfch6zDr.jpg
308810,http://image.tmdb.org/t/p/w500/a7c5hMmkTnzmFhjHQUVziCh4bu3.jpg
9984,http://image.tmdb.org/t/p/w500/bri6lWP1iaWxcoqIgBesWNvbmi2.jpg
411931,http://image.tmdb.org/t/p/w500/poljWIZSL9xMgKGchKkUyKWbd4X.jpg
66991,http://image.tmdb.org/t/p/w500/zQ1y7sgeiNFK2iBp8T8iCmz8852.jpg
57198,http://image.tmdb.org/t/p/w500/f4c0mEeacxB470J3pQfbfYjX06a.jpg
332172,http://image.tmdb.org/t/p/w500/56crvavJ98W1gmfpRyVeeO1kQBA.jpg
266116,http://image.tmdb.org/t/p/w500/njRym4DIAtIUIsnY0ayYENtfWCo.jpg
53012,http://image.tmdb.org/t/p/w500/ygoBCH7YKFOfwNckeVqRotIC0rt.jpg
53773,http://image.tmdb.org/t/p/w500/urKe06V5k5GgcYUyQKcD8qoTieh.jpg
412037,http://image.tmdb.org/t/p/w500/5RGpz6j4tM0tskbIyUbGQesfys0.jpg
276646,http://image.tmdb.org/t/p/w500/bm791XpGwxr6NERFkFdjX9gD0XD.jpg
44604,http://image.tmdb.org/t/p/w500/9WFsZDnVWDvx7kCEkMTaKzEnl9h.jpg
550080,http://image.tmdb.org/t/p/w500/h2F3eBFxrjuM5tFmBPiTiIkfaFr.jpg
64148,http://image.tmdb.org/t/p/w500/kyqwKRNTgDbYgoR7Rxk5JGKqnn2.jpg
373522,http://image.tmdb.org/t/p/w500/zc9kBMZWL3ASvtPXi2KgTM4j7BA.jpg
34772,http://image.tmdb.org/t/p/w500/5pzbXzP7KAiwgrnrCbrxjQaNBP.jpg
404663,http://image.tmdb.org/t/p/w500/cdZsnbAglFrJUbSmIVDkw8CGeu6.jpg
411060,http://image.tmdb.org/t/p/w500/1vzCB8dFLOFIz53fOvq58CkpCY3.jpg
1298095,http://image.tmdb.org/t/p/w500/yGKrY1R8TgmAm8Di8CDt3WPxYc.jpg
1062937,http://image.tmdb.org/t/p/w500/4Uc8DBnck1AEcjNSMO9OCjJd3DB.jpg
156507,http://image.tmdb.org/t/p/w500/aiFDwzaCsWufi0nQoRKpCzcdhms.jpg
73713,http://image.tmdb.org/t/p/w500/3i6bgLjPn96I8HYz41Gu6Z5tAe7.jpg
859058,http://image.tmdb.org/t/p/w500/eVFpkrg2XXGsDFnnpYoNOd0JFh1.jpg
828883,http://image.tmdb.org/t/p/w500/j9oIwp8TZc3UI8r7ezoDOLqPd6P.jpg
599654,http://image.tmdb.org/t/p/w500/vA6rzPxoX2OeSVNt3kzjlIRK03z.jpg
409379,http://image.tmdb.org/t/p/w500/lZ7AiP2pGXD8HdV4smtHzFmly4A.jpg
679879,http://image.tmdb.org/t/p/w500/hLL1zyXr5Sjon9hy7c5ckdD1jSu.jpg
247415,http://image.tmdb.org/t/p/w500/av6dDsVvBTOctst3EBvcpQaD5pe.jpg
48819,http://image.tmdb.org/t/p/w500/g6MsFUSFwm1SvQp2hswxgRWpptR.jpg
216651,http://image.tmdb.org/t/p/w500/zEQEm9TyZCb4oTtcATKI2sl9mU9.jpg
73712,http://image.tmdb.org/t/p/w500/oAuyxLUUUFIBzqORVxUvdPhjQ2X.jpg
483322,http://image.tmdb.org/t/p/w500/dlchBFU4HWRxifDAi6WwKeWeMUN.jpg
402023,http://image.tmdb.org/t/p/w500/rYPU6HBj50hffXu6oU4H6HSquO1.jpg
37326,http://image.tmdb.org/t/p/w500/qyOnaikw38eVWIGr58arMPFCNn0.jpg
444483,http://image.tmdb.org/t/p/w500/vyzS55N83jgDtgMeyYJOD7ppYMz.jpg
99643,http://image.tmdb.org/t/p/w500/1SgNIm6RzDX9mK8eTVsLSr59TZx.jpg
416979,http://image.tmdb.org/t/p/w500/s6zkeSpClztOmP1sr5yghz37Bgm.jpg
413365,http://image.tmdb.org/t/p/w500/a0ZQBMUVigybqFRgpzubrPgQwpq.jpg
480294,http://image.tmdb.org/t/p/w500/cGcr8tzlsKHKrDo7l3V2qzp2IQ8.jpg
360192,http://image.tmdb.org/t/p/w500/AnaT8pzfwHeciY28Hk2zPTp0kYZ.jpg
306292,http://image.tmdb.org/t/p/w500/kzxgx3MvWr28GRj78HRrSn0rQOa.jpg
88856,http://image.tmdb.org/t/p/w500/hS4WdPAET8vuIzbzfnvLC1MKiPq.jpg
536108,http://image.tmdb.org/t/p/w500/zAWl5QVqb1DRXgUib3idhpT4tzS.jpg
723252,http://image.tmdb.org/t/p/w500/jTdQnQnjPTXYpgfjASNMxD3pwZy.jpg
259907,http://image.tmdb.org/t/p/w500/8NWZXQJZEm5YWeM06J7seEAuqxn.jpg
64503,http://image.tmdb.org/t/p/w500/mal5AP6VHGcm3VeyTCziqWQnC9C.jpg
62454,http://image.tmdb.org/t/p/w500/iAR5HppIge2gI4xT7XmiBsQZzpW.jpg
145973,http://image.tmdb.org/t/p/w500/ej0XCODl0G2FZ9nZG3dXiTrxtyj.jpg
467169,http://image.tmdb.org/t/p/w500/ivfU7kNHkdX7VPSoeVljbkQ2xvm.jpg
39952,http://image.tmdb.org/t/p/w500/dmtKzfbQHht7KthPpN99dMnUI2X.jpg
245928,http://image.tmdb.org/t/p/w500/A9Xe1zR9qwxGCNz0tdbsIwgitiw.jpg
76731,http://image.tmdb.org/t/p/w500/32hUgHYQKrbvV4MPlGcVvFqQB2k.jpg
106335,http://image.tmdb.org/t/p/w500/vI8dqnnN2DqIXxtTrIWYxGegpHZ.jpg
203102,http://image.tmdb.org/t/p/w500/83NYaaLSw6TFPQwh8K81HPyzd33.jpg
106109,http://image.tmdb.org/t/p/w500/alrtrjbQGTfZp8T0V5jTNsDopqL.jpg
573554,http://image.tmdb.org/t/p/w500/hhkNk1vsgamCv0OFfxJRcAnbW50.jpg
68508,http://image.tmdb.org/t/p/w500/nzVyQhO52VSx1Ix635Pdoa4OZyC.jpg
49245,http://image.tmdb.org/t/p/w500/a081hLVIroLDv434FgzwKzNh6vA.jpg
404532,http://image.tmdb.org/t/p/w500/aEr9uvhTZj9v1zXtZuSko05hV8g.jpg
103782,http://image.tmdb.org/t/p/w500/2yWCJkXkd9NWs68aYUiyf9ppiFJ.jpg
67625,http://image.tmdb.org/t/p/w500/vBNVOxrGX6YsQkNTVYauuWJUqIv.jpg
476934,http://image.tmdb.org/t/p/w500/l3HBX6S6bvaFv8V4YJ7UCJAGNeF.jpg
110812,http://image.tmdb.org/t/p/w500/Ap3puVC9opCv3JwRYDEFFicuWlO.jpg
121139,http://image.tmdb.org/t/p/w500/cnih9Ql8vp8YH1TMN2QSmJdLBhD.jpg
150342,http://image.tmdb.org/t/p/w500/fF5mUf8i4h4nxL6aWOzcbwcnvvc.jpg
1452267,http://image.tmdb.org/t/p/w500/xBWJVkyH3ZbKusKJQSOnixfw5BK.jpg
1038886,http://image.tmdb.org/t/p/w500/iDfyoChTYZB5ujTmPRGxu51fhm8.jpg
1064869,http://image.tmdb.org/t/p/w500/7Eq5mcSKVXBhclnaFNA4880mqOX.jpg
90110,http://image.tmdb.org/t/p/w500/xclcevYz1NcN2rSIZ5BV6KZhIXG.jpg
255518,http://image.tmdb.org/t/p/w500/7VJ4UvwQ72bBn3VKInxYoCzq6Sg.jpg
218362,http://image.tmdb.org/t/p/w500/8Ra9aeVEGB4krH29edVP6pchwso.jpg
159304,http://image.tmdb.org/t/p/w500/ykFpV3yt7wubwrGwYFvzTxm4Dsr.jpg
115104,http://image.tmdb.org/t/p/w500/m5a9uNlu96Rupq7SVavEXmQkZOA.jpg
73715,http://image.tmdb.org/t/p/w500/o84H3DJOxcDoFKuvmlhdJZgXr2H.jpg
148923,http://image.tmdb.org/t/p/w500/8Gufrys38svpFxybWOUO0PO756H.jpg
551228,http://image.tmdb.org/t/p/w500/shvDb2ASPukRGv0vsK09MUe16gS.jpg
251432,http://image.tmdb.org/t/p/w500/9IzUpNKc0UJUUZ1kunOUkjI1lbU.jpg
398613,http://image.tmdb.org/t/p/w500/geGjCI43eSQZRMQNPbdsQV4BA6N.jpg
61726,http://image.tmdb.org/t/p/w500/oHKYvYzLNkPEJguQRhNJ1BGi6OT.jpg
449245,http://image.tmdb.org/t/p/w500/vUfUPual43JaIFZQaKP5ZYILxn9.jpg
495197,http://image.tmdb.org/t/p/w500/ioomP88IWWxba7GDS9Fxm0WbBed.jpg
405049,http://image.tmdb.org/t/p/w500/kK8SSjBTGxQQcgi4Wl6CpyEH5DX.jpg
60637,http://image.tmdb.org/t/p/w500/15Iq0acwEd90gs2vLwNN0kNwIQX.jpg
166706,http://image.tmdb.org/t/p/w500/mGzlfddZQg1U12YasLWiJ4uqt8l.jpg
208488,http://image.tmdb.org/t/p/w500/asKRer9pEwzUwlHPzciPnsYyR5X.jpg
71251,http://image.tmdb.org/t/p/w500/3WpzXMuGjvQDmVoE5uCtufvbxJh.jpg
96926,http://image.tmdb.org/t/p/w500/g0O48t270JnC2aSLH63EGWFJP0a.jpg
142356,http://image.tmdb.org/t/p/w500/fAnDY95Tyv1LJwm3DYCQnsnGtxY.jpg
134830,http://image.tmdb.org/t/p/w500/4cI6v5ifjdospXy8PugprSqKi48.jpg
725064,http://image.tmdb.org/t/p/w500/eHt9KnmZDQBiEnhk7hoYcKxCiwX.jpg
673423,http://image.tmdb.org/t/p/w500/6d48p3JLEWtymJMZ4NWu9cfv67.jpg
34775,http://image.tmdb.org/t/p/w500/bPtnjcyfDkzMSNLQzGsq8pNOYJG.jpg
649523,http://image.tmdb.org/t/p/w500/kKMFum83Lf6upDBr74dCclHJlOY.jpg
400147,http://image.tmdb.org/t/p/w500/7a97OyK0xdyy93jYg2SKQVqdNEQ.jpg
66032,http://image.tmdb.org/t/p/w500/weFkZTD4sxcMWT4iWmx1LNzp372.jpg
404616,http://image.tmdb.org/t/p/w500/obhu7O0Gqv4EgwR5ZC7vXgknp2r.jpg
150220,http://image.tmdb.org/t/p/w500/1OXs47IHfgRjcskYs0J3htZiaCB.jpg
44310,http://image.tmdb.org/t/p/w500/tscmcvMs9T1TOjoMD7x12FveNsR.jpg
342708,http://image.tmdb.org/t/p/w500/y7f4BP4Vnd8LK8iCNtMxRCAePLM.jpg
40576,http://image.tmdb.org/t/p/w500/xe1j87sZVl2zKek9AXRGbU7G4OP.jpg
68828,http://image.tmdb.org/t/p/w500/tKiIq3RgFOGMiNTj53wa2M68L7L.jpg
335084,http://image.tmdb.org/t/p/w500/iOl4r3eavIXKqzeaK3AUdmhv1Dw.jpg
69840,http://image.tmdb.org/t/p/w500/iZv6QX67sB4FUcplRhGK1fb996g.jpg
507455,http://image.tmdb.org/t/p/w500/6kySz0kYM3X622eMeKE8AxaOOPp.jpg
1226221,http://image.tmdb.org/t/p/w500/xnkq0L0R4EFaKGUVJ3EcchHWJyD.jpg
1407700,http://image.tmdb.org/t/p/w500/89V3kGF1FxfKChBc3hx0GT1XUB3.jpg
637016,http://image.tmdb.org/t/p/w500/yFrLKnjxjRpcMPjnPgQVGEZ9bAt.jpg
248904,http://image.tmdb.org/t/p/w500/rg479ObVhUt900Q4m1haL42u00u.jpg
999588,http://image.tmdb.org/t/p/w500/fgQyR1OARIMTvYxfECGIqxo9IDO.jpg
394829,http://image.tmdb.org/t/p/w500/m7OAPsh9NulDauUypY7RHj1FPgY.jpg
134831,http://image.tmdb.org/t/p/w500/bnNHGaeA37QJsSVVa3jHtijjjLR.jpg
52242,http://image.tmdb.org/t/p/w500/u6AZUaS3qxfQQv8gib1QsvZyGa8.jpg
662780,http://image.tmdb.org/t/p/w500/9EYJjwv2bAOHbaHqYwrJZPskeCT.jpg
60706,http://image.tmdb.org/t/p/w500/SFqQO4dDndcGUclDYScwEXhmF4.jpg
374785,http://image.tmdb.org/t/p/w500/mGyPP26gnoF1nafXWR79ETjHtpW.jpg
265718,http://image.tmdb.org/t/p/w500/jBt5uMfCCk70Pdwxr3iXjnOd3PF.jpg
175772,http://image.tmdb.org/t/p/w500/gEC7dwhmipm2wwANtjskHdInCfj.jpg
547031,http://image.tmdb.org/t/p/w500/wyX4SOsmhIrsZZpkW58k3QB6HwR.jpg
166696,http://image.tmdb.org/t/p/w500/flxQD9nzWmfRh6ibzKWEHgmRcq.jpg
166690,http://image.tmdb.org/t/p/w500/8Y5gSOJDxGn3PnuIJjQH3ZyrYUZ.jpg
155529,http://image.tmdb.org/t/p/w500/9pbRJo1OxI8kbG9m03EnL65Nuv9.jpg
155661,http://image.tmdb.org/t/p/w500/5B7j8B9wC71nvRVrGIOR4YbwvH5.jpg
34466,http://image.tmdb.org/t/p/w500/28DpvauJIlVLq6WHOXXjg9A0yWe.jpg
62371,http://image.tmdb.org/t/p/w500/iiec1yAZK8SfHnwDDpPzPbZS19A.jpg
582825,http://image.tmdb.org/t/p/w500/3onCYqCq4XEgzRUY6CzZGNCptQM.jpg
169482,http://image.tmdb.org/t/p/w500/fsLRua1TYbIp5NiF8bm65x72gXc.jpg
148301,http://image.tmdb.org/t/p/w500/j9ZoEN4eT3IqqwaB0nfyyKG04S4.jpg
43477,http://image.tmdb.org/t/p/w500/1hgdCRQ0bJPlRrM886iKtn6BWMR.jpg
73797,http://image.tmdb.org/t/p/w500/AvVe2xElf99cp151L4Dwvswfa4v.jpg
52466,http://image.tmdb.org/t/p/w500/dZp4y7jDZrQLn4ZSQ2IlGvv8ZXx.jpg
400139,http://image.tmdb.org/t/p/w500/1qcd1CZdKr6MXaVjIb060teXDLk.jpg
166697,http://image.tmdb.org/t/p/w500/fPPM9KNC7qYAtAP41EzjDMlfEwF.jpg
176408,http://image.tmdb.org/t/p/w500/h3rXINQoNYgZCR3Ar5wQvmJ45Au.jpg
66880,http://image.tmdb.org/t/p/w500/fgyJkmy1H5hIvxPioEV2RLuMyJz.jpg
655731,http://image.tmdb.org/t/p/w500/dmS3HAYx79YXoj2pUDgKT4QbUKJ.jpg
513106,http://image.tmdb.org/t/p/w500/uyCHOjoYa8bp1X8lkInTsPDOmPr.jpg
73722,http://image.tmdb.org/t/p/w500/e71Yl66ALGBvKICd2lc4bJMOqF4.jpg
1421025,http://image.tmdb.org/t/p/w500/34DyZrBuqJGgvWqMVZQSUma8SlH.jpg
1361054,http://image.tmdb.org/t/p/w500/3deKUb9NyjZQfrDVnR9LPon1YNy.jpg
161863,http://image.tmdb.org/t/p/w500/8RPkZWnwYAvVg2LFQyWHlpOWRKc.jpg
235407,http://image.tmdb.org/t/p/w500/v9WL2RuB1ddkUd8EV01MLryO4nL.jpg
411063,http://image.tmdb.org/t/p/w500/df65rJh7gIEw8RmJQYeOKhWz4uA.jpg
63234,http://image.tmdb.org/t/p/w500/zuCpLvfJU9ULL3LYALucnRpAwhS.jpg
134879,http://image.tmdb.org/t/p/w500/b7vXKONYmucTvvuIsurxM8tam5I.jpg
168861,http://image.tmdb.org/t/p/w500/A9e1JveOGuNTe6bRMY1PXhXjOdn.jpg
211000,http://image.tmdb.org/t/p/w500/vMDJqBK1LDVJ5bDDx5gRjmyXR0G.jpg
410584,http://image.tmdb.org/t/p/w500/ftjZf6sTJZJAR7Rp3XsUyB0ER7p.jpg
409385,http://image.tmdb.org/t/p/w500/dQN9RL48b4BndMvUe6M5x5tiN8Z.jpg
89617,http://image.tmdb.org/t/p/w500/z7SO0Ka0kRZzxXZ71OR5J1tth6W.jpg
167947,http://image.tmdb.org/t/p/w500/xnVYqWpgd1zige4sOMjHHhXMQ32.jpg
411217,http://image.tmdb.org/t/p/w500/v4b50NgfrO5u9JEot0SMYgdr8Xn.jpg
131589,http://image.tmdb.org/t/p/w500/a6qeWMIZx12y65i4N4yww8n0BsT.jpg
358723,http://image.tmdb.org/t/p/w500/o5mfIYkWTxic3jiW3I2SVMZnZ8K.jpg
324621,http://image.tmdb.org/t/p/w500/aEzcNTnQOEC630thAKmkuZtUraX.jpg
90826,http://image.tmdb.org/t/p/w500/40y7fsxXPb26G9krkpgubKl08J4.jpg
656271,http://image.tmdb.org/t/p/w500/i9X1hwK4ORix52XTRs01bQcCzeJ.jpg
326025,http://image.tmdb.org/t/p/w500/d72JuwcDo2TYhTqIkjgfBzBEA1B.jpg
87209,http://image.tmdb.org/t/p/w500/nQ59KKDY88ai9Jv2wgTQVwqcyGi.jpg
67164,http://image.tmdb.org/t/p/w500/ojxAh0rjYWXWvwrEzUq6yrEehf1.jpg
174822,http://image.tmdb.org/t/p/w500/99dlzARuO9IOqd73fg4GGlHp3Jw.jpg
336041,http://image.tmdb.org/t/p/w500/fNAYPb57r7zkagUUvYra6hrKeCn.jpg
36839,http://image.tmdb.org/t/p/w500/1RmvqPSHJ0G34vCK4NguVFx7uLK.jpg
28557,http://image.tmdb.org/t/p/w500/ncAE3dl0o0JjF0WOLRmHBmTNex2.jpg
71595,http://image.tmdb.org/t/p/w500/h6b4vtVfN3yneXSrarkpvQ1s2Ww.jpg
23503,http://image.tmdb.org/t/p/w500/yed13FwpGTc8lg8R6ZM3vU8hKwt.jpg
467859,http://image.tmdb.org/t/p/w500/pjpDQcruvkFUwwjYC5rc3ny8F6u.jpg
166715,http://image.tmdb.org/t/p/w500/hXE5R4xcrLCcT4CLkmueQ79IQMC.jpg
530693,http://image.tmdb.org/t/p/w500/xqSrrAPr9xP85EefwrsNpIPyB6X.jpg
1404020,http://image.tmdb.org/t/p/w500/nx6yshfNnOU51oFc564Ru7kFq46.jpg
961020,http://image.tmdb.org/t/p/w500/wkzOSflA4TCfee8v2fSOxl7nu1x.jpg
78694,http://image.tmdb.org/t/p/w500/oOUDNnSx9T6zSKmCaU0WXfWv3Q.jpg
810752,http://image.tmdb.org/t/p/w500/zMZPrPiPFHgNOHYCZPwKcvLu504.jpg
334725,http://image.tmdb.org/t/p/w500/cgjNfFaWfvRyYJeYwgZUyU1Agv1.jpg
784988,http://image.tmdb.org/t/p/w500/vqCiALftnILLizOIsEnStICOIQg.jpg
101380,http://image.tmdb.org/t/p/w500/bw1QPLBi0152tZQcBhhjScM24HN.jpg
635681,http://image.tmdb.org/t/p/w500/gMa6tpmJaIfjikokFzoxjwYp0th.jpg
334227,http://image.tmdb.org/t/p/w500/k6dyp257A3nlWWjA75kN4GERAKb.jpg
166688,http://image.tmdb.org/t/p/w500/1kDG8FL7X6Kj8TQnikT5BtIaipc.jpg
73708,http://image.tmdb.org/t/p/w500/tMEpuRKDVL8JlkTUuBzVTBfaVNQ.jpg
37319,http://image.tmdb.org/t/p/w500/q8K6Ry03ZZq18ZTECkqpJBbizE3.jpg
391690,http://image.tmdb.org/t/p/w500/rC4B655oevOyeip30bhVYSz03NE.jpg
73461,http://image.tmdb.org/t/p/w500/d4e84OOfYSKKuLCxKlsxYktWDFb.jpg
64593,http://image.tmdb.org/t/p/w500/dEvaURpwujoge6nY6SRh8xZZ827.jpg
334393,http://image.tmdb.org/t/p/w500/p1WQCeWj8m4HzxnMr9NdX6fSfFX.jpg
416445,http://image.tmdb.org/t/p/w500/56Rh0e4DgiDHb1VGeV6QM0PdHSf.jpg
345886,http://image.tmdb.org/t/p/w500/9SeTM5EWkdirlby9MtEcpgsCbG3.jpg
209690,http://image.tmdb.org/t/p/w500/ovLSNEuQ3qm9IUHByOIUgVaOoj5.jpg
64663,http://image.tmdb.org/t/p/w500/313e2udE7EFCixhIXj5MbUX3UAs.jpg
64658,http://image.tmdb.org/t/p/w500/m6wBM3zwRpkIlN4muDjfXu3xISy.jpg
64704,http://image.tmdb.org/t/p/w500/zNQgGczJINKSJTY1SVeu0uobEA0.jpg
285857,http://image.tmdb.org/t/p/w500/g5yf3zDfGbUKwlH8PAyEEg9CfbH.jpg
1280400,http://image.tmdb.org/t/p/w500/rGUhYFoEWAvH3bDxkFoJVi7QjFh.jpg
1209058,http://image.tmdb.org/t/p/w500/4Eyzvc3NxaZZm7KWGNxlt69ZPdF.jpg
1199260,http://image.tmdb.org/t/p/w500/9H0neDjOO8hC2ClAhNZHFYaU7Kx.jpg
1103711,http://image.tmdb.org/t/p/w500/1TRF1pSBxujNq1TjklJZrma71Xy.jpg
933166,http://image.tmdb.org/t/p/w500/zP2A8Ht3TCgIooHmvbid4b0CdXS.jpg
340898,http://image.tmdb.org/t/p/w500/t2MJD43g2ZjzcwSKmpxhO90zg8d.jpg
236244,http://image.tmdb.org/t/p/w500/7ZUwaMTV5eGSMiyibyXAeRT6P9z.jpg
215657,http://image.tmdb.org/t/p/w500/2KOxBP7lHs1S3dd9KSQzolOz471.jpg
162683,http://image.tmdb.org/t/p/w500/u8tGMcZrJFasolT5MsBxdOeuExo.jpg
258725,http://image.tmdb.org/t/p/w500/j7wH3OwYk9tmOeMJ6IzIsxsPFvb.jpg
626218,http://image.tmdb.org/t/p/w500/XyBjll3ccMlPwAcYrHKeN8E5ov.jpg
174405,http://image.tmdb.org/t/p/w500/42g6caqNpYVe1AbXHJCAiOYMFqY.jpg
73710,http://image.tmdb.org/t/p/w500/8BXXYma4qum9JtQG1fa5JUZCOKl.jpg
272363,http://image.tmdb.org/t/p/w500/rQpsYcmk8yFoOUlSXLyXotrFvvN.jpg
417179,http://image.tmdb.org/t/p/w500/m8qr20ROuawaRWNGPA4lZinT3Xz.jpg
687166,http://image.tmdb.org/t/p/w500/fW7pgqNf4rFxtp9O78yFuTb8D6y.jpg
166787,http://image.tmdb.org/t/p/w500/vfi2JWeZ0MqqlquZWcoiwZmxQ6J.jpg
403346,http://image.tmdb.org/t/p/w500/AdLzGx9Wn67nNE82z43qWZ8JvTG.jpg
182217,http://image.tmdb.org/t/p/w500/l6eq83LtIVUtJ8AFL1yGPKqIf6a.jpg
363013,http://image.tmdb.org/t/p/w500/weDFHos5My21YspJIMUjhGeXXIu.jpg
55431,http://image.tmdb.org/t/p/w500/7LF8SXWW0KOrdA84ryhmE8WA2by.jpg
309194,http://image.tmdb.org/t/p/w500/sKMI71uLskHK9t4gVkt2jHSaTKX.jpg
272698,http://image.tmdb.org/t/p/w500/wtuM1xCa6bB7VHxCjBThWOht2wO.jpg
421594,http://image.tmdb.org/t/p/w500/qCWi9MHrRctaCR82Rw3SZH20P2i.jpg
465610,http://image.tmdb.org/t/p/w500/wQv8KGkA6YhtxptK1zXFKo4cjiR.jpg
307697,http://image.tmdb.org/t/p/w500/kNpUrvk4FntsNPbhbBdXvjiM4JT.jpg
360913,http://image.tmdb.org/t/p/w500/jE159h2Izv8DInNqOh2QHQJ6Wal.jpg
254151,http://image.tmdb.org/t/p/w500/w7TlrsvbbhbwrZhpdeUQSYEKqa3.jpg
553614,http://image.tmdb.org/t/p/w500/iM2uWkC1BklUQiFcrZCQGSkZxeq.jpg
486174,http://image.tmdb.org/t/p/w500/5F29CuLy3pqbuXirDDgfyOfRGf2.jpg
734930,http://image.tmdb.org/t/p/w500/9m8tEaFLfToQifSfsHmOJl5Uoo6.jpg
425304,http://image.tmdb.org/t/p/w500/6pkMq9b6RI4U0kamei0slA03XFb.jpg
291309,http://image.tmdb.org/t/p/w500/sQCDOycvbVnWUcFq6KV5eCC2O9A.jpg
33868,http://image.tmdb.org/t/p/w500/1CjxS5LC0UohvZ45hWaEdy8tX8M.jpg
62429,http://image.tmdb.org/t/p/w500/zs4HsWp79Hdh1M5mc4atmtxIAW9.jpg
108183,http://image.tmdb.org/t/p/w500/21EIQjnnye94SjoIWrdilhcbKmL.jpg
404508,http://image.tmdb.org/t/p/w500/6IN7A2RF3zyZvRSB1CuU0JWIv4N.jpg
208260,http://image.tmdb.org/t/p/w500/60m8NFcFjx2cQHEz2kpnNvvFWo6.jpg
91675,http://image.tmdb.org/t/p/w500/fikNO0mO3b97forruyTJ8lVr694.jpg
122946,http://image.tmdb.org/t/p/w500/knjZ1oEbR3XpqEWS2211T9q3b4G.jpg
265838,http://image.tmdb.org/t/p/w500/rGYNajggg7L0AVM4nKxJtidtaxx.jpg
367256,http://image.tmdb.org/t/p/w500/RmYOvX4hd6dXjlvRsFNTiUQwvd.jpg
641609,http://image.tmdb.org/t/p/w500/24Ptrs43x2zP2BEZJnJHXPfU8kx.jpg
870359,http://image.tmdb.org/t/p/w500/hSBIk1EQrt2DJHQHjYqQCHQeHRt.jpg
367548,http://image.tmdb.org/t/p/w500/1OkDThEFDAHkMmZvSsYXQ9b1q2O.jpg
205191,http://image.tmdb.org/t/p/w500/jifc0WglHIC8Ui4eQqAMFOnr2Cl.jpg
64659,http://image.tmdb.org/t/p/w500/tSPd2r3FMSpdopGNiktpnn9iM6A.jpg
212648,http://image.tmdb.org/t/p/w500/khXcoytHiJqfGS0gxvA8QGJNoKI.jpg
504276,http://image.tmdb.org/t/p/w500/o766gFOPJePGtn4qFCN8LBWHfk2.jpg
297221,http://image.tmdb.org/t/p/w500/g1Ucs0YNAmFoxNz8wsYssvUBwcO.jpg
351512,http://image.tmdb.org/t/p/w500/7Ce71qTCK5Bre4ejtfUaHteqGya.jpg
73684,http://image.tmdb.org/t/p/w500/sMtYmUdZTh7IGAjLVgLK3kcK804.jpg
200627,http://image.tmdb.org/t/p/w500/t8S0wWFKwg8zpBPMEmKlgUHRPPu.jpg
337848,http://image.tmdb.org/t/p/w500/zRl3GgaIpXJF0p84nt3wiHctTrT.jpg
23504,http://image.tmdb.org/t/p/w500/vbkdLFe3kRmRp3VN8vHMWS70mEV.jpg
64595,http://image.tmdb.org/t/p/w500/AvanTpVQf3EQVHIg6Q77ob2znKu.jpg
64698,http://image.tmdb.org/t/p/w500/9iSin9J77Be3Vqp2sPBjN0XwrzW.jpg
410154,http://image.tmdb.org/t/p/w500/lZpo46s0WWLOntok1kjFlNMb9rh.jpg
938608,http://image.tmdb.org/t/p/w500/bMw3GcsvAMNs5N65GqWLVeQ0A9S.jpg
279598,http://image.tmdb.org/t/p/w500/1i7A8bkYcshwttukrsSyD6zMpjX.jpg
135305,http://image.tmdb.org/t/p/w500/LX8yzGWZhEnOIhBdROzU0eAs0J.jpg
64707,http://image.tmdb.org/t/p/w500/sE135pB8visv2Vin6hFU1ixwulf.jpg
210828,http://image.tmdb.org/t/p/w500/agupIW6QmvftgONq6YTUwrvu67r.jpg
56664,http://image.tmdb.org/t/p/w500/mBpi7unZl5QyctMXpFfhp1YJZlT.jpg
424931,http://image.tmdb.org/t/p/w500/mTozUz7uMc6OYWS1vjaoEbnfoA7.jpg
1300447,http://image.tmdb.org/t/p/w500/io6PGVckwQI3iI7isFA863yC4tO.jpg
1126314,http://image.tmdb.org/t/p/w500/9JMXirRgXbhbh8mwgsSfHw6oE73.jpg
403039,http://image.tmdb.org/t/p/w500/bHoOTTmWCf5CRKzB7YBIg0p2orm.jpg
974069,http://image.tmdb.org/t/p/w500/8X1qoNaRrHXKsPHCKN7LPqq1Hw9.jpg
469912,http://image.tmdb.org/t/p/w500/8eHhIEsSXMZ5Q502B4cKgdmEgOK.jpg
365294,http://image.tmdb.org/t/p/w500/qOfDhuoYMMnsgwPAenNJ58QkLmV.jpg
70032,http://image.tmdb.org/t/p/w500/ao8U9teLB9FWumCzzvFshfHP6Ej.jpg
88799,http://image.tmdb.org/t/p/w500/iJXFXlNYTZ1fuOu1a65SnOBX6ma.jpg
60933,http://image.tmdb.org/t/p/w500/jxF3fw11G2u3BWyhtst4f3mTJgq.jpg
920022,http://image.tmdb.org/t/p/w500/5SuQTKq9sHne09eigQm0kubTHRc.jpg
519040,http://image.tmdb.org/t/p/w500/7vdsySCvwtyvtpK7qXuq678TCeu.jpg
483459,http://image.tmdb.org/t/p/w500/ojLaDqjeGMpsP0D0JtDclCVil32.jpg
534515,http://image.tmdb.org/t/p/w500/zTjjbYnvNlGsJ6dexAxYwnpKpQE.jpg
324247,http://image.tmdb.org/t/p/w500/rEeuJZqwuHKpdH6dqchzP9A5NXt.jpg
1520936,http://image.tmdb.org/t/p/w500/gMV6uyLhflWTxvAwsmjwUuvHYEG.jpg
74038,http://image.tmdb.org/t/p/w500/3AbTuYNUpPJhpn5RspLRpWiq6Rn.jpg
911361,http://image.tmdb.org/t/p/w500/tH7dyt7vfpV9cDYHEspcYhEkVJJ.jpg
757767,http://image.tmdb.org/t/p/w500/8qrcuA4fKrgEqHjz2WvJEpR46pR.jpg
701932,http://image.tmdb.org/t/p/w500/3YEcgFqLB4OLb1UsK8Ie29wTP3K.jpg
1399540,http://image.tmdb.org/t/p/w500/q6XN9s85dP1fgtlaCSH3CmyFtUH.jpg
410600,http://image.tmdb.org/t/p/w500/cy7HwaG5gznhr0hrkeAgZZZ8CDc.jpg
35755,http://image.tmdb.org/t/p/w500/vTp1TGS6SlCLiV0T2GfXCrsZq11.jpg
689918,http://image.tmdb.org/t/p/w500/sy1RbYirrsRPMXpMxvUGvEzpmNZ.jpg
18881,http://image.tmdb.org/t/p/w500/jC1iGtCok0K3giIHxYckgzZmFH9.jpg
441288,http://image.tmdb.org/t/p/w500/26cki3EAj2RVKNjaoSu4UjdhDiI.jpg
1616600,http://image.tmdb.org/t/p/w500/79JjfILYvX6zC0r6CRggzBq41C1.jpg
1619651,http://image.tmdb.org/t/p/w500/vV6wA4WlhQiJWVbZU4gQ9lMAyNS.jpg
1614688,http://image.tmdb.org/t/p/w500/xA6lkHzoiRndDsNEC1gy0Q8tATM.jpg
1610538,http://image.tmdb.org/t/p/w500/v5Dp9udsnYEFLiFBUulJEPoo8vQ.jpg
840875,http://image.tmdb.org/t/p/w500/7l85TwxMY1OVCXRZVJsU2KRBfVl.jpg
359878,http://image.tmdb.org/t/p/w500/zad8hKb4RRVlD78LZnG09T1alCp.jpg
413272,http://image.tmdb.org/t/p/w500/4UXlCXEeSDU3jZffNZwqQJoY0qS.jpg
1566471,http://image.tmdb.org/t/p/w500/lB5FtEZdokdsKeyYuaVndbVo3tt.jpg
219031,http://image.tmdb.org/t/p/w500/gnvEPW60FwVuD8dpQ2RoP7X9AjD.jpg
1551201,http://image.tmdb.org/t/p/w500/sjmdKbOX5HfaMpZBJ3h2dWH7r9M.jpg
1542261,http://image.tmdb.org/t/p/w500/j0n3oaUqbig4Gb0yG1GPrb2KRyl.jpg
1526874,http://image.tmdb.org/t/p/w500/rrNrjrqDatwXJdDdYqZDUbHJKfw.jpg
1522362,http://image.tmdb.org/t/p/w500/jnAQEqJjGAqhuyaA808EfrUkkze.jpg
1519809,http://image.tmdb.org/t/p/w500/vql3Mw6s3jmH3cvG4efQfr0la7F.jpg
457303,http://image.tmdb.org/t/p/w500/aFLhbIu7KRR0RQGwsBisp8giMRl.jpg
1510627,http://image.tmdb.org/t/p/w500/h9jtU79LOxq76d3VI4QKgJWHeJ9.jpg
1068215,http://image.tmdb.org/t/p/w500/itlPxLxZM0fBigqZunUTEdZJCdX.jpg
1507419,http://image.tmdb.org/t/p/w500/wCSZ4BnEwFCCuGaFAFP2CayUcMl.jpg
1498730,http://image.tmdb.org/t/p/w500/pZTz2IxBibNwj7jrAHYOT14fIxt.jpg
170807,http://image.tmdb.org/t/p/w500/wgnMZ3jG301b5e6yA4jl4MocToy.jpg
1492347,http://image.tmdb.org/t/p/w500/lzAnNjN3rjMZItT2KV41GQsDyOP.jpg
1469405,http://image.tmdb.org/t/p/w500/1n8FIPX2iiVhHhLEhtXOGIzMlCa.jpg
1467486,http://image.tmdb.org/t/p/w500/iIHepEUwpTUC5clPWi5leMShbNS.jpg
1465063,http://image.tmdb.org/t/p/w500/44RMjgvpZmHU3aGmX3IQAaHtEw9.jpg
1461201,http://image.tmdb.org/t/p/w500/1Z054bQ6RxRvFGe2drQbVuIkmKb.jpg
1459248,http://image.tmdb.org/t/p/w500/pN4rGm6k87vUu2oN04i5paJw77C.jpg
958900,http://image.tmdb.org/t/p/w500/y6ca28hqwCviPldXi1tLRymY2cb.jpg
1457550,http://image.tmdb.org/t/p/w500/iLFGkmdfDiVgZRaTYrHwlQs8Ia3.jpg
1448917,http://image.tmdb.org/t/p/w500/ftXArhTooN5ClOIjicUoebp70TJ.jpg
1320669,http://image.tmdb.org/t/p/w500/siX7sJwdi09HywfLEvjNCcXOFB8.jpg
1441453,http://image.tmdb.org/t/p/w500/8fL1gbORj0F1cKpTRfkN4lrBZf.jpg
1438229,http://image.tmdb.org/t/p/w500/pNmw2ASKXomAlKnM3GZsXGKIS13.jpg
1420616,http://image.tmdb.org/t/p/w500/emQaMJ6MRjtQ2s4Q1I4gF8WYVeO.jpg
1030712,http://image.tmdb.org/t/p/w500/p4Voaz6tb4NBaHFcPpSiLhIcOqS.jpg
1410345,http://image.tmdb.org/t/p/w500/1v2WtWSUEVlPLCBduiOcxDREHIo.jpg
1405206,http://image.tmdb.org/t/p/w500/kD5c6wRX0RhSXMiJg2WiM2jwPXy.jpg
1404214,http://image.tmdb.org/t/p/w500/awYMWO92P7E9IFAvtJYSqh2nDKV.jpg
1403836,http://image.tmdb.org/t/p/w500/wUiL0OTK3EPRyQfdQkEU4Ma87V2.jpg
1396445,http://image.tmdb.org/t/p/w500/6yaM29VfdZRynw2NYJqlLi2odle.jpg
1382601,http://image.tmdb.org/t/p/w500/vakdwdVRMmFtNTm0OMGnrvxT54X.jpg
1374121,http://image.tmdb.org/t/p/w500/zX8TeCNalyKP6c0eFaB47LEEOje.jpg
1372277,http://image.tmdb.org/t/p/w500/1cFDp915ncwhdIqaYbK7vmwGwWd.jpg
1372276,http://image.tmdb.org/t/p/w500/gIxmwCPqXtaYkgXZW7JpXPANROu.jpg
1372274,http://image.tmdb.org/t/p/w500/pxjcrcVgc2urNxaCoXqJqNw21ml.jpg
1372270,http://image.tmdb.org/t/p/w500/mnVfLrhx7WZUc38romMx7q1ahRl.jpg
1372267,http://image.tmdb.org/t/p/w500/eKetWrjHfOocNfuWFA6alGjZT8o.jpg
1372264,http://image.tmdb.org/t/p/w500/uxc0J1LmM0GHmkwlAU9VmrPTs0s.jpg
1365872,http://image.tmdb.org/t/p/w500/8U2T4IYKNnuhTYjV9cKXan3nOCb.jpg
1360600,http://image.tmdb.org/t/p/w500/2cmlyu8r8mOvDPXhMJ5ZV7ylvTX.jpg
417784,http://image.tmdb.org/t/p/w500/13SyLF3NsOeaGGipAGCnrcPVwx4.jpg
1358411,http://image.tmdb.org/t/p/w500/y1sybYSFkOoFz51tYnAf2rhjCQ5.jpg
1352836,http://image.tmdb.org/t/p/w500/sykhl97wdEHur21as97vJQtzUVW.jpg
1346722,http://image.tmdb.org/t/p/w500/AtOYxROHkkUTwrmfJnkpFFXVyEd.jpg
1341617,http://image.tmdb.org/t/p/w500/9KhPfXNsvOB2U54GR55NNmHO5Yj.jpg
369489,http://image.tmdb.org/t/p/w500/kFTWX8FGxvvmVHJrwZAM1nwgLFx.jpg
1322562,http://image.tmdb.org/t/p/w500/93zvlPMHQb3xoX40bNL8bck7O00.jpg
1321953,http://image.tmdb.org/t/p/w500/eRXggzhR2bclG3BOso7PXagr6AR.jpg
1313216,http://image.tmdb.org/t/p/w500/jZSa2wSkNiYyfA5gezYkSFQ1h5T.jpg
1312292,http://image.tmdb.org/t/p/w500/4GXsKz5pf530kgCbQOr6c4DkjVl.jpg
1302296,http://image.tmdb.org/t/p/w500/uNNFmbmAslvNGiR7ZaKWBerWIfr.jpg
1302291,http://image.tmdb.org/t/p/w500/hV7HIp9A4YjUrbdRK7ZR7rrmIgk.jpg
1302238,http://image.tmdb.org/t/p/w500/4IGhL6opbM1pukPGDBqshwnOiDy.jpg
1300685,http://image.tmdb.org/t/p/w500/g3Pm0TD9yTmDxBGPMqt3PJDFGm4.jpg
1300683,http://image.tmdb.org/t/p/w500/pYsO6wxP6AVTGuYO7AeBeJbSwLs.jpg
1300543,http://image.tmdb.org/t/p/w500/ukpBjAnN0e7fLjcfqfPGrt05KZD.jpg
1294004,http://image.tmdb.org/t/p/w500/v5filUuuCe20tlSIC5et837NCrO.jpg
1293133,http://image.tmdb.org/t/p/w500/YcR1C8Sevnwz63ig1cctGAlk13.jpg
1293125,http://image.tmdb.org/t/p/w500/eSEHpQM2voEu90dYeLTLxXpX7fh.jpg
532716,http://image.tmdb.org/t/p/w500/rN3FRZ32iZFRmKudNI9wv0WRgSR.jpg
1279246,http://image.tmdb.org/t/p/w500/1uyTiTRvXVd1tUyuFcriKmdxgLb.jpg
1275369,http://image.tmdb.org/t/p/w500/jnwtkgu8rNbvKy2sHrcLwB0pGNk.jpg
1274261,http://image.tmdb.org/t/p/w500/4T4NyXDZSCSx3faWcZDWOLLAmQe.jpg
935326,http://image.tmdb.org/t/p/w500/hOoUhIj8eOAor7jgYoAISRQ6xZG.jpg
1266540,http://image.tmdb.org/t/p/w500/70AROxaNAKN5fmX8rNn7YV8wpdY.jpg
1266528,http://image.tmdb.org/t/p/w500/fWF7QHGuin8HFWrONieK3WM467Z.jpg
1263013,http://image.tmdb.org/t/p/w500/9iv58imwCRCNbO4aCKOHrTW78tB.jpg
1095633,http://image.tmdb.org/t/p/w500/yZu6qEPOhVAzSFtxC6HbtCg0HJU.jpg
1095630,http://image.tmdb.org/t/p/w500/8lwcNTrz3lYQLXFvW3xqVTQB1fn.jpg
412382,http://image.tmdb.org/t/p/w500/vgjRLVRTPHjXKPBzG5tUR8H4ScB.jpg
680216,http://image.tmdb.org/t/p/w500/uW9rToTWfO7ahRWe4sVBTq7SEpB.jpg
1240299,http://image.tmdb.org/t/p/w500/mjr5R5X0UJvOwSfIpQGz7RSDUmd.jpg
1200444,http://image.tmdb.org/t/p/w500/8GIYQmejN25LmSSVBEscGOTj3Wt.jpg
1231583,http://image.tmdb.org/t/p/w500/5Jpqsnc9EJPVQbDOxYsDuuRH6co.jpg
326287,http://image.tmdb.org/t/p/w500/1jiqRTrIt1vQn3VN945P5cQShMp.jpg
1225370,http://image.tmdb.org/t/p/w500/k4kty1E18lbQAw3hvQan36VU4e7.jpg
1218203,http://image.tmdb.org/t/p/w500/f5h7ZzR75v4uhSJNr8FbmxIxIUP.jpg
1215143,http://image.tmdb.org/t/p/w500/x6pcpT5jZCAwS0ulgPTzogHmIhU.jpg
1215142,http://image.tmdb.org/t/p/w500/xt6fPWfWCM4EhHEMUF4LD4tCgkq.jpg
1148706,http://image.tmdb.org/t/p/w500/42vqRpZFCEepFIesludCFLZmUP7.jpg
1192013,http://image.tmdb.org/t/p/w500/vRTpHZWUhHingsx9zZfCaXFgedf.jpg
1188872,http://image.tmdb.org/t/p/w500/dzw3iLmwuNSWOP5qzBOacMTblvW.jpg
1185776,http://image.tmdb.org/t/p/w500/rjXxgYdLCr9GowOAp1UW9q2uLDl.jpg
1183415,http://image.tmdb.org/t/p/w500/jsDY7ZH6I0pAJOWRM0A1zJiig6Z.jpg
1178790,http://image.tmdb.org/t/p/w500/fYWRfSCjsl0JxS1w6KYE7EG5Wtf.jpg
1174063,http://image.tmdb.org/t/p/w500/svrKguefroyzveKsPS0kRSecho1.jpg
624374,http://image.tmdb.org/t/p/w500/pYs2Bi2koN463YLcHbqBcTcBuyC.jpg
473197,http://image.tmdb.org/t/p/w500/2ThFh17KPSpOBzhHLqGYdl7pqRA.jpg
434359,http://image.tmdb.org/t/p/w500/iUOrUOT19YDGrxVIqwpWeYsV5or.jpg
1154800,http://image.tmdb.org/t/p/w500/bJa5yhBmzJTke6LCmfbwp26ydlZ.jpg
1154621,http://image.tmdb.org/t/p/w500/85k2jt1QUfAWlaELD2q9kIZb7yG.jpg
497164,http://image.tmdb.org/t/p/w500/h0uH6OF5l0V2Kzb2ZhsF4EYvPqb.jpg
1151861,http://image.tmdb.org/t/p/w500/dRxveuI5t2i3jgoKDyjjfpEYUIa.jpg
498280,http://image.tmdb.org/t/p/w500/4D6b7uzEnQDjtiKeLiF8OYvpIfd.jpg
1143842,http://image.tmdb.org/t/p/w500/8UQkl8woh9qvYGnvm5rxFyvo4Oc.jpg
1142556,http://image.tmdb.org/t/p/w500/pDS2qSTAZs37h464kiJ7ZRzfdlq.jpg
1142554,http://image.tmdb.org/t/p/w500/lBLgs4cFZgP82aJVijvibO6lN4G.jpg
1141165,http://image.tmdb.org/t/p/w500/1NckZbKoadYwCag499024iXGKnQ.jpg
522278,http://image.tmdb.org/t/p/w500/evHzJfmNs0CNU83AX7WLzmWxR6a.jpg
502419,http://image.tmdb.org/t/p/w500/rbxZY3RbVS3KxTyJRWxgR3gb2QO.jpg
1059341,http://image.tmdb.org/t/p/w500/d4sToQIfEtJ5pe6SUw6UOIvZpeJ.jpg
400788,http://image.tmdb.org/t/p/w500/jphGIvhaSLD5yhyqKirjVlkSCk.jpg
1129779,http://image.tmdb.org/t/p/w500/fvR8g6hZYGtDsYfHd7v6a1Py6lX.jpg
1129729,http://image.tmdb.org/t/p/w500/yyxvdjpIRtbdr1OfmAnALbMrpJ2.jpg
1129229,http://image.tmdb.org/t/p/w500/fQqZBhKi7xt1HxTxIrsE8b0R0rw.jpg
1126002,http://image.tmdb.org/t/p/w500/nnJD761PKhOZukEhl3GHpomtUm2.jpg
1124020,http://image.tmdb.org/t/p/w500/vmNFNPcX8XYZ0dXoBV0cHk2QLiH.jpg
496183,http://image.tmdb.org/t/p/w500/6lu1VZl08ByxBtXGjPPHAwo1jEV.jpg
590757,http://image.tmdb.org/t/p/w500/2ymyOnNCyXCBq5nEmC5FVqUN9z5.jpg
1115310,http://image.tmdb.org/t/p/w500/rg7D0PuTJZ6boh8MJJPVgqsRtEf.jpg
1115297,http://image.tmdb.org/t/p/w500/eiYqMCQSPEKzNlXorFIZp3Hu6FU.jpg
1115286,http://image.tmdb.org/t/p/w500/yfdLCiHvNp3fJcOjflrclZBw4Nm.jpg
300837,http://image.tmdb.org/t/p/w500/yYOXKmAXhCKxulSxEWbYIMHR1uJ.jpg
1111897,http://image.tmdb.org/t/p/w500/tcpYgW9qGDif54hjeRxzni9Z8Tx.jpg
1106568,http://image.tmdb.org/t/p/w500/vO7BvGSDCvYJcb233PQkGLHh8SJ.jpg
1102968,http://image.tmdb.org/t/p/w500/iZJERNomWG4Gh2WASGJNAsxb5Ko.jpg
1102431,http://image.tmdb.org/t/p/w500/6CNvPcDjNQgcvbRBwozEhhFgKLi.jpg
314208,http://image.tmdb.org/t/p/w500/nqpGoijrEE6gfQOjYQ9Kjre1c5z.jpg
1090213,http://image.tmdb.org/t/p/w500/nhZM6qARSHuHBM1nwRoJz6d0Vlo.jpg
1088937,http://image.tmdb.org/t/p/w500/vxlSv1q4JEzkZ1HzsBdm8zHkYdR.jpg
386453,http://image.tmdb.org/t/p/w500/5PVAryYOp2AMUeBSsSxFAuhgvqu.jpg
148527,http://image.tmdb.org/t/p/w500/pylNJ4T0Beoiet27Z3gLgVEU10c.jpg
1087784,http://image.tmdb.org/t/p/w500/qfXdR8i0IuNv5ulGfu0fBYWDNcT.jpg
1088006,http://image.tmdb.org/t/p/w500/xBh0tpY6W4mTqmGU8DGiugtxDdo.jpg
1083837,http://image.tmdb.org/t/p/w500/of6bfmG9agEzPmPvU9OhU8oG613.jpg
1074897,http://image.tmdb.org/t/p/w500/sv2j9gL1IxAcIGWQ94DbaZe4uSw.jpg
202052,http://image.tmdb.org/t/p/w500/kxSPndFvBX9CPwOVykKRhcWMrgI.jpg
1066977,http://image.tmdb.org/t/p/w500/92w7loqams86f8G7tt5Rgo4jopB.jpg
1062071,http://image.tmdb.org/t/p/w500/2XLUJx2iYBRrmsUbTAgjGatik4S.jpg
374493,http://image.tmdb.org/t/p/w500/naOkr4ptvv2HIi9z6Y9LccrUIqQ.jpg
1057218,http://image.tmdb.org/t/p/w500/fR9cWAbuaOIaT4tIQPMt5VTV8EH.jpg
1057440,http://image.tmdb.org/t/p/w500/aDRl2801DqzmXGJaECRUNDWLz6A.jpg
1048492,http://image.tmdb.org/t/p/w500/kRK7ehZrCwnCwXOtXoZfZCRYRs6.jpg
1048002,http://image.tmdb.org/t/p/w500/xObgWLvGj4bFzRYBakITYLoQVm1.jpg
1030422,http://image.tmdb.org/t/p/w500/brrgSFtcymZWaXl5a23GJRWdOSY.jpg
1030420,http://image.tmdb.org/t/p/w500/brrgSFtcymZWaXl5a23GJRWdOSY.jpg
629188,http://image.tmdb.org/t/p/w500/n2oA4VvCzaTSjIE0ia7c6jzxGFO.jpg
522511,http://image.tmdb.org/t/p/w500/3D9Ms3TuIa4QuZPNxbxL2qcjMnE.jpg
1025437,http://image.tmdb.org/t/p/w500/dwI5WY9fmaR6JLqhkBF2n69xJG1.jpg
1023603,http://image.tmdb.org/t/p/w500/4SMLsIoBOEM6qWWdNq5AulwjqtA.jpg
1022794,http://image.tmdb.org/t/p/w500/nibjGVGMiJVweyX5RjBfINmba7q.jpg
1021765,http://image.tmdb.org/t/p/w500/j0i0RXDljeXgT96CuKBlRNjsZSb.jpg
1020647,http://image.tmdb.org/t/p/w500/p12PmKeLFa8cgJjVwFWVKThZnUX.jpg
1021315,http://image.tmdb.org/t/p/w500/nKamblYJnKhcaKLH18Weqvr9c0x.jpg
1020760,http://image.tmdb.org/t/p/w500/j0IVBeLturX6bOreC3n3xdabt87.jpg
645987,http://image.tmdb.org/t/p/w500/i0byyXGZ5pfr5BWGP8ccqzRfblV.jpg
646206,http://image.tmdb.org/t/p/w500/A9YL7aCT7bmF7Y5EBZTSS3ejrAw.jpg
1009097,http://image.tmdb.org/t/p/w500/bl80I8QnyH7VisM1NlKGWslq1s2.jpg
1008431,http://image.tmdb.org/t/p/w500/xOEEwo98FK6qUh849kjYfkyj4y9.jpg
1000606,http://image.tmdb.org/t/p/w500/cCWzL3hOa3pI1YXj2x7WT6Iz4ra.jpg
996815,http://image.tmdb.org/t/p/w500/eUixRi6LssiBDCZYuULuoLdQ4tb.jpg
996830,http://image.tmdb.org/t/p/w500/z37rxDOXlxd7D3FpQcedbUzLpv2.jpg
993262,http://image.tmdb.org/t/p/w500/lPyUaF4QJRt2ayUk4emwwWofCDA.jpg
205330,http://image.tmdb.org/t/p/w500/w1kOqaffu0FJduYBzRogS4UcHsR.jpg
990558,http://image.tmdb.org/t/p/w500/m9I9Rj8b7fQjfkmDxkN0bFrThlt.jpg
342540,http://image.tmdb.org/t/p/w500/pPh6Sve2uQ2sIRAMjRznQEnN3zY.jpg
986715,http://image.tmdb.org/t/p/w500/6GR9jk9cvj7ZlXtKOACKIAcy6gx.jpg
985716,http://image.tmdb.org/t/p/w500/5xeN478u2A0wKDHkRkleeTbxw6l.jpg
982391,http://image.tmdb.org/t/p/w500/yf4wRoLsGQqEJCVSX6m60FZZOND.jpg
978622,http://image.tmdb.org/t/p/w500/3wcyFIhvXbpB92O65MwNZYT92J6.jpg
598104,http://image.tmdb.org/t/p/w500/ccuaMPlqr0jtuFZPcRSMpj68hrv.jpg
969054,http://image.tmdb.org/t/p/w500/sml5xgvt2w6IwmyYS5q3kTcAWrJ.jpg
968454,http://image.tmdb.org/t/p/w500/ntKp472mFQFBffqhKlFzwOCqgsm.jpg
968412,http://image.tmdb.org/t/p/w500/eIZQqrDBcgwKu09Rh5v7LVlBhO.jpg
965164,http://image.tmdb.org/t/p/w500/bwRj4jWkyE9OFzo960USYS3CiLe.jpg
959960,http://image.tmdb.org/t/p/w500/qjnponHUq9YOl6Ke43uOMHsJif2.jpg
957012,http://image.tmdb.org/t/p/w500/cumzZWPMFWLtn22tHxwF7ibi02V.jpg
557444,http://image.tmdb.org/t/p/w500/75IxgMIqzpwy9mQ2Ovydkemux0y.jpg
950863,http://image.tmdb.org/t/p/w500/13lXHmAh1ScRBNvO7ueoQ4gyuLD.jpg
45721,http://image.tmdb.org/t/p/w500/2Zlz2Q4CFt6L4jNuH9wYoOB4Tl5.jpg
943583,http://image.tmdb.org/t/p/w500/ww6Yv45nOTfFFQ4rC8ySBgolPAd.jpg
943511,http://image.tmdb.org/t/p/w500/8uQLTGygC3QSdN0kQJNF9aofGqf.jpg
943766,http://image.tmdb.org/t/p/w500/iTn4YkpCucSxFLNs29a26map9Xg.jpg
456332,http://image.tmdb.org/t/p/w500/6IspfIDieZqZ7vGaNSYr8D2kxHF.jpg
941804,http://image.tmdb.org/t/p/w500/dnTyA7vGf3bPoMGAlz9Dy6poJ21.jpg
941666,http://image.tmdb.org/t/p/w500/dH79KYlgElduRJnU9y2liC0xjCr.jpg
941506,http://image.tmdb.org/t/p/w500/yxigWW1dYpqV2Enxld0pXp8a2t.jpg
531377,http://image.tmdb.org/t/p/w500/qUDaB51JjBqAPWhRtSddJJjqkBM.jpg
319781,http://image.tmdb.org/t/p/w500/3W9UhHYus1PRnFUl1RU6XVzaQWS.jpg
48503,http://image.tmdb.org/t/p/w500/x15PXbkZmzV16knYAjEoUEAebMa.jpg
352067,http://image.tmdb.org/t/p/w500/3f6O4nCBuLA81DgAHeShKKpPT6p.jpg
523310,http://image.tmdb.org/t/p/w500/ux6qSn1qHd3UyU3kQYwVe7vXLKM.jpg
538538,http://image.tmdb.org/t/p/w500/45VSNwh3bN0QUapk97YSP8SfPPW.jpg
939765,http://image.tmdb.org/t/p/w500/m1cT8HAfO8prM79szeUloS0k61i.jpg
423918,http://image.tmdb.org/t/p/w500/6u9GJxHAkaVLZqLQ5answKhad5w.jpg
935476,http://image.tmdb.org/t/p/w500/oqwzcOUeJtWo69APJ0CzTkIqrqW.jpg
931341,http://image.tmdb.org/t/p/w500/LOvD6JcJw78i22viOeXS2uQ1a3.jpg
326497,http://image.tmdb.org/t/p/w500/3cQYAVOvhruMWMA3sEAKJ0amboq.jpg
928691,http://image.tmdb.org/t/p/w500/i0nwNBeaBEdW8whCpnKboxKPGym.jpg
929017,http://image.tmdb.org/t/p/w500/yvtcSxVXdy0uoh0ajov7iZ8Gvp2.jpg
928685,http://image.tmdb.org/t/p/w500/7VmcWPZI5xtyG0C2SrQ6B6LsehQ.jpg
927665,http://image.tmdb.org/t/p/w500/wNsjU4hCEfoMl5iIOeI02bvaSn9.jpg
573742,http://image.tmdb.org/t/p/w500/89qCMHNxw3aTRiknRXOpkPbeUDg.jpg
922936,http://image.tmdb.org/t/p/w500/1HdgG1M4F10Q4SbND1EZwhkEhxk.jpg
911700,http://image.tmdb.org/t/p/w500/rTvhwf86QzeAeHexlFZ9OBZews3.jpg
651194,http://image.tmdb.org/t/p/w500/9FdR3oHKsyH7RSXWcDqv0exN3Il.jpg
904267,http://image.tmdb.org/t/p/w500/lgzmAbEio7EhiKsCQUwELOEAM7h.jpg
316616,http://image.tmdb.org/t/p/w500/pM2OiETChfZtRMgOMRp5wArX5ly.jpg
484115,http://image.tmdb.org/t/p/w500/jo6B51ZOrWlZBblhMyBCbXJYYHm.jpg
426849,http://image.tmdb.org/t/p/w500/cesnd5amD7uaiEFnrSLDfoSw71f.jpg
439569,http://image.tmdb.org/t/p/w500/6xZv8tDrYqUsLjtVgBzJC5wn5IY.jpg
352068,http://image.tmdb.org/t/p/w500/8FaDkHXkm3XPLmujHRkWYhTBRiS.jpg
64009,http://image.tmdb.org/t/p/w500/vaKGDBNt3dMHD1px9aXkArTwe4N.jpg
893243,http://image.tmdb.org/t/p/w500/l75Ltcc4xlcfe93XcppTEciY7bW.jpg
890167,http://image.tmdb.org/t/p/w500/vc3xYAQq1YOeJCVvjCfFiDrnIfz.jpg
890179,http://image.tmdb.org/t/p/w500/mPvrdgkN03Ot2YydEbK9XCTtl6Z.jpg
890571,http://image.tmdb.org/t/p/w500/8BYptj68cEYkT0BqlIjQPjBbPqj.jpg
890188,http://image.tmdb.org/t/p/w500/p6riOC3WKudWQOI74qmiPG2fpt.jpg
889730,http://image.tmdb.org/t/p/w500/qAd74mFonXoGNU3mJO1Wz5qnPPV.jpg
886308,http://image.tmdb.org/t/p/w500/a6NEZhHc7OFgQaiTMMahG28cspu.jpg
883482,http://image.tmdb.org/t/p/w500/vrf0GM4ltlA0lULQoBtkmUKnqip.jpg
883095,http://image.tmdb.org/t/p/w500/7cFmYkKXkXc4eQHyUPWGl6Fm2Kc.jpg
882047,http://image.tmdb.org/t/p/w500/zCM0iAyPyIeAPA8vB2FvwHe6Yn8.jpg
522861,http://image.tmdb.org/t/p/w500/gVLpeHnnbyDUNaA0LhherrIWvWF.jpg
880998,http://image.tmdb.org/t/p/w500/jGJdJ0sT0xpJN48itySh7eXibaG.jpg
454079,http://image.tmdb.org/t/p/w500/87ibY4z3YAEpy4zOI7FmHgeuNUf.jpg
705951,http://image.tmdb.org/t/p/w500/rCbMgcTiGWFK6uJh8ZZ3hK0xzzL.jpg
431006,http://image.tmdb.org/t/p/w500/zgvt5rwM2rsFf6gZEZb0GfI2vSo.jpg
359180,http://image.tmdb.org/t/p/w500/pxgnSsVe5wy41wwcGQcPqTY9Q2C.jpg
870729,http://image.tmdb.org/t/p/w500/wqNRmp4D7H0zWZg5eBw1LdJQ9dV.jpg
871165,http://image.tmdb.org/t/p/w500/3TGdlKx0S1gQLgfYcmpwWnP0F6b.jpg
458537,http://image.tmdb.org/t/p/w500/7WY7LVSk4hkPqlDOMHtWJGalYvx.jpg
352071,http://image.tmdb.org/t/p/w500/4XIuABsx0tkslewCj8ftZGODsUN.jpg
865847,http://image.tmdb.org/t/p/w500/6GUfOBOIfezn0wOqlKjQAWm2apQ.jpg
647538,http://image.tmdb.org/t/p/w500/eCuedVp3TSV93EdaRpHK63xTsFk.jpg
860104,http://image.tmdb.org/t/p/w500/7jGxvyef6tWiT3niujHu9yt79t3.jpg
860229,http://image.tmdb.org/t/p/w500/kveV5GlwSQVFDklMjWXLLr4aHGa.jpg
859183,http://image.tmdb.org/t/p/w500/sctozvqYgGNjH2FEVerFq2NVMEr.jpg
858805,http://image.tmdb.org/t/p/w500/2KjDEF0Jjmlhj1W7dqKNNQmQz9G.jpg
857515,http://image.tmdb.org/t/p/w500/3UAaT83oBHOCrqGRICEr67dAEg1.jpg
441886,http://image.tmdb.org/t/p/w500/uIfFD3AUGtXl5wgIyn1IuY21N97.jpg
854788,http://image.tmdb.org/t/p/w500/h3Zd8MUUB1qGeyJ33dtbi29IDQP.jpg
522332,http://image.tmdb.org/t/p/w500/mwpehuz8J3fIUmb8pEoClCAwEhG.jpg
847406,http://image.tmdb.org/t/p/w500/8Kb5eJVnpJ6rkimEj4nhwKcHYQh.jpg
845494,http://image.tmdb.org/t/p/w500/mP3ic3n8diRZ2Hxp8qCIejsF2x7.jpg
845445,http://image.tmdb.org/t/p/w500/zdSEtbEfczHjfKN60tpQ1L1RTdT.jpg
466569,http://image.tmdb.org/t/p/w500/eWHEvGhyodXoeADkJFdDhT6PObZ.jpg
286510,http://image.tmdb.org/t/p/w500/kBssqYHRP4esI6m3OfSqsmYr9Sd.jpg
424074,http://image.tmdb.org/t/p/w500/xveoaCOzE2670qXKKUC89kSM1em.jpg
836598,http://image.tmdb.org/t/p/w500/hBcV5AF9Xv3RITt75Rp9VOXoKfC.jpg
673325,http://image.tmdb.org/t/p/w500/9CTHrHfMyAIqXXDmv2wJdsIwIGF.jpg
836600,http://image.tmdb.org/t/p/w500/w3TGsN4Z77VFdFJqQi23milW2qw.jpg
836311,http://image.tmdb.org/t/p/w500/5YDgs64AHY3gY6SJ7LzeBJikWA2.jpg
306290,http://image.tmdb.org/t/p/w500/tPP3VAu36n3XjjyoSSqxYWAFA2b.jpg
434365,http://image.tmdb.org/t/p/w500/rF9qFJaq9hamzhW807ChD7GbOe0.jpg
831750,http://image.tmdb.org/t/p/w500/3EmcWv7fI9o7k37o7E8JW6ixLTQ.jpg
602927,http://image.tmdb.org/t/p/w500/tWV2Tn2SsDHr2suf835xB7tr5Vz.jpg
118411,http://image.tmdb.org/t/p/w500/AkGl04zPxFLSRbXpYyQKPKanOvh.jpg
462584,http://image.tmdb.org/t/p/w500/3lq3BNwrqNFANJmwcPE0mHg3DMt.jpg
637607,http://image.tmdb.org/t/p/w500/kd9XDwqwEZhuP0PtdgyxkATI4Du.jpg
822072,http://image.tmdb.org/t/p/w500/o6rqia5peCr9X32wCYQOObdwSvx.jpg
528640,http://image.tmdb.org/t/p/w500/l0uNa1xJ0pLNfpTHWhdlBuvH0kn.jpg
415704,http://image.tmdb.org/t/p/w500/yhf3RWcrj058VUxhiS3nNDBEsGI.jpg
356455,http://image.tmdb.org/t/p/w500/xzcTi53fCP4g0AQfK6CHyFAwg3q.jpg
469393,http://image.tmdb.org/t/p/w500/4vQwLACXozwtcp04dRIFwqmJBA9.jpg
811276,http://image.tmdb.org/t/p/w500/xwEdrFB7EiozJ0XQ0co24mJd6sK.jpg
522334,http://image.tmdb.org/t/p/w500/sfsOvu5X5A6XLc5VgEsbBSHpjzy.jpg
434345,http://image.tmdb.org/t/p/w500/32PJDLNQlwdES0lKoUpphTa2vWe.jpg
522340,http://image.tmdb.org/t/p/w500/6rA9czj6nYUKHyqoeBKWI80cuLp.jpg
399388,http://image.tmdb.org/t/p/w500/nA1diqbhPlM2yvuZmy08zFo0OXP.jpg
326236,http://image.tmdb.org/t/p/w500/nZv2D9IqVjE6jjBARqKcbgEniEi.jpg
803875,http://image.tmdb.org/t/p/w500/7DH4BAwFo4YSlhkiTTB12Lia0nw.jpg
626203,http://image.tmdb.org/t/p/w500/zMr8Gvsz8RmfljWP8OukBpzJYtS.jpg
364489,http://image.tmdb.org/t/p/w500/rx3YS0kveoOVnya4Cag3YCM2GAe.jpg
801845,http://image.tmdb.org/t/p/w500/kwSWOvdX0xmNjvtPg0NNQyupe41.jpg
347351,http://image.tmdb.org/t/p/w500/4sCHXsDHOixqHyv6Mw8tpJ4Nthx.jpg
715520,http://image.tmdb.org/t/p/w500/sGLSy8snsCHKOduKkP6t5psEdQj.jpg
798051,http://image.tmdb.org/t/p/w500/q4TYsqGbLT8Y0Aaotw2QO9gJ3zP.jpg
270898,http://image.tmdb.org/t/p/w500/715jJT882rvRGJm6nfHDHFL8m9g.jpg
253870,http://image.tmdb.org/t/p/w500/AkBHa6QADxd1TkWv3DbMOK2pOC4.jpg
239243,http://image.tmdb.org/t/p/w500/AfvxFqLmigy2DBtEmpmUovqONGq.jpg
236934,http://image.tmdb.org/t/p/w500/o5t6YKu33dNRvbMyBGwry4aUstO.jpg
236526,http://image.tmdb.org/t/p/w500/tRFNYFqQZsfQWsOFqCXD5j6aIhj.jpg
236447,http://image.tmdb.org/t/p/w500/w2TfM2YImtmFWYziUpfdTbjJUSY.jpg
222689,http://image.tmdb.org/t/p/w500/hrFjucIRU1lGR94HEoZIb5QWRKs.jpg
219583,http://image.tmdb.org/t/p/w500/kIYfdpu27HKK1GOc4tUvx00o5Yl.jpg
219568,http://image.tmdb.org/t/p/w500/xQQuDmezmWJcFhQPDl666tDw5vA.jpg
205711,http://image.tmdb.org/t/p/w500/luv7Yvx6tLtYMYBPIVx0H07kRFY.jpg
576898,http://image.tmdb.org/t/p/w500/duPniVdehVma8zMZH7MzO5vZiWz.jpg
197762,http://image.tmdb.org/t/p/w500/7YWOecqT3ETP1Ft0ipHnqVwFdN6.jpg
175902,http://image.tmdb.org/t/p/w500/2B9Ws8Rj4S30bsBBOk4o4dqg3FG.jpg
106333,http://image.tmdb.org/t/p/w500/e4Br3oF0lOyaVpZh415CxEFecb4.jpg
96872,http://image.tmdb.org/t/p/w500/A89txFQZENy5xRNnUxierBt7iLu.jpg
48338,http://image.tmdb.org/t/p/w500/uXEuG0HZJKQ6koA51qSokYa5yg3.jpg
502499,http://image.tmdb.org/t/p/w500/kzQbLAg2H9pRjo4NEKiPSgl6FOV.jpg
563776,http://image.tmdb.org/t/p/w500/ljZCjQmSZJGd42WvgS6Lz5qDdaX.jpg
348304,http://image.tmdb.org/t/p/w500/dKbD68MJzlWgxJrJRkZsu3HN3W1.jpg
161606,http://image.tmdb.org/t/p/w500/i5iSeu1rAg3kbUHpSeqZNufnD0U.jpg
400341,http://image.tmdb.org/t/p/w500/8H57iM3cF259N2VcT9QambKXQQS.jpg
421020,http://image.tmdb.org/t/p/w500/aTNn8tEOgfD1BCZwBtvo2WjAfmq.jpg
788331,http://image.tmdb.org/t/p/w500/4Tyck6muE4Ji3PAf6f9KU2TQbJh.jpg
786425,http://image.tmdb.org/t/p/w500/vWkVylO2msxZdF22XGb3k4bh6EZ.jpg
646220,http://image.tmdb.org/t/p/w500/adKjR4ijHbLPcPytZEcSSxVIjZz.jpg
137894,http://image.tmdb.org/t/p/w500/43dnWbRASDsxT0sLQnba2eT6tpb.jpg
218664,http://image.tmdb.org/t/p/w500/kDrVB3j90qzgcDB211XeDBGUobL.jpg
512252,http://image.tmdb.org/t/p/w500/w3OqBBKYUXA3AIDAE4xvncSvYNl.jpg
335073,http://image.tmdb.org/t/p/w500/4FBI3ckdWJRmcCQ48IZdISF9abf.jpg
161688,http://image.tmdb.org/t/p/w500/bONLUHFtRQEzda1eV6X44xzaIYz.jpg
621240,http://image.tmdb.org/t/p/w500/AgBy8KelzBjmLvSGFDxKg200bHm.jpg
780797,http://image.tmdb.org/t/p/w500/dpjhQRFTnSWTBX63eFcYMKhsnJc.jpg
426846,http://image.tmdb.org/t/p/w500/wKXQZWtOBa1La8SK3euDK4PVQoa.jpg
716728,http://image.tmdb.org/t/p/w500/cI9BuwzyAZpMo3p6fVOHzAf4wFO.jpg
778304,http://image.tmdb.org/t/p/w500/eQzdIXXMHkynapJ2oNpBf4EbxHD.jpg
417700,http://image.tmdb.org/t/p/w500/t637Fig9gAmwKwmCOwhJjalJ9yw.jpg
432059,http://image.tmdb.org/t/p/w500/zAmKfvsha7Aj5UAMLHOHDtcbQ9a.jpg
775157,http://image.tmdb.org/t/p/w500/swNdNYszFbZLQxR9E05HrjtfG6T.jpg
67033,http://image.tmdb.org/t/p/w500/5OAVUheKJTBv3CEA13rkq4RvSag.jpg
770966,http://image.tmdb.org/t/p/w500/qpLbIVNH3aZsRvmbi0ZbGUx2L4A.jpg
409375,http://image.tmdb.org/t/p/w500/qEQsklnlRY43DHXDH3DTG8pvIqW.jpg
224203,http://image.tmdb.org/t/p/w500/e07WRDDuc1tJH0D2kY5w4uaai0O.jpg
280825,http://image.tmdb.org/t/p/w500/sg030zMVLuBxhaT2IN62iDIKyZd.jpg
325238,http://image.tmdb.org/t/p/w500/f0v6dzeHBhFu5M4SRCuZzdLcyCV.jpg
491356,http://image.tmdb.org/t/p/w500/2zznyCzIe5OGG1s1vInbL20Pi0I.jpg
661892,http://image.tmdb.org/t/p/w500/AfbdNVB2Kqutl4JMiMvkTjTRGfe.jpg
452949,http://image.tmdb.org/t/p/w500/2OartP5N2OujHmrWPxZ67DXTBEb.jpg
577134,http://image.tmdb.org/t/p/w500/zUlA3KqMNwyH3kPvwmXPeUhrXDj.jpg
230644,http://image.tmdb.org/t/p/w500/gRjDkN42XSDX61KcYW6XgSzq8Er.jpg
23721,http://image.tmdb.org/t/p/w500/2M1aeUuYpAjtXhMKMsF93HzGmIx.jpg
75818,http://image.tmdb.org/t/p/w500/dAJV9BuHE2ylAdFdchGy3PVBu7u.jpg
68800,http://image.tmdb.org/t/p/w500/Zmduu0POXiWqXXZA12KQF9JSRO.jpg
763776,http://image.tmdb.org/t/p/w500/298QCRE57oFUShdLAbVrpbN2Dps.jpg
763383,http://image.tmdb.org/t/p/w500/lTLwLVX1jmNzDg1ZC88eaIt3XR8.jpg
763696,http://image.tmdb.org/t/p/w500/pBitCqgbF4E8lVBxrNmXMlFsBt1.jpg
410587,http://image.tmdb.org/t/p/w500/oPDRId8UmRLIbBuik7mW3ZQ7cSE.jpg
520883,http://image.tmdb.org/t/p/w500/9w5OCMSrtQZJQK47r2HACHdcQiT.jpg
763211,http://image.tmdb.org/t/p/w500/diVZWOyqI2MmpVQI3mgvgunHPtx.jpg
172377,http://image.tmdb.org/t/p/w500/yhcfUqd7agDENv1OY7oLCNTzvX1.jpg
427029,http://image.tmdb.org/t/p/w500/9r81vz1gGuSyj6ZkoEqxtO2oftg.jpg
762694,http://image.tmdb.org/t/p/w500/2Wo29YZApWEkVuRAjWfgXFSCSam.jpg
86646,http://image.tmdb.org/t/p/w500/ggviBpwVhM9eEs3oiPaTmD6lMgR.jpg
377885,http://image.tmdb.org/t/p/w500/jhpkz1XJVmoBMv6OGWli1EdhbpA.jpg
316466,http://image.tmdb.org/t/p/w500/bxcnQHUFBzgFM4hIZ13YV3viLV1.jpg
637065,http://image.tmdb.org/t/p/w500/vvFKvzIP21BZNYNLmysIkdhZRfR.jpg
760765,http://image.tmdb.org/t/p/w500/4UjIm4cidAXwT17gKS8G7vbKySj.jpg
760634,http://image.tmdb.org/t/p/w500/bRShGff3Zc7UZ4q5SHnU8zfAws0.jpg
413223,http://image.tmdb.org/t/p/w500/l8ssJrew5Lz4oUAYJuiMDuwhKF0.jpg
512109,http://image.tmdb.org/t/p/w500/pvYzF8vXfOEEhQRjNMbReFgv1lj.jpg
418452,http://image.tmdb.org/t/p/w500/3DQwbPkmDHIBp859MNcGSxzNkg3.jpg
758514,http://image.tmdb.org/t/p/w500/3fIhOX5eEv0OkT6uHT0LYYuWFbe.jpg
584466,http://image.tmdb.org/t/p/w500/jgbxotfmQrVzwFlKkNjGCxyaiW7.jpg
144007,http://image.tmdb.org/t/p/w500/q0kHJ1dg1GDVO6pOZHWNlJpIVQ8.jpg
194992,http://image.tmdb.org/t/p/w500/iOLCYZPbcBH9CqixZG4nrLtdM3a.jpg
755741,http://image.tmdb.org/t/p/w500/jDTdMpFCxD0R1Wm8a4M0LBvzmPv.jpg
755417,http://image.tmdb.org/t/p/w500/6HkkzWbMwsnB1PGAdK5fVXGQxIp.jpg
221180,http://image.tmdb.org/t/p/w500/mz6slb1WnAYJOnz1XsFkzuWCCm0.jpg
578762,http://image.tmdb.org/t/p/w500/94u8LATQQ2YKHNhpbAAvTet4FX1.jpg
522272,http://image.tmdb.org/t/p/w500/wWriimhUR5RFyuJRTVcyDanbJLI.jpg
753515,http://image.tmdb.org/t/p/w500/3QtynDpIcbwhNxFAAKNXapodGGo.jpg
156162,http://image.tmdb.org/t/p/w500/8YhAky3khNPHOoMPXr6pmkDequr.jpg
500540,http://image.tmdb.org/t/p/w500/jgwonLfVpAwcD4CyU1btNyK0zHY.jpg
466000,http://image.tmdb.org/t/p/w500/we9bpTxo1wxCVdhRaiG0TTXnk6I.jpg
619472,http://image.tmdb.org/t/p/w500/uMFiCmu6sIaCBpSM6SqO6oVgxaw.jpg
751745,http://image.tmdb.org/t/p/w500/v4aItA94dAQqcWGgVPkvOVRgkQR.jpg
235547,http://image.tmdb.org/t/p/w500/jYb9qmN8vXwO9uxM99LVrD3LZbm.jpg
235763,http://image.tmdb.org/t/p/w500/HDA4lKFRyDnQ7YhsLmdw0O2lQB.jpg
235012,http://image.tmdb.org/t/p/w500/fB2Sn7r7zNPvIdefg3SMh404xad.jpg
187795,http://image.tmdb.org/t/p/w500/8YNlKjkgTmZrDy45Uhh256BGIxE.jpg
474512,http://image.tmdb.org/t/p/w500/1rFRXMsGCjfZax5AZj1Zmr1GQK5.jpg
526766,http://image.tmdb.org/t/p/w500/2MTSmDi5WDcAZTsTzyBZ8wJLqAu.jpg
237364,http://image.tmdb.org/t/p/w500/pQgbWUo5yw8flShhSWL5j721h8F.jpg
584550,http://image.tmdb.org/t/p/w500/vAjJpQgo5pt6d6qxrOtm21PlNR8.jpg
492131,http://image.tmdb.org/t/p/w500/jN03BWQHHKOvlXaDa4kCdLArDRT.jpg
543438,http://image.tmdb.org/t/p/w500/frl8O72dU73S0azZHYsFn88qZYy.jpg
747817,http://image.tmdb.org/t/p/w500/4s01Xc0oBlYyQeiToi4MYTsNoym.jpg
360304,http://image.tmdb.org/t/p/w500/zwaksXoNkwwQ8AGbZacLwhdciWQ.jpg
432373,http://image.tmdb.org/t/p/w500/vAGeCwHTUiCzN295L9FlnJLXyXy.jpg
62434,http://image.tmdb.org/t/p/w500/1Rc8bzPibNKKm20bW0cic4Rpdbn.jpg
700078,http://image.tmdb.org/t/p/w500/aWg0EepoRtEDOhje1ATfroHR1fH.jpg
210123,http://image.tmdb.org/t/p/w500/u5hV1dg0uPUq4cKbNPlgacIUBIf.jpg
701087,http://image.tmdb.org/t/p/w500/n7zzWjBQinRYuqHLt1o9wrWwb4G.jpg
197931,http://image.tmdb.org/t/p/w500/yS9nKkw8k0RGbyp9Igw2qHsyfwv.jpg
126741,http://image.tmdb.org/t/p/w500/5Bt7yNhpHQpHyWtsKWJ0BrkkkMj.jpg
146095,http://image.tmdb.org/t/p/w500/2rwZ8mNfRlgKCN10ttCWRtMqMgt.jpg
700512,http://image.tmdb.org/t/p/w500/wQ7y7DqAwh9QHoB1oYzn3aVV5o9.jpg
482290,http://image.tmdb.org/t/p/w500/pkdrI0RSOJXFFWorGlfYryMRM1j.jpg
125464,http://image.tmdb.org/t/p/w500/HEHGkQM1dIep8JURqfHNYIn2O9.jpg
374519,http://image.tmdb.org/t/p/w500/g0FZu7kjEfOgVbPx3gq0jAos6We.jpg
32933,http://image.tmdb.org/t/p/w500/lBx2A4938OiJeD8NVKbDtoNPqQS.jpg
532717,http://image.tmdb.org/t/p/w500/6afC916rOjUJ2pooQcxs7bEMMy2.jpg
374523,http://image.tmdb.org/t/p/w500/d9RJWIMgomdaJIITi5TOG343p10.jpg
174396,http://image.tmdb.org/t/p/w500/pelv0rMJIbACG9sn41SATzunwCP.jpg
468612,http://image.tmdb.org/t/p/w500/fBJK6SRJqW15uuxM0X5Rlhadckm.jpg
71004,http://image.tmdb.org/t/p/w500/hzE6GHOmjLFvUgO0QtxPpGECnpp.jpg
264931,http://image.tmdb.org/t/p/w500/2nP1TbuTRPs92ElgylQHoOBuqjM.jpg
695638,http://image.tmdb.org/t/p/w500/uKhxzzzdeF4bKNQtp6H4lG8x9gN.jpg
530438,http://image.tmdb.org/t/p/w500/2nELGuKRvPGh9vRjlJtxLsGOJkZ.jpg
501750,http://image.tmdb.org/t/p/w500/32tJQOR04ABdoIIWOxDZQOVkj28.jpg
64657,http://image.tmdb.org/t/p/w500/rjrVLsAGHDThstF4eIz0EdBr6R8.jpg
235831,http://image.tmdb.org/t/p/w500/rXXSX0mIYXoWMFqHHcPJSG7RoiY.jpg
447227,http://image.tmdb.org/t/p/w500/va0k58ckKEKOzMDGE4vSlY8BR7F.jpg
326908,http://image.tmdb.org/t/p/w500/jNH1BMl2jjNOLFR9D2unZqqW4iE.jpg
170808,http://image.tmdb.org/t/p/w500/s6wZqHHmpGLUsJQ0D6CQkrK0Y1s.jpg
81969,http://image.tmdb.org/t/p/w500/txQCDHoC437MVJl22GpPcFxsFS7.jpg
73724,http://image.tmdb.org/t/p/w500/zHlTcVrIbvmOxZ5XcO4EJLzuMsI.jpg
564755,http://image.tmdb.org/t/p/w500/90w4LzKNFJQmmU4PD7cg7rPBCg4.jpg
334221,http://image.tmdb.org/t/p/w500/adYNQuL39dBQmgUnGCDVkeo1ObT.jpg
66033,http://image.tmdb.org/t/p/w500/9MZOE4PPDo0I3Vs855Jys4kM9Uk.jpg
265826,http://image.tmdb.org/t/p/w500/clMsQLWwcSNNqgCZHCpwb6acg25.jpg
656140,http://image.tmdb.org/t/p/w500/r4D7RozO9TI99f7dwzduNbl4Jvk.jpg
547228,http://image.tmdb.org/t/p/w500/awDg06VmmmEMjuot76I9uqnBYz6.jpg
420938,http://image.tmdb.org/t/p/w500/uED8eZIZ0bDz843nGzz0IgRWatD.jpg
382456,http://image.tmdb.org/t/p/w500/uMWaXKALO5xgODRYCPj20knr2fZ.jpg
357233,http://image.tmdb.org/t/p/w500/mZQiWxChDFdXWz6hCAGz7wWtvCI.jpg
394444,http://image.tmdb.org/t/p/w500/hsmXJEwAh7WKbvDWvq0y5JtY4oK.jpg
502424,http://image.tmdb.org/t/p/w500/gKnhb4R6KxiWIepVjvF7uyC44Yo.jpg
668846,http://image.tmdb.org/t/p/w500/1BLAV3JWeWx7TYFGjslgeCT3iAk.jpg
579148,http://image.tmdb.org/t/p/w500/xE5nT9nwVM5Ko3vagh5YfsIlPb.jpg
406304,http://image.tmdb.org/t/p/w500/e4K4xE0K6o0XrWchXsZeEndjEQc.jpg
668693,http://image.tmdb.org/t/p/w500/pGb3ryLCEuX5CLZQUsgJLsN59Dr.jpg
450709,http://image.tmdb.org/t/p/w500/qxMUf34Xn4mVS88uFujZ67DY2CX.jpg
502502,http://image.tmdb.org/t/p/w500/uwmFvCMNGsflYlivJJ3va6l6wWf.jpg
366027,http://image.tmdb.org/t/p/w500/aUReVH9e1FmQ6nsKAKllxJpnold.jpg
445903,http://image.tmdb.org/t/p/w500/daEEYDzAAuXYcchk9fsS5JtdORN.jpg
529667,http://image.tmdb.org/t/p/w500/1hvugXVUnbwBjSVUhVoI4BnCa9F.jpg
258156,http://image.tmdb.org/t/p/w500/rYZ41HCdNJP3faWTl2Aw56rVqMt.jpg
41444,http://image.tmdb.org/t/p/w500/yacZLsTPvgM3qz9NfQWXWXx1vnz.jpg
495457,http://image.tmdb.org/t/p/w500/6lgOvXgtiYFNzF8ahXOrEPE3uv2.jpg
525219,http://image.tmdb.org/t/p/w500/jI8rqeA4YqoFioAEeJjsfNlE1Gn.jpg
125094,http://image.tmdb.org/t/p/w500/lAiFgsXg25A6PNKHSaZOjUF6vyS.jpg
730010,http://image.tmdb.org/t/p/w500/yS2gJszIMTPc3SZbQfAa5KWkgBw.jpg
729540,http://image.tmdb.org/t/p/w500/iSGp1pxKOopOnKTT0spDGvKklIT.jpg
365309,http://image.tmdb.org/t/p/w500/5y1XczHHp6I5bDJWFTGnWriCTHf.jpg
333942,http://image.tmdb.org/t/p/w500/84L0vnQwFEr9atY5ScPAnztxvPt.jpg
372757,http://image.tmdb.org/t/p/w500/tdYXQkH7MInnetKB1zjyfOE0mCi.jpg
725498,http://image.tmdb.org/t/p/w500/5b13qeGHZzUYl68U0k2sfAn7ODl.jpg
391643,http://image.tmdb.org/t/p/w500/2BhAs9aQekHRewdGkL1fB3oz9xr.jpg
719087,http://image.tmdb.org/t/p/w500/kS2ViLxgKaPd9Stz2DQ5JPMcmNe.jpg
622652,http://image.tmdb.org/t/p/w500/lMhliPZcLTkAdtRnbkGt3aJD8N1.jpg
146090,http://image.tmdb.org/t/p/w500/8I2DnOwm77FV154oTNN1LcSgFqh.jpg
146084,http://image.tmdb.org/t/p/w500/puhHcQ6CXoEmXcSiqNI8p9DAiIW.jpg
411712,http://image.tmdb.org/t/p/w500/txtypv2XFRdotunURJlEX6ByBJR.jpg
731522,http://image.tmdb.org/t/p/w500/5HP9uW7dVfp5B4c1TC8n3iUpSHb.jpg
162975,http://image.tmdb.org/t/p/w500/wTUdn8RgR8XGbeAZyBdBhTgeKCl.jpg
741453,http://image.tmdb.org/t/p/w500/1bwAN3Wf1D6pe50TI1mwibDDeSA.jpg
492124,http://image.tmdb.org/t/p/w500/5zaD2bKp5e4MURdYTON9UG7G3dF.jpg
280594,http://image.tmdb.org/t/p/w500/x15K8AVIRXKAIAI0BuCu1KjNn4z.jpg
220668,http://image.tmdb.org/t/p/w500/nugXeo97NS3If8J5bFFVhusL1Tc.jpg
658565,http://image.tmdb.org/t/p/w500/1DyMtdnADcztty0b8tSojLmidjg.jpg
168478,http://image.tmdb.org/t/p/w500/38AbKCe7XUy2Xrm91WV3Lh6Eyid.jpg
549139,http://image.tmdb.org/t/p/w500/t0DFNkR4bGO1hhEnOgZq3wMIkF5.jpg
144211,http://image.tmdb.org/t/p/w500/tCjCjjhJgUZBRrDakIoMT0fDI9R.jpg
141141,http://image.tmdb.org/t/p/w500/eJAIhyAjAYNYfBLH8sddYWOOGDv.jpg
621963,http://image.tmdb.org/t/p/w500/w1n2fifDpTYCu7uuTcAAOtv5ClY.jpg
456475,http://image.tmdb.org/t/p/w500/l2b5ukEb28FMnu6WbRHq2Ws8Kqb.jpg
253967,http://image.tmdb.org/t/p/w500/1OZpz2bCubyqmNamHJlKymO55vn.jpg
742427,http://image.tmdb.org/t/p/w500/rIGYvHGlOoLPgTXNeP7FZC0ZZTd.jpg
166685,http://image.tmdb.org/t/p/w500/8M59NHweYUyGyEml8zaEsogqmNk.jpg
334210,http://image.tmdb.org/t/p/w500/hmLcX1Tio2sQu1p4BVdXRXa5cAX.jpg
90782,http://image.tmdb.org/t/p/w500/shZGiM4TQziUsSh0N4SruBAJT4N.jpg
608371,http://image.tmdb.org/t/p/w500/vy7otDC6FzZRIzn9KHS0grHGByf.jpg
255570,http://image.tmdb.org/t/p/w500/zn5E85bN4CqfcP8mblUNmrXqkXx.jpg
429122,http://image.tmdb.org/t/p/w500/ySgKr91n8xoi6YQCFntai7C9lLP.jpg
424338,http://image.tmdb.org/t/p/w500/4pbudJYJCn2KfR2EcBELL9SrhHO.jpg
529375,http://image.tmdb.org/t/p/w500/6wHxf9UniQg6JgPV5A3xbFRujte.jpg
738942,http://image.tmdb.org/t/p/w500/ilafXnglkFp7iPdHNfjyXeZ0WKh.jpg
615439,http://image.tmdb.org/t/p/w500/i9xGUqQnTstDfJGwUoWFLokreUr.jpg
701881,http://image.tmdb.org/t/p/w500/bJrXuddmIF0voxspD1teZdsjjrs.jpg
701879,http://image.tmdb.org/t/p/w500/oRFib3YsbLKeBjSZm2bASHQDf9v.jpg
279987,http://image.tmdb.org/t/p/w500/by9L1jaybafHjyb9wpiHOwab6mu.jpg
174259,http://image.tmdb.org/t/p/w500/2HOZPcs8E1duwPbcEDKIPMF7jNq.jpg
734950,http://image.tmdb.org/t/p/w500/wDTZgjuTekoS7GPPoSc0g5ROdhn.jpg
166299,http://image.tmdb.org/t/p/w500/snzI7pEBJMQcQWiv7YeTH0xG4Ud.jpg
165990,http://image.tmdb.org/t/p/w500/uxiLJz8lKjRpGxW19zaSTXx1THS.jpg
190315,http://image.tmdb.org/t/p/w500/lFDVFSmGt1LXFTlH1AO2Lv5Gyxs.jpg
406776,http://image.tmdb.org/t/p/w500/pU9tolDmO7UuDUaNf8NuoJeuXzs.jpg
236876,http://image.tmdb.org/t/p/w500/h6w9NIHLi5Pae9YToUIgjhIvE7C.jpg
166791,http://image.tmdb.org/t/p/w500/gelCCBuzFhByDcL4amJuYoiegXM.jpg
734049,http://image.tmdb.org/t/p/w500/e1Z3EkxB7RDy2Vw3O2mdmulwD8b.jpg
343009,http://image.tmdb.org/t/p/w500/bBuwcqJC0HDbasSrljj4MLb4gTi.jpg
248415,http://image.tmdb.org/t/p/w500/5UHQbd1OIgOLdJW8P0my3w53BIh.jpg
695115,http://image.tmdb.org/t/p/w500/n5je4JGXYQtHVghKtQVaFYpwdFq.jpg
268199,http://image.tmdb.org/t/p/w500/dJrsjpkz9Iwx55okioocYoeErW0.jpg
410387,http://image.tmdb.org/t/p/w500/t9VE5Hkr2baXI4Sh34C2tUZCDef.jpg
243195,http://image.tmdb.org/t/p/w500/fCT49lkfqxFJrIv3wcA1X1gNOfS.jpg
551803,http://image.tmdb.org/t/p/w500/ivGeRhc7GYiS4EtrGNFUh1ONW8O.jpg
52691,http://image.tmdb.org/t/p/w500/aKbEXHLlTlvSCe7SZ5T1WBaMsU6.jpg
565368,http://image.tmdb.org/t/p/w500/r5LqOn2mQcns54Th1DhwuoI5A0D.jpg
453538,http://image.tmdb.org/t/p/w500/3nVYkw02WM5XvC7vyzjaLD1UxWZ.jpg
595504,http://image.tmdb.org/t/p/w500/eu39kXMwdusCxbF99IFAoEwfm2D.jpg
203117,http://image.tmdb.org/t/p/w500/66T1S1zZf2sUE0ZUnfN4jgEsnVm.jpg
442877,http://image.tmdb.org/t/p/w500/hvb8wUFZU8ZhnsaFosGd6SKppVZ.jpg
226232,http://image.tmdb.org/t/p/w500/qbKLrcMLxSUBWLfJTTK9aXzEGvA.jpg
522503,http://image.tmdb.org/t/p/w500/A2U3NEDnPRMVZbEoAzojtKN6kmR.jpg
128938,http://image.tmdb.org/t/p/w500/9CUtCvEaTPEKJTQ5LKm3oZfLshW.jpg
69861,http://image.tmdb.org/t/p/w500/vo5JCxcmNQp6lkLhDuk5QXboNsQ.jpg
334900,http://image.tmdb.org/t/p/w500/jAgKK7PxI5Udfe9WEJAjZQgNCi1.jpg
179992,http://image.tmdb.org/t/p/w500/6z8EtMVp8bbDiw7R48hbL5r18mc.jpg
54657,http://image.tmdb.org/t/p/w500/1lCMoreO5rObEqY9ivSGMmqjzW5.jpg
626832,http://image.tmdb.org/t/p/w500/2THbj5tIbmdML4X1dBipyBFxu1B.jpg
502165,http://image.tmdb.org/t/p/w500/fsPtanmQ4kjvJIMJZWF4pAT1VqY.jpg
68497,http://image.tmdb.org/t/p/w500/il2ZKZMREOQqk0O5ypYnwh4KGPG.jpg
413330,http://image.tmdb.org/t/p/w500/q7MVF9TBGBHLrZWcMtuWJAhZJ2n.jpg
408129,http://image.tmdb.org/t/p/w500/lqnApkyzvTVKLHuDCSC6UauTsx5.jpg
335050,http://image.tmdb.org/t/p/w500/lPsvobXz9WY6bXewd1yqSUIGZYI.jpg
336044,http://image.tmdb.org/t/p/w500/82pcOxmSBKvOAOjgTNpMCsThw0l.jpg
130944,http://image.tmdb.org/t/p/w500/dw4feJVH3lb8WFoQgx3n4Kentak.jpg
699025,http://image.tmdb.org/t/p/w500/ntmI5c7PeMKxHbgpCOf2zuSJUDL.jpg
98634,http://image.tmdb.org/t/p/w500/48dUNhfkHJuMFmz1ITNu5mhyyti.jpg
722139,http://image.tmdb.org/t/p/w500/eC5eqZRAaiEUA6FD0fR24dZbeRP.jpg
53668,http://image.tmdb.org/t/p/w500/5royMHxZusjIpkr1QYsCnN3TCD4.jpg
360570,http://image.tmdb.org/t/p/w500/2hBErQVr6DElIrmZCLOZ7ZsG1Zy.jpg
283859,http://image.tmdb.org/t/p/w500/5FXY5kQlmPdHZ6Gx2ogoyaiynvz.jpg
373032,http://image.tmdb.org/t/p/w500/zBKDCmJsaxG0V4z1sdAUmSUinw9.jpg
719467,http://image.tmdb.org/t/p/w500/mGaHzbtg31iBU45mavulftL4PRd.jpg
335351,http://image.tmdb.org/t/p/w500/v96HWy13fltXZdHbqcxGPWDsFT3.jpg
177578,http://image.tmdb.org/t/p/w500/xO1AilDxmVOqHCIRbT58PFQKUO1.jpg
464262,http://image.tmdb.org/t/p/w500/s1vfF4BooRWwSgqsCtjQ9nwbLHT.jpg
365566,http://image.tmdb.org/t/p/w500/6vPkO4zG7njIxHRI2CW58361nod.jpg
709394,http://image.tmdb.org/t/p/w500/1XK1dqPEOjhrhBtoe7nxO9dyyRb.jpg
72954,http://image.tmdb.org/t/p/w500/ajSyHpAP7cXjVjEiYW9o0BYTtMs.jpg
23502,http://image.tmdb.org/t/p/w500/vktoBef1jz9TybHc4cAWSZjDB0Q.jpg
280725,http://image.tmdb.org/t/p/w500/2a87YTEtuR9GSIJfZH0WcoZhkBc.jpg
201521,http://image.tmdb.org/t/p/w500/mxRHhcQXU33ixThyC8YWaheQQLB.jpg
220563,http://image.tmdb.org/t/p/w500/zWBKigEPznV5tjTZsgLg17hPDrh.jpg
522504,http://image.tmdb.org/t/p/w500/i0OoSDRM8XADm9pT8yoJ4aqostB.jpg
266555,http://image.tmdb.org/t/p/w500/ttvcadWaRMgkYkvwRcGqKF62uUh.jpg
331399,http://image.tmdb.org/t/p/w500/2ShL4ZJg8i1SpafFpP3CJStT6up.jpg
436056,http://image.tmdb.org/t/p/w500/b4r4hsClDuvr7NeuOCsTHs7QMhG.jpg
467972,http://image.tmdb.org/t/p/w500/shz9Mrc2Tvm6UtGWHNniE86J8eW.jpg
190472,http://image.tmdb.org/t/p/w500/FlbO9yBSf9yEXNweMcn6jfSaq.jpg
456478,http://image.tmdb.org/t/p/w500/4GteVtvIfodJzhbr6Dd5lDwD5Kh.jpg
256170,http://image.tmdb.org/t/p/w500/oufDfL1ytoulFwLY58ZMtOneWfQ.jpg
153936,http://image.tmdb.org/t/p/w500/omq8o3oRkoVxOaBsMGJmKYtUcco.jpg
237052,http://image.tmdb.org/t/p/w500/bwUkuFd64F3qKzvJlEEEiDiu1Rt.jpg
362102,http://image.tmdb.org/t/p/w500/teU01D5v9vQ3UnxlCNbPJ1yvuAg.jpg
663241,http://image.tmdb.org/t/p/w500/90p2GJLQD6MGXPis30sNVlarktk.jpg
430389,http://image.tmdb.org/t/p/w500/jlrAXfyU0t5IRlHoQjabkq29PAs.jpg
327310,http://image.tmdb.org/t/p/w500/vuu45izcx4rzA84xqGuuW0gNXFf.jpg
352066,http://image.tmdb.org/t/p/w500/augMXiUL3TqdxrRBa94RjVr7ijO.jpg
622411,http://image.tmdb.org/t/p/w500/tgMOHNacRECZWOB6KfXmUHsHbvE.jpg
394067,http://image.tmdb.org/t/p/w500/CXdsRanGeHcSb32FheSlfG6ALF.jpg
300447,http://image.tmdb.org/t/p/w500/7pRGjbqC1jp7cdAnkG3QYkFCB30.jpg
291560,http://image.tmdb.org/t/p/w500/z2vYiGiTMCsqeEMql0zY5BSy1jd.jpg
608396,http://image.tmdb.org/t/p/w500/fmrzrvZNpEBWe5auq2OW0e59p3F.jpg
300032,http://image.tmdb.org/t/p/w500/jOwNIBgGzX7RRigm0nBnLuVF51K.jpg
35883,http://image.tmdb.org/t/p/w500/mXsBLECiIzl628Fqh9j5nqRg3OQ.jpg
139017,http://image.tmdb.org/t/p/w500/eZRQIAF4mAjDbSLynosXXPqOXaW.jpg
119055,http://image.tmdb.org/t/p/w500/l2gkHar28RjLkjczmCD9PN5K41t.jpg
64660,http://image.tmdb.org/t/p/w500/xDns2pMEMyjm17aeSeyFrvtLrfl.jpg
56316,http://image.tmdb.org/t/p/w500/61SWBd7NjMXgCCakYqdVcyqwtQt.jpg
164978,http://image.tmdb.org/t/p/w500/qCzxfY92RmfJTCgGOLz4yHjxFBF.jpg
64705,http://image.tmdb.org/t/p/w500/mGHSqyVTQxYaipp0rPDY5gtJX5e.jpg
540294,http://image.tmdb.org/t/p/w500/jbV4rRegtW0yMsHTHT0OciG9oxz.jpg
701351,http://image.tmdb.org/t/p/w500/6xqBQgRZCf2rGCJeWAO4whiVKPn.jpg
39089,http://image.tmdb.org/t/p/w500/nKMxES501cOQzihxcNNp3gjNaGB.jpg
222668,http://image.tmdb.org/t/p/w500/fuJ4cQhHIm7xJ9ZqtDCUqFhOkj1.jpg
444936,http://image.tmdb.org/t/p/w500/pxMOSn1QKvXlGf815YeQIgBUb8J.jpg
187334,http://image.tmdb.org/t/p/w500/aW97fR83Kw2hVfWeF4C4Pbbp3Ez.jpg
491667,http://image.tmdb.org/t/p/w500/2ER0kGpD2zGGGZgH9b7kMAWghKl.jpg
327307,http://image.tmdb.org/t/p/w500/naJGE1HGIYfFhbYcjc1NraLOoxx.jpg
496835,http://image.tmdb.org/t/p/w500/lir7GcKLAb3Dnl8VDTHkCSeOdcG.jpg
132225,http://image.tmdb.org/t/p/w500/jwx1jxQ15pDazvy75bF9atNp8Hi.jpg
102070,http://image.tmdb.org/t/p/w500/bGOiP1EKSf7d1czyJEwsurLz1NI.jpg
16218,http://image.tmdb.org/t/p/w500/jT1UHQ43d8SR4fUMtJ7AFyYX5pg.jpg
1188273,http://image.tmdb.org/t/p/w500/uGbpRW7JO2UCRtImxxqfHWmX8bC.jpg
1567571,http://image.tmdb.org/t/p/w500/kUVqp2FPYdebGPgsGQj1kpZ7Z4k.jpg
1554575,http://image.tmdb.org/t/p/w500/PO2ZOMiagabqVzNzxtWRMTO8oA.jpg
1545540,http://image.tmdb.org/t/p/w500/fbX705aP0Cqwp1wK6x9qGHMAuSj.jpg
1529051,http://image.tmdb.org/t/p/w500/sfBEElgHRTjcWsmCB5RCZu2vZcD.jpg
1523749,http://image.tmdb.org/t/p/w500/pt7TtF9AjClC7Fflb52vpKDJp5a.jpg
1518447,http://image.tmdb.org/t/p/w500/tcEwO8hNGa0X4DmTLzAs5ZnkNEx.jpg
1506339,http://image.tmdb.org/t/p/w500/poFsfNeb6gxeLPLr2BeE0c9PCMk.jpg
1495141,http://image.tmdb.org/t/p/w500/oKBUwuZiujlKeiEtwZ7GYZCOOxX.jpg
1493337,http://image.tmdb.org/t/p/w500/9q4Y3fsXmVR9Ztkqe3V8k0OY6np.jpg
1271329,http://image.tmdb.org/t/p/w500/iNBq74eNqBWxlRmva4n9dHxpQoM.jpg
1479946,http://image.tmdb.org/t/p/w500/7EiiO5mvp2PCdBkrJZQpvUUKDx4.jpg
1474373,http://image.tmdb.org/t/p/w500/j8Z1tyK0URwnSZVutlJOamBFVCR.jpg
1469450,http://image.tmdb.org/t/p/w500/eRO1DaANwr4JgGeQT8odLJczTp.jpg
1449117,http://image.tmdb.org/t/p/w500/cs4wKqhqjUjB9TBlFS42PQ0zxGW.jpg
1427356,http://image.tmdb.org/t/p/w500/vSw8m5q1YLyJ5tZ0GzTjgvw3QhD.jpg
1397722,http://image.tmdb.org/t/p/w500/b18c2lhrVlvAK1sxogY0jAJimeJ.jpg
1393337,http://image.tmdb.org/t/p/w500/tQ9iTmLO2x0XFoCDrPjZAQTYjiL.jpg
1370344,http://image.tmdb.org/t/p/w500/ego1tuqzRzjRvGPnZ2dF566utOv.jpg
1367079,http://image.tmdb.org/t/p/w500/dsQyKOZvYqRgkO20MaoUszVotK6.jpg
1366381,http://image.tmdb.org/t/p/w500/iEZShgQp1AYw96Aa9Ng2ABVaRvf.jpg
1337487,http://image.tmdb.org/t/p/w500/9uBnXrxyWJiacfCuKDdhJxc2Gv5.jpg
1336331,http://image.tmdb.org/t/p/w500/vgRDz39VJgAbVrOTr3lV0qVAl2i.jpg
1317728,http://image.tmdb.org/t/p/w500/80HDWFdEXXgZqPbSXY3BTEXmO7r.jpg
1293964,http://image.tmdb.org/t/p/w500/5x6kUsF2i617LPmlt58WgNvnOsQ.jpg
1281797,http://image.tmdb.org/t/p/w500/s2zJ5x5DgtIoV5VDLctnAeXdUFi.jpg
1268977,http://image.tmdb.org/t/p/w500/rRHEIuKovZOen3MKwK9q5tU0soB.jpg
920167,http://image.tmdb.org/t/p/w500/lYkNSIzHTaHP7s8nL54N2sNYqLH.jpg
1242032,http://image.tmdb.org/t/p/w500/uKZqR4l1TYpkrgTjhC3mGdEvnVT.jpg
1232176,http://image.tmdb.org/t/p/w500/uNqtIuAkDh1E8ZjsbmJR6g9zxNP.jpg
1231718,http://image.tmdb.org/t/p/w500/sg8lEE56RBWk86R0kqKeRYk4Xry.jpg
1175506,http://image.tmdb.org/t/p/w500/nVEY98N14l3DYGCE7dB4kJCcllb.jpg
1136027,http://image.tmdb.org/t/p/w500/ofD9tzfsLzOpn3cPPAHNROmy4ni.jpg
1042504,http://image.tmdb.org/t/p/w500/1A0qA4bd74Ej2MyR6DHfmftomgA.jpg
1027903,http://image.tmdb.org/t/p/w500/h6Zei9NuU19fUoye41L6j5eJiLO.jpg
646211,http://image.tmdb.org/t/p/w500/fgmaaD6PQeQrul7xZns5kZexDwh.jpg
945900,http://image.tmdb.org/t/p/w500/z47dL4ypJhrJjycQOJfiYXcJFf8.jpg
902934,http://image.tmdb.org/t/p/w500/dqmSY4r9sMIDGstO5CF0nAEYUqX.jpg
865977,http://image.tmdb.org/t/p/w500/ctvMIQurZXu4tsdnFiW81JtAVyV.jpg
863811,http://image.tmdb.org/t/p/w500/gp3Clbq74pss28OJvibY9JIDTRm.jpg
838320,http://image.tmdb.org/t/p/w500/29msGU3LkYezPeCcC9PTbH0kDoF.jpg
823271,http://image.tmdb.org/t/p/w500/9cp1ueoNj2NOblb6LyFttCu1Vuz.jpg
703753,http://image.tmdb.org/t/p/w500/9YWdCqAOoKwjq3A0hRoSEVIK7Jy.jpg
795504,http://image.tmdb.org/t/p/w500/8ndnpwYl0DQO6Yu4Alsxiaz0nlP.jpg
358812,http://image.tmdb.org/t/p/w500/xEVOp6d93Pj0HYEmR51KnnqJauQ.jpg
690199,http://image.tmdb.org/t/p/w500/btAbgVDWTcyniJ50zmQyAxmYtGi.jpg
548663,http://image.tmdb.org/t/p/w500/2wOFeW5WtwjMcYkj61fKnYgB43o.jpg
745313,http://image.tmdb.org/t/p/w500/vB3uKD7oGozijuKaxaxgBjouvT1.jpg
720636,http://image.tmdb.org/t/p/w500/6E5B7iopDLmp1TXCZgIEtGJtiWj.jpg
736019,http://image.tmdb.org/t/p/w500/9IMlxhRYBS7b7n8sUvGF9AZrXl3.jpg
