movie_id,poster
569094,http://image.tmdb.org/t/p/w500/8Vt6mWEReuy4Of61Lnj5Xj704m8.jpg
324857,http://image.tmdb.org/t/p/w500/iiZZdoQBEYBv6id8su7ImL0oCbD.jpg
1184918,http://image.tmdb.org/t/p/w500/eG9lz41mJqsI4J6ubMtVqD26q2J.jpg
823219,http://image.tmdb.org/t/p/w500/zME0Ul0w48MKkYBnFRn40M5qgLh.jpg
2062,http://image.tmdb.org/t/p/w500/t3vaWRPSf6WjDSamIkKDs1iQWna.jpg
354912,http://image.tmdb.org/t/p/w500/6Ryitt95xrO8KXuqRGm1fUuNwqF.jpg
14160,http://image.tmdb.org/t/p/w500/mFvoEwSfLqbcWwFsDjQebn9bzFe.jpg
12,http://image.tmdb.org/t/p/w500/5lc6nQc0VhWFYFbNv016xze8Jvy.jpg
150540,http://image.tmdb.org/t/p/w500/2H1TmgdfNtsKlU9jKdeNyYL5y8T.jpg
862,http://image.tmdb.org/t/p/w500/uXDfjJbdP4ijW5hWSBrPrlKpxab.jpg
301528,http://image.tmdb.org/t/p/w500/w9kR8qbmQ01HwnvK4alvnQ2ca0L.jpg
863,http://image.tmdb.org/t/p/w500/4rbcp3ng8n1MKHjpeqW0L7Fnpzz.jpg
808,http://image.tmdb.org/t/p/w500/iB64vpL3dIObOtMZgX3RqdVdQDc.jpg
10193,http://image.tmdb.org/t/p/w500/AbbXspMOwdvwWZgVN0nabZq03Ec.jpg
399106,http://image.tmdb.org/t/p/w500/5fu2d809jepLwEpES7wggiECLoQ.jpg
9806,http://image.tmdb.org/t/p/w500/2LqaLgk4Z226KkgPJuiOQ58wvrm.jpg
1084242,http://image.tmdb.org/t/p/w500/oJ7g2CifqpStmoYQyaLQgEU32qO.jpg
585,http://image.tmdb.org/t/p/w500/wFSpyMsp7H0ttERbxY7Trlv8xry.jpg
315162,http://image.tmdb.org/t/p/w500/rJMl8E4DmSEyIiiBEefqMXpzWS2.jpg
508442,http://image.tmdb.org/t/p/w500/6jmppcaubzLF8wkXM36ganVISCo.jpg
82702,http://image.tmdb.org/t/p/w500/d13Uj86LdbDLrfDoHR5aDOFYyJC.jpg
10191,http://image.tmdb.org/t/p/w500/ygGmAO60t8GyqUo9xYeYxSZAR3b.jpg
269149,http://image.tmdb.org/t/p/w500/hlK0e0wAQ3VLuJcsfIYPvb4JVud.jpg
13042,http://image.tmdb.org/t/p/w500/1RMMyEkRPHvVxPDvhFmmw6xbcIb.jpg
501929,http://image.tmdb.org/t/p/w500/mI2Di7HmskQQ34kz0iau6J1vr70.jpg
1327819,http://image.tmdb.org/t/p/w500/xjtWQ2CL1mpmMNwuU5HeS4Iuwuu.jpg
803796,http://image.tmdb.org/t/p/w500/zT7Lhw3BhJbMkRqm9Zlx2YGMsY0.jpg
527774,http://image.tmdb.org/t/p/w500/5nVhgCzxKbK47OLIKxCR1syulOn.jpg
277834,http://image.tmdb.org/t/p/w500/9tzN8sPbyod2dsa0lwuvrwBDWra.jpg
736073,http://image.tmdb.org/t/p/w500/sR7gppb0YGjwLvE6Vnj6wYv5MnW.jpg
698687,http://image.tmdb.org/t/p/w500/iRCgqpdVE4wyLQvGYU3ZP7pAtUc.jpg
514754,http://image.tmdb.org/t/p/w500/tKz7XRXvdy1i7pW4eotaWZSrAx2.jpg
83564,http://image.tmdb.org/t/p/w500/9euW64JUgFlA7fxN8lAmwK6gUaQ.jpg
260513,http://image.tmdb.org/t/p/w500/9lFKBtaVIhP7E2Pk0IY1CwTKTMZ.jpg
166428,http://image.tmdb.org/t/p/w500/xvx4Yhf0DVH8G4LzNISpMfFBDy2.jpg
38757,http://image.tmdb.org/t/p/w500/ym7Kst6a4uodryxqbGOxmewF235.jpg
1234397,http://image.tmdb.org/t/p/w500/61pws82KZEssg883HG3kwN16cRw.jpg
1022789,http://image.tmdb.org/t/p/w500/vpnVM9B6NMmQpWeZvzLvDESb2QY.jpg
568124,http://image.tmdb.org/t/p/w500/4j0PNHkMr5ax3IA8tjtxcmPU3QT.jpg
13929,http://image.tmdb.org/t/p/w500/8PdCk3T9EkcKniUviDogWFCXx28.jpg
13930,http://image.tmdb.org/t/p/w500/7GogfWZYkZh802fnaMoDBnu8cfV.jpg
177572,http://image.tmdb.org/t/p/w500/2mxS4wUimwlLmI1xp6QW6NSU361.jpg
980477,http://image.tmdb.org/t/p/w500/cb5NyNrqiCNNoDkA8FfxHAtypdG.jpg
886396,http://image.tmdb.org/t/p/w500/mvffaexT5kA3chOnGxwBSlRoshh.jpg
610150,http://image.tmdb.org/t/p/w500/pi0iZOEHeA3ih4p1IwAG4x2DZNH.jpg
213121,http://image.tmdb.org/t/p/w500/oPBEnNP4Fg4gv9c0KBhchmtoG4H.jpg
13060,http://image.tmdb.org/t/p/w500/mh7VBbGPbGEITEPSSyRWQVO6HVW.jpg
44896,http://image.tmdb.org/t/p/w500/A5MP1guV8pbruieG0tnpPIbaJtt.jpg
9502,http://image.tmdb.org/t/p/w500/wWt4JYXTg5Wr3xBW2phBrMKgp3x.jpg
82690,http://image.tmdb.org/t/p/w500/fiHyt6UmG4yjcXFt9Cbpw6OedHh.jpg
560057,http://image.tmdb.org/t/p/w500/9Zfv4Ap1e8eKOYnZPtYaWhLkk0d.jpg
508943,http://image.tmdb.org/t/p/w500/9x4i9uKGXt8IiiIF5Ey0DIoY738.jpg
62211,http://image.tmdb.org/t/p/w500/y7thwJ7z5Bplv6vwl6RI0yteaDD.jpg
809,http://image.tmdb.org/t/p/w500/2yYP0PQjG8zVqturh1BAqu2Tixl.jpg
508947,http://image.tmdb.org/t/p/w500/qsdjk9oAKSQMWs0Vt5Pyfh6O4GZ.jpg
13933,http://image.tmdb.org/t/p/w500/hfwUfeodlhuYJTYxUbelMLIQbnH.jpg
200481,http://image.tmdb.org/t/p/w500/iSWV7ra8HJ3gYnZFMMrPe8CBbrv.jpg
614930,http://image.tmdb.org/t/p/w500/gyh0eECE2IqrW8GWl3KoHBfc45j.jpg
615453,http://image.tmdb.org/t/p/w500/phM9bb6s9c60LA8qwsdk7U1N2cS.jpg
228326,http://image.tmdb.org/t/p/w500/aotTZos5KswgCryEzx2rlOjFsm1.jpg
9487,http://image.tmdb.org/t/p/w500/Ah3J9OJVc2CNCuH2zMydXy9fmIC.jpg
127380,http://image.tmdb.org/t/p/w500/3UVe8NL1E2ZdUZ9EDlKGJY5UzE.jpg
1297842,http://image.tmdb.org/t/p/w500/wfuqMlaExcoYiUEvKfVpUTt1v4u.jpg
1235137,http://image.tmdb.org/t/p/w500/3dTnNYq0TZYkTLqRXgHz3OBxcFA.jpg
1106299,http://image.tmdb.org/t/p/w500/2xlk27ZW2WI6Q77SLEmwhUpz190.jpg
829402,http://image.tmdb.org/t/p/w500/j886YEkIUsiImY53px5VHKD4lRa.jpg
13413,http://image.tmdb.org/t/p/w500/1wOReJq1vArLBSejND2Jbw0KeKh.jpg
482321,http://image.tmdb.org/t/p/w500/plzgQAXIEHm4Y92ktxU6fedUc0x.jpg
13932,http://image.tmdb.org/t/p/w500/uKMYT8aAJS9LA8IM1juMqbXTtqU.jpg
324849,http://image.tmdb.org/t/p/w500/snGwr2gag4Fcgx2OGmH9otl6ofW.jpg
19026,http://image.tmdb.org/t/p/w500/hkjdx0FbNGOt5QDD18jt0ZkPiHQ.jpg
433694,http://image.tmdb.org/t/p/w500/rmpykGuvJznJw4iY4hpVVn5ZDdh.jpg
15165,http://image.tmdb.org/t/p/w500/xHYsUwUe4MaNc6mbNBGTkqZSnPk.jpg
13002,http://image.tmdb.org/t/p/w500/yBB7PwXRFJ29U8m8SnTcWVizFvM.jpg
49444,http://image.tmdb.org/t/p/w500/mtqqD00vB4PGRt20gWtGqFhrkd0.jpg
20352,http://image.tmdb.org/t/p/w500/b1BT309QWjtFUlJPLmXmrcHOWEL.jpg
109445,http://image.tmdb.org/t/p/w500/kgwjIb2JDHRhNk13lmSxiClFjVk.jpg
1588237,http://image.tmdb.org/t/p/w500/x14YpgJ9Z77vufopLaPGDFSftcM.jpg
1383072,http://image.tmdb.org/t/p/w500/uGTF87VyfjtwwqRlT2apQg5YnEp.jpg
1299652,http://image.tmdb.org/t/p/w500/apzbE0pcmKz4RTWFVP7XXdg3VCZ.jpg
17578,http://image.tmdb.org/t/p/w500/fQZ3sLR1Fi63NMsNRbjm9q5qODJ.jpg
13004,http://image.tmdb.org/t/p/w500/qewfjmkNpggNuXQtrUjMl8hvHoM.jpg
614587,http://image.tmdb.org/t/p/w500/yEKzkOF0uImcs4CdhPQpF8TwVDE.jpg
330457,http://image.tmdb.org/t/p/w500/mINJaa34MtknCYl5AjtNJzWj8cD.jpg
73456,http://image.tmdb.org/t/p/w500/lI2jPbssax6XX5vDqB9mTJHGzfH.jpg
51052,http://image.tmdb.org/t/p/w500/brELZkSbkLrcCXJ0xt5hQUMXhut.jpg
920,http://image.tmdb.org/t/p/w500/2Touk3m5gzsqr1VsvxypdyHY5ci.jpg
1175942,http://image.tmdb.org/t/p/w500/26oSPnq0ct59l07QOXZKyzsiRtN.jpg
1167307,http://image.tmdb.org/t/p/w500/bESlrLOrsQ9gKzaGQGHXKOyIUtX.jpg
1155058,http://image.tmdb.org/t/p/w500/tE2vZ6HdlmKaBh0wpsvHCf7HJKo.jpg
774370,http://image.tmdb.org/t/p/w500/89wNiexZdvLQ41OQWIsQy4O6jAQ.jpg
597316,http://image.tmdb.org/t/p/w500/uvbj8puRj37Pc8FS4rIfVeReYFF.jpg
425,http://image.tmdb.org/t/p/w500/gLhHHZUzeseRXShoDyC4VqLgsNv.jpg
13928,http://image.tmdb.org/t/p/w500/ouk2QFv4NySNfitAgXqnTtO5vA1.jpg
82881,http://image.tmdb.org/t/p/w500/5IeMW79OxftIUoR5duxyQ4LW5Iy.jpg
91417,http://image.tmdb.org/t/p/w500/tieHyFlHwnU4gdKY9vBNCW7U5iw.jpg
629542,http://image.tmdb.org/t/p/w500/7qop80YfuO0BwJa1uXk1DXUUEwv.jpg
508439,http://image.tmdb.org/t/p/w500/f4aul3FyD3jv3v4bul1IrkWZvzq.jpg
265712,http://image.tmdb.org/t/p/w500/wc7XQbfx6EIQqCuvmBMt3aisb2Y.jpg
25475,http://image.tmdb.org/t/p/w500/hg1959yuBkHb4BKbIvETQSfxGCT.jpg
13179,http://image.tmdb.org/t/p/w500/3Ma0r1n8kfH7UaQMS7bJ9KsYUjT.jpg
647,http://image.tmdb.org/t/p/w500/pTIXM2yu8McSlcQVs1VjVSNC45x.jpg
140300,http://image.tmdb.org/t/p/w500/oajNi4Su39WAByHI6EONu8G8HYn.jpg
1117857,http://image.tmdb.org/t/p/w500/ug0TqgmByPCEYzR9lQWQmyAa7sw.jpg
26809,http://image.tmdb.org/t/p/w500/jl4UZyUA1xPFZMYWYJ4ZzuccW7Q.jpg
77459,http://image.tmdb.org/t/p/w500/wSYZR2QL58jWPIEe9TG7G9PlTya.jpg
81188,http://image.tmdb.org/t/p/w500/yfzmfWGjcmyugH6FZ13WcsUGiNj.jpg
62177,http://image.tmdb.org/t/p/w500/1XAuDtMWpL0sYSFK0R6EZate2Ux.jpg
286192,http://image.tmdb.org/t/p/w500/9HI4rM3ewc26yTUfCV0IT0k3wJs.jpg
46247,http://image.tmdb.org/t/p/w500/kz9FehcBC89SDbg4XU2kWv6MZE.jpg
13925,http://image.tmdb.org/t/p/w500/as8xF0wOawngZ1G3qg5gs0VQea3.jpg
79000,http://image.tmdb.org/t/p/w500/irY2b4KkYZyRAowZdk5okDMn5S8.jpg
38055,http://image.tmdb.org/t/p/w500/uZ9ytt3sPTx62XTfN56ILSuYWRe.jpg
93456,http://image.tmdb.org/t/p/w500/5Fh4NdoEnCjCK9wLjdJ9DJNFl2b.jpg
1432547,http://image.tmdb.org/t/p/w500/kznh3ACnXYVyyAYes7JN6i1wy2d.jpg
1022787,http://image.tmdb.org/t/p/w500/7z8jDiTZZco9moIKpTUImFtTy7o.jpg
539681,http://image.tmdb.org/t/p/w500/qpPMewlugFaejXjz4YNDnpTniFX.jpg
431580,http://image.tmdb.org/t/p/w500/20djTLqppfBx5WYA67Y300S6aPD.jpg
404368,http://image.tmdb.org/t/p/w500/iVCrhBcpDaHGvv7CLYbK6PuXZo1.jpg
24528,http://image.tmdb.org/t/p/w500/qZTCweihd6H8IM2W1Bgk7M3HKrf.jpg
283161,http://image.tmdb.org/t/p/w500/rkg2thsR4r4H02FVVW1M1FyqhpL.jpg
15906,http://image.tmdb.org/t/p/w500/wqKNLSzGN9lqnmtFFwu40g2eWgQ.jpg
133121,http://image.tmdb.org/t/p/w500/zkHSURVCrt7rpvDDgUXO75CV1v4.jpg
396263,http://image.tmdb.org/t/p/w500/9yTuw6ddf28lItHwgeqFSNtXsaG.jpg
75258,http://image.tmdb.org/t/p/w500/aPudKEzwwmwc5lS8sdxvG3WX86t.jpg
13053,http://image.tmdb.org/t/p/w500/v5aC4nrzXFGJDWY4JO1eengXzqk.jpg
901362,http://image.tmdb.org/t/p/w500/3ySgD2xwasTHOK6R9bNZiEwKgYo.jpg
13981,http://image.tmdb.org/t/p/w500/mxhr2e2Xky4cQ96NpI24xc2GUPn.jpg
550205,http://image.tmdb.org/t/p/w500/lnPf6hzANL6pVQTxUlsNYSuhT5l.jpg
560044,http://image.tmdb.org/t/p/w500/9WrMmjdZvpxLQh1tCQ9tOd1asOb.jpg
431693,http://image.tmdb.org/t/p/w500/z52xI0MnoX1rqySFJYnmBqHbXRn.jpg
523777,http://image.tmdb.org/t/p/w500/hUDDo5MPWM6rc6COQYhaoRNqvhE.jpg
77887,http://image.tmdb.org/t/p/w500/4BQHDbU0JgiNS1QkMknKHhvNjcG.jpg
13283,http://image.tmdb.org/t/p/w500/oguRPUFeHt0H0wO0He4ewTseMXo.jpg
204436,http://image.tmdb.org/t/p/w500/ZSrU2mvlzM5Jr30XtKCU1fziIj.jpg
44683,http://image.tmdb.org/t/p/w500/cb7PrVIYbwIadQqWxgSU6CGHJjj.jpg
297270,http://image.tmdb.org/t/p/w500/3S0mmmpYStB3GqodRghcfOt81wQ.jpg
227973,http://image.tmdb.org/t/p/w500/aiwdwnl7RFs1vcBanOKr13ye3wE.jpg
1075794,http://image.tmdb.org/t/p/w500/gSOVog7ydsaF1YpgAqBqnKYFGY.jpg
976573,http://image.tmdb.org/t/p/w500/4Y1WNkd88JXmGfhtWR7dmDAo1T2.jpg
844075,http://image.tmdb.org/t/p/w500/tW5dFOemV4d7hxTcVI2bu4u0C9z.jpg
718789,http://image.tmdb.org/t/p/w500/b9t3w1loraDh7hjdWmpc9ZsaYns.jpg
663558,http://image.tmdb.org/t/p/w500/np4ScPY04HESKBbpexwstKsipKe.jpg
46195,http://image.tmdb.org/t/p/w500/4nJxhUknKV8Gqdhov8pU1YWDYfb.jpg
12222,http://image.tmdb.org/t/p/w500/6k47Z3A5zI2rxubTMwiLyIqQLLr.jpg
1267,http://image.tmdb.org/t/p/w500/naya0zF4kT401Sx15AtwB9vpcJr.jpg
8916,http://image.tmdb.org/t/p/w500/lWPjxbUMpAHFkJpZHHNWhQaRsax.jpg
13931,http://image.tmdb.org/t/p/w500/mOnNx05XOPFeQhOqpbPI0lwEf4N.jpg
83201,http://image.tmdb.org/t/p/w500/ptvbHUWpU8Nh6vrmSvjx4ESDgfC.jpg
438148,http://image.tmdb.org/t/p/w500/wKiOkZTN9lUUUNZLmtnwubZYONg.jpg
529203,http://image.tmdb.org/t/p/w500/tbVZ3Sq88dZaCANlUcewQuHQOaE.jpg
573699,http://image.tmdb.org/t/p/w500/30SLnoKmYNyRPkKCYowsrGLRnJA.jpg
13285,http://image.tmdb.org/t/p/w500/uBCvRThFwjvwNQeS3Vy7xMPc0Rh.jpg
15015,http://image.tmdb.org/t/p/w500/ysiGzuMSc0nFmmDPn9z7U7YSFYf.jpg
9408,http://image.tmdb.org/t/p/w500/kAeZfUDmuhnL8pLnxxFxBhYVdm6.jpg
7518,http://image.tmdb.org/t/p/w500/jtZnymorbnHY7mOiBXR14ZDJseM.jpg
417859,http://image.tmdb.org/t/p/w500/7a5Jzjr9TmffGy76y1SZhn3sCiz.jpg
22794,http://image.tmdb.org/t/p/w500/qhOhIKf7QEyQ5dMrRUqs5eTX1Oq.jpg
49519,http://image.tmdb.org/t/p/w500/27zvjVOtOi5ped1HSlJKNsKXkFH.jpg
335797,http://image.tmdb.org/t/p/w500/rwopfpHqPCYBSgBuZwkaXXqHp14.jpg
1139829,http://image.tmdb.org/t/p/w500/N2ddXhBX5kqwA9flbm2yqFtX6b.jpg
645757,http://image.tmdb.org/t/p/w500/uR3uhztTAxGGK7Co0yyxVy4Gc7H.jpg
675445,http://image.tmdb.org/t/p/w500/ic0intvXZSfBlYPIvWXpU1ivUCO.jpg
5255,http://image.tmdb.org/t/p/w500/eOoCzH0MqeGr2taUZO4SwG416PF.jpg
9297,http://image.tmdb.org/t/p/w500/zCRPr4bkO3ae0U1134vJ39xZnAG.jpg
17963,http://image.tmdb.org/t/p/w500/xNdHlJEnrGXy5mmdm1KAu3QWmdJ.jpg
326359,http://image.tmdb.org/t/p/w500/mPrDJ7puYzPLG5kPM96iNszF2sM.jpg
456154,http://image.tmdb.org/t/p/w500/m3EweWiLJ93m4CZLenbKhTNvcH0.jpg
454640,http://image.tmdb.org/t/p/w500/fKk4bfnouKEY5iPzYDMcVmtgDEy.jpg
54551,http://image.tmdb.org/t/p/w500/AnmIMKAQjXLjD2DI0ba4D9DpkHv.jpg
15016,http://image.tmdb.org/t/p/w500/jmMLTLGO6GMqmXLhj8kv0JcrMpt.jpg
177271,http://image.tmdb.org/t/p/w500/dY8lQeVN7wq6UAg3bLffVugK3p9.jpg
170522,http://image.tmdb.org/t/p/w500/oppvIr8jmTXEVkzRHtipxcmvdQ5.jpg
175112,http://image.tmdb.org/t/p/w500/81oxrsugqqs8sAVNX9fdlz57cVU.jpg
82703,http://image.tmdb.org/t/p/w500/hPcImYndWESKHzT2GHVCDsUxzYg.jpg
80321,http://image.tmdb.org/t/p/w500/ekraj4ksvIKeuvQVEevEJkuybZd.jpg
1181107,http://image.tmdb.org/t/p/w500/ccw7CCIAvcZV431CP7NhHAHuiHR.jpg
893723,http://image.tmdb.org/t/p/w500/aTvePCU7exLepwg5hWySjwxojQK.jpg
730840,http://image.tmdb.org/t/p/w500/zvUNFeTz0Sssb210wSiIiHRjA4W.jpg
741074,http://image.tmdb.org/t/p/w500/hddzYJtfYYeMDOQVcH58n8m1W3A.jpg
229407,http://image.tmdb.org/t/p/w500/bapLpnoV3PUbgcZNDwg6Hxe75HI.jpg
15854,http://image.tmdb.org/t/p/w500/3HENPRM1tGRswyjgiIbP9b4sult.jpg
449406,http://image.tmdb.org/t/p/w500/eRLlrhbdYE7XN6VtcZKy6o2BsOw.jpg
152581,http://image.tmdb.org/t/p/w500/9qAL19JR0oJ7ZlVpUE1Os2P6XXp.jpg
82424,http://image.tmdb.org/t/p/w500/8siICxMft0JSWZDq9YrXh5U5PZx.jpg
10258,http://image.tmdb.org/t/p/w500/gOVdfrRfzQjYwezOxIap13j05d8.jpg
23566,http://image.tmdb.org/t/p/w500/zR0ts7zL2P1kQIQXYlnS4KCqqmu.jpg
11619,http://image.tmdb.org/t/p/w500/kgoZI4xh38RrEYEPVib6a12UPLn.jpg
17979,http://image.tmdb.org/t/p/w500/xNwlAIdx1Ln28GRiQttUP9Gojy2.jpg
1205229,http://image.tmdb.org/t/p/w500/nCejOVZcOxKS27nnbh28NKXOdXF.jpg
776835,http://image.tmdb.org/t/p/w500/cAoAgzOCxSytYBqqCQulhXNR3LB.jpg
50393,http://image.tmdb.org/t/p/w500/vJv3pI8pyS13rLjy0ok7a3BiE0a.jpg
13459,http://image.tmdb.org/t/p/w500/fX9g1AE1JIqjX3LPPKVjcmHs6fd.jpg
13378,http://image.tmdb.org/t/p/w500/yPtfdYkhOWf3TbO1BOnRCF2vtBt.jpg
13062,http://image.tmdb.org/t/p/w500/bQBFIwb77jrsXiH7TQVFu7onwN7.jpg
638507,http://image.tmdb.org/t/p/w500/kXj2Qrfm994yLeuADqbOieU1mUH.jpg
53215,http://image.tmdb.org/t/p/w500/x6XU7OOUrZEkXybWfK5IoRIKyYa.jpg
438695,http://image.tmdb.org/t/p/w500/aWeKITRFbbwY8txG5uCj4rMCfSP.jpg
486589,http://image.tmdb.org/t/p/w500/MBiKqTsouYqAACLYNDadsjhhC0.jpg
98622,http://image.tmdb.org/t/p/w500/s2wFHOqAkR50O8AZmztNMLjiy8O.jpg
592867,http://image.tmdb.org/t/p/w500/5R70ehKGh5V0ZYOdikxwSfoLGMt.jpg
44874,http://image.tmdb.org/t/p/w500/bFnf8f8DXdCANQ7Y62djgubhh4P.jpg
34134,http://image.tmdb.org/t/p/w500/jtOlo3AaXVBnqfMeKGFrZUMPFui.jpg
15167,http://image.tmdb.org/t/p/w500/eIkXJggVmzN4MyPgJ2kDjOy9lmQ.jpg
9928,http://image.tmdb.org/t/p/w500/fnKCh67l2DDG9NxxIlk9IpsXQ99.jpg
12244,http://image.tmdb.org/t/p/w500/3uqXGOH4BQ2CLJWkDJZ0PzbUzOn.jpg
270946,http://image.tmdb.org/t/p/w500/dXbpNrPDZDMEbujFoOxmMNQVMHa.jpg
364689,http://image.tmdb.org/t/p/w500/rMm94JsRfcOPiPVsTRcBiiVBOhz.jpg
10527,http://image.tmdb.org/t/p/w500/agRbLOHgN46TQO4YdKR462iR7To.jpg
260514,http://image.tmdb.org/t/p/w500/zg5RDxvIIAKsucjuU2EZJIHEIvz.jpg
105864,http://image.tmdb.org/t/p/w500/8RSkxOO80btfKjyiC5ZiTaCHIT8.jpg
1406657,http://image.tmdb.org/t/p/w500/2O2tOyS4kvO9GtFPHpWmbXvfRQv.jpg
1107216,http://image.tmdb.org/t/p/w500/b10qy1KwrfmH0MGS2rBUJ0BxgYB.jpg
1040148,http://image.tmdb.org/t/p/w500/8ChIb3WzYAcza1vrXR56v510MWk.jpg
940551,http://image.tmdb.org/t/p/w500/ldfCF9RhR40mppkzmftxapaHeTo.jpg
770254,http://image.tmdb.org/t/p/w500/jbAUTO7qFN8XFG2LM3bz30vzGFJ.jpg
732670,http://image.tmdb.org/t/p/w500/zyzJSI7UZZzz5Toj10rYGF5689z.jpg
13284,http://image.tmdb.org/t/p/w500/a0VPQHpLNCWWmiXwjD7aJVRaH78.jpg
953,http://image.tmdb.org/t/p/w500/zMpJY5CJKUufG9OTw0In4eAFqPX.jpg
381693,http://image.tmdb.org/t/p/w500/9LsQpFS3JOLmVfIV38oI9YHMpi.jpg
48466,http://image.tmdb.org/t/p/w500/aAQQJhX8NqKZ7ZNDUPQQKi1wK8h.jpg
502356,http://image.tmdb.org/t/p/w500/qNBAXBIQlnOThrVvA6mA2B5ggV6.jpg
560050,http://image.tmdb.org/t/p/w500/lG0TF0wj1n9p9CPy5xlIUIkF56a.jpg
504997,http://image.tmdb.org/t/p/w500/zxz7Qo3GhiHkkFl26tWJ3uIwXiJ.jpg
332718,http://image.tmdb.org/t/p/w500/ncWuEzxnXqssxRfHghZuUAIezCo.jpg
57737,http://image.tmdb.org/t/p/w500/wn2aoYKOonwMNKkzfgO5y4ji8pB.jpg
10800,http://image.tmdb.org/t/p/w500/bhHhTCh43aT3kAeknSd5T5BcZcJ.jpg
332210,http://image.tmdb.org/t/p/w500/pwGolX8JmGJhhcUjO5SJt38Uk0m.jpg
328111,http://image.tmdb.org/t/p/w500/g3Hms6AE174doeGR1gz5zX5sVsv.jpg
574089,http://image.tmdb.org/t/p/w500/5vK8QmJpKK8gRzJ7NFQ26K5nMpm.jpg
1297763,http://image.tmdb.org/t/p/w500/sVVT6GYFErVv0Lcc9NvqCu0iOxO.jpg
1241982,http://image.tmdb.org/t/p/w500/aLVkiINlIeCkcZIzb7XHzPYgO6L.jpg
1083862,http://image.tmdb.org/t/p/w500/qayga07ICNDswm0cMJ8P3VwklFZ.jpg
877269,http://image.tmdb.org/t/p/w500/a9x70QUXs6uEwtin1SGNKoFXoia.jpg
779047,http://image.tmdb.org/t/p/w500/zKnenwvQB6xA4mxc8zxL2S8qVbR.jpg
728754,http://image.tmdb.org/t/p/w500/vBv8iOFPLnXmtELUjcFc7OKHsR4.jpg
345637,http://image.tmdb.org/t/p/w500/mShcGzOctlq6zs33UdrCdAwZMGq.jpg
433471,http://image.tmdb.org/t/p/w500/4l9wSwvabTefMJ3TkXnh9evzmVV.jpg
406785,http://image.tmdb.org/t/p/w500/vUZqG2SvTkAlMVlzARXaMNCYMuk.jpg
161143,http://image.tmdb.org/t/p/w500/gajMxAW4lZg13x5XXUTB56RrcC4.jpg
57718,http://image.tmdb.org/t/p/w500/xHWPPDPvtUtLtzEPAKAut7QACxo.jpg
136799,http://image.tmdb.org/t/p/w500/9VlK2j0THZWzhQPq0W3Oc0IIdBB.jpg
409421,http://image.tmdb.org/t/p/w500/7eoRQY7VUMawwBnuD6uwN4szc8k.jpg
315064,http://image.tmdb.org/t/p/w500/dxFqZiO5MqqVoFZuWOjTdjmDh6d.jpg
18198,http://image.tmdb.org/t/p/w500/qsb1OQCNVMAX3KRT6xhKOl3mM6P.jpg
153158,http://image.tmdb.org/t/p/w500/tJL0oyVmrwSpULCAGaTqs9VMTdM.jpg
25472,http://image.tmdb.org/t/p/w500/s5nELMHR1L2agJXVIPiWxu6dWl8.jpg
12589,http://image.tmdb.org/t/p/w500/pUwdquA6Bf3Gq8yT5iQL1Yq0jkl.jpg
269650,http://image.tmdb.org/t/p/w500/yISvzOlV0x1D667oRcUBxxDR0LZ.jpg
192577,http://image.tmdb.org/t/p/w500/mlHoTQLYsuzJJArO2fHS5rqnLqe.jpg
109451,http://image.tmdb.org/t/p/w500/ss5NcK2NWFg2YcKKYXLrk8q1myS.jpg
950,http://image.tmdb.org/t/p/w500/e23bfKyjOiKJ5uOufFgfO7JO5ug.jpg
8355,http://image.tmdb.org/t/p/w500/cXOLaxcNjNAYmEx1trZxOTKhK3Q.jpg
574091,http://image.tmdb.org/t/p/w500/eCQOiAWjXmRPlktXFEu4vt22Kz2.jpg
1049082,http://image.tmdb.org/t/p/w500/8Wzkp1jHJda9M8q96tAfFIbQLvB.jpg
795607,http://image.tmdb.org/t/p/w500/4QEzpWEeuPt41WWtnhCnOiBy7C7.jpg
76492,http://image.tmdb.org/t/p/w500/eJGvzGrsfe2sqTUPv5IwLWXjVuR.jpg
13648,http://image.tmdb.org/t/p/w500/1x5OaFOo38JAwR5yXxeuvQg3VWH.jpg
70608,http://image.tmdb.org/t/p/w500/bCDa9memHnETeRrJWXzImTZdMal.jpg
13394,http://image.tmdb.org/t/p/w500/zeqUbXA0JPSlyAHdRTgxoYgK24n.jpg
519182,http://image.tmdb.org/t/p/w500/wWba3TaojhK7NdycRhoQpsG0FaH.jpg
13934,http://image.tmdb.org/t/p/w500/thZHluscCvT3SCzVckmFszOVVtM.jpg
412117,http://image.tmdb.org/t/p/w500/s9xg4V5EDKiphgIksVJ9gewBM11.jpg
24480,http://image.tmdb.org/t/p/w500/oqYX2AJV53ibLVPrUZ1Z5XlGv5U.jpg
196254,http://image.tmdb.org/t/p/w500/aUVd4itaF4mDFgld99wMIihjUK7.jpg
446894,http://image.tmdb.org/t/p/w500/zfaiO7QgpcvR8XDOMokWLRfKeTE.jpg
1214130,http://image.tmdb.org/t/p/w500/p0ZOIaQ8oLEGmQVrYcmvIOUuSqs.jpg
1045644,http://image.tmdb.org/t/p/w500/j0w5tggQs0VVtXj5OF8kWqME2WG.jpg
1029119,http://image.tmdb.org/t/p/w500/hjVIpMS8gOEaLB87kpgEOqdDCrk.jpg
1011985,http://image.tmdb.org/t/p/w500/kDp1vUBnMpe8ak4rjgl3cLELqjU.jpg
857702,http://image.tmdb.org/t/p/w500/fYiaBZDjyXjvlY6EDZMAxIhBO1I.jpg
54553,http://image.tmdb.org/t/p/w500/ch1QTMEOBrBhSSILw6CPFXCdxgB.jpg
24589,http://image.tmdb.org/t/p/w500/o0ydUDS80j9YTQ3JbUmD3CRPitd.jpg
446893,http://image.tmdb.org/t/p/w500/7W0G3YECgDAfnuiHG91r8WqgIOe.jpg
597398,http://image.tmdb.org/t/p/w500/c59eplVELdwrUfGBUAZVin3HfaL.jpg
527729,http://image.tmdb.org/t/p/w500/5OvHpzWXBzOvgZwOoUsqNSouSwy.jpg
360920,http://image.tmdb.org/t/p/w500/smxA8yvZ0LzDPer9BIRd4pyOpx1.jpg
21705,http://image.tmdb.org/t/p/w500/zSCQBfNWsdiKaqDj7LQUgxnSaFi.jpg
485942,http://image.tmdb.org/t/p/w500/5xSB0Npkc9Fd9kahKBsq9P4Cdzp.jpg
41216,http://image.tmdb.org/t/p/w500/qweKCtPdnIP2uGp1PgWZyCV7gzj.jpg
15512,http://image.tmdb.org/t/p/w500/hpHarddVj34j53T7NsoUGdKj4mP.jpg
77950,http://image.tmdb.org/t/p/w500/w6GdF5hcnsU5IwaRhyhnysNy5hO.jpg
1226863,http://image.tmdb.org/t/p/w500/eJGWx219ZcEMVQJhAgMiqo8tYY.jpg
676710,http://image.tmdb.org/t/p/w500/ydhZeUjbzVEFclUpMhLfDZSavUY.jpg
27357,http://image.tmdb.org/t/p/w500/dFF2npnL06QSVU4nQ8dUkc7Vl0L.jpg
48329,http://image.tmdb.org/t/p/w500/nowdeQSbm3e0xA4RTH1JZmUQWxw.jpg
54559,http://image.tmdb.org/t/p/w500/b5qrtwVT3p3iQvqCWHbxmk4RvBS.jpg
13927,http://image.tmdb.org/t/p/w500/qMoI7HSGCuvG3yZE35Gs9NQF4Bw.jpg
130925,http://image.tmdb.org/t/p/w500/7Y7NBliUme8KFqBh4MvQ1NOSDNW.jpg
136406,http://image.tmdb.org/t/p/w500/doeFDzZ0Ywp8YUoRaEhVE5UBqka.jpg
523536,http://image.tmdb.org/t/p/w500/dzN5xbp73TI7pjEqZ66ECNxdWJl.jpg
13061,http://image.tmdb.org/t/p/w500/sgjkYw2LLdsMzCuhKDZBYbhe7QB.jpg
15173,http://image.tmdb.org/t/p/w500/xJ6ImpQIqZxBh4eE2813ljQ0TQ3.jpg
13391,http://image.tmdb.org/t/p/w500/xF5je4N99eoh94Zahus2Nhm45Yl.jpg
33427,http://image.tmdb.org/t/p/w500/sa9UQfzagl6VjSwkoknZcqfeWQE.jpg
202575,http://image.tmdb.org/t/p/w500/3R13g2XgblynIrQGF8geFZJPNvR.jpg
2310,http://image.tmdb.org/t/p/w500/7QsWYyJAV97N9jOh21pdRIqJeJq.jpg
116711,http://image.tmdb.org/t/p/w500/81cSsWzjTfR3cJSqnTiHwy1eyPK.jpg
73723,http://image.tmdb.org/t/p/w500/tePFnZFw5JvjwjQjaKkqDPNMLPU.jpg
211672,http://image.tmdb.org/t/p/w500/dr02BdCNAUPVU07aOodwPYv6HCf.jpg
532952,http://image.tmdb.org/t/p/w500/bsDQdjuGAhj6JrmCKVBFTUBeIrb.jpg
876716,http://image.tmdb.org/t/p/w500/1SyTnaY0wte69oKdqxQLvxPT3hs.jpg
667717,http://image.tmdb.org/t/p/w500/znSKKjTpwnFmlieJtnlLoI6McKK.jpg
55692,http://image.tmdb.org/t/p/w500/61P8otXR7qYKefDhr9WxebPrTvx.jpg
15990,http://image.tmdb.org/t/p/w500/zDEoh70DVvUbNgKDJQUbqkcfb7s.jpg
58515,http://image.tmdb.org/t/p/w500/w272Z6vRaC1H6WZU5pIffaU04MR.jpg
98857,http://image.tmdb.org/t/p/w500/uIK8n1fhD7YhGoZfINhNfffzPHP.jpg
355338,http://image.tmdb.org/t/p/w500/cGLwfmLqg39822RFQMUDat0UJev.jpg
665251,http://image.tmdb.org/t/p/w500/vlIYzx7cc4Wvaoh7ShjF2HZG45.jpg
228161,http://image.tmdb.org/t/p/w500/usFenYnk6mr8C62dB1MoAfSWMGR.jpg
16962,http://image.tmdb.org/t/p/w500/suo0EcRi0uJNRlhmNqOuDHpCSSE.jpg
227200,http://image.tmdb.org/t/p/w500/ijs7rC9WvE2wYOxab8x1QSiQiJc.jpg
79433,http://image.tmdb.org/t/p/w500/vT8m9Ji4mrUExpuIX0LGjMPHEHX.jpg
285733,http://image.tmdb.org/t/p/w500/i4BIMP1KZmERVwt4BFXKeBBIDvJ.jpg
449574,http://image.tmdb.org/t/p/w500/hAuZ7g6TqDLv5fOqXIPgYRguOkm.jpg
413644,http://image.tmdb.org/t/p/w500/5yCQvhFuFPY0pACxoUpLUlYCxop.jpg
400136,http://image.tmdb.org/t/p/w500/kdiMtgjWXEH9QZ85hgmWaSwshjf.jpg
16577,http://image.tmdb.org/t/p/w500/6AK3uOHaIbl6EDaytHYe4FinZMu.jpg
390734,http://image.tmdb.org/t/p/w500/xGMgspge6uYoypRiasAmlluDlXH.jpg
10192,http://image.tmdb.org/t/p/w500/6HrfPZtKcGmX2tUWW3cnciZTaSD.jpg
49013,http://image.tmdb.org/t/p/w500/okIz1HyxeVOMzYwwHUjH2pHi74I.jpg
45745,http://image.tmdb.org/t/p/w500/4BMG9hk9NvSBeQvC82sVmVRK140.jpg
635389,http://image.tmdb.org/t/p/w500/eDq4dGgNHxPbT3Y5S6mfymsQ0rQ.jpg
598387,http://image.tmdb.org/t/p/w500/64ZktFMmTzsm47wdsaMOID0DzcY.jpg
289280,http://image.tmdb.org/t/p/w500/euY1pWQB5FE9QwgTj4mdo5lSk9w.jpg
459003,http://image.tmdb.org/t/p/w500/eeJjd9JU2Mdj9d7nWRFLWlrcExi.jpg
13926,http://image.tmdb.org/t/p/w500/ebPNnYqoEYntnrGdwtmppvBRHpu.jpg
421456,http://image.tmdb.org/t/p/w500/zhbSs7eruoT68NZcSkmtPYWHkU5.jpg
13379,http://image.tmdb.org/t/p/w500/utTSbxaQImY5HhcqB1FdQsXoR5u.jpg
255718,http://image.tmdb.org/t/p/w500/zA4csIbIKzPOd6DwN5rKxHkVCu6.jpg
11633,http://image.tmdb.org/t/p/w500/mtSmeCDTexb0uWhVedouJ4SeD6c.jpg
342473,http://image.tmdb.org/t/p/w500/qBxMhcmNnFniuDAZTKEHcSgKtsn.jpg
223702,http://image.tmdb.org/t/p/w500/vNgdPJQ5CI60oEiiHLKRNrsDhMy.jpg
574093,http://image.tmdb.org/t/p/w500/mgwObpU1NCXfPqF7ZaTpi80mxsF.jpg
832502,http://image.tmdb.org/t/p/w500/i6ye8ueFhVE5pXatgyRrZ83LBD8.jpg
549484,http://image.tmdb.org/t/p/w500/4O13uunA2LmNvHpr7PjTCDUmSZ1.jpg
637693,http://image.tmdb.org/t/p/w500/fLE2mvuvhvzmSICOsqR9uE50Ave.jpg
10199,http://image.tmdb.org/t/p/w500/6bBzgQ1uJabDHeGR9QvKrHvHYzG.jpg
2114,http://image.tmdb.org/t/p/w500/47b1EwFqqSWxYna7NtUM7iML4oT.jpg
16873,http://image.tmdb.org/t/p/w500/iAcPYIsYwFqAyY7KctWkkdkJGhI.jpg
10982,http://image.tmdb.org/t/p/w500/tjuMvHg7NJmE9hqKD3p86kW2Jvk.jpg
229408,http://image.tmdb.org/t/p/w500/5irlpcx6tmpQ5sq42nojwICZrHN.jpg
546728,http://image.tmdb.org/t/p/w500/ypgqNZGKPh5vLDhDAUUArv1ZSRu.jpg
528644,http://image.tmdb.org/t/p/w500/xjOrumBkIq6hDjijozRuja8Obo0.jpg
460793,http://image.tmdb.org/t/p/w500/As8WTtxXs9e3cBit3ztTf7zoRmm.jpg
129533,http://image.tmdb.org/t/p/w500/hab6ZMC3eXj9pQHlSxNUjonphCR.jpg
9904,http://image.tmdb.org/t/p/w500/sxqzaOto1qyUseSg6YpIP9Su5lp.jpg
400155,http://image.tmdb.org/t/p/w500/lzE5BwGQea1nek7TPXUuC5AZ6rq.jpg
159824,http://image.tmdb.org/t/p/w500/3nFnrivNgipSKZ8LZJJbRSlAcTR.jpg
1371727,http://image.tmdb.org/t/p/w500/zdT3LmTSNL4GAsS3cKjaCBzOrId.jpg
1123093,http://image.tmdb.org/t/p/w500/CgWUleumTXrFL6AsQKjpcuwWyN.jpg
31160,http://image.tmdb.org/t/p/w500/yh2ynavM1ADm7gSOCAE7fOV3fvf.jpg
810,http://image.tmdb.org/t/p/w500/n4SexGGQzI26E269tfpa80MZaGV.jpg
7484,http://image.tmdb.org/t/p/w500/w5Lctmkc1yah215Luxmci4djaiW.jpg
79516,http://image.tmdb.org/t/p/w500/nYfa9yK6LlbE9K4U7Ved815RgMM.jpg
366672,http://image.tmdb.org/t/p/w500/wMDUDwAArpfGdtTTZ25SfwngGwt.jpg
585083,http://image.tmdb.org/t/p/w500/teCy1egGQa0y8ULJvlrDHQKnxBL.jpg
168903,http://image.tmdb.org/t/p/w500/4HSPgeq04YUghXbSO5tSPP0jZ4k.jpg
114478,http://image.tmdb.org/t/p/w500/xJJY16XSazUgDvbWEXQ1ulLiz8q.jpg
121734,http://image.tmdb.org/t/p/w500/vmysxjUJkYmp6CmjNOKOeHMOzFA.jpg
355547,http://image.tmdb.org/t/p/w500/tEbDvivUfsCupngKIfMJJ725eAD.jpg
45772,http://image.tmdb.org/t/p/w500/vVQwgfS9gSFviVT4gS7tZAmhRFc.jpg
172385,http://image.tmdb.org/t/p/w500/gVNTBrjxh2YRmQFjlaqrNbHVvrd.jpg
144616,http://image.tmdb.org/t/p/w500/5MGUoGtlOK646iHo8sJLyDSrpDC.jpg
1154304,http://image.tmdb.org/t/p/w500/83WCsJ19Yvg91WTOmDON5akwSI3.jpg
1076364,http://image.tmdb.org/t/p/w500/wakoF2UgsEE3fGs5KpuwMWsaNr2.jpg
1022796,http://image.tmdb.org/t/p/w500/nesuSdJakNkf0zs7OfoasB6Clxf.jpg
818350,http://image.tmdb.org/t/p/w500/vbQ5CVld2AjH8DEo0L8Wz8ag3Xy.jpg
816904,http://image.tmdb.org/t/p/w500/18nabcSr5luPtdycpTZItffddbP.jpg
797394,http://image.tmdb.org/t/p/w500/4ZSzEDVdxWVMVO4oZDvoodQOEfr.jpg
739547,http://image.tmdb.org/t/p/w500/yutiEZ7taGDNau2jGjKIdDwQpDw.jpg
585511,http://image.tmdb.org/t/p/w500/1HOYvwGFioUFL58UVvDRG6beEDm.jpg
5559,http://image.tmdb.org/t/p/w500/aWe27GmvfVYAd7p0KEtJZWwLWk5.jpg
594530,http://image.tmdb.org/t/p/w500/mJ95RnlammhYb6ZvBbQFLq8Jqnl.jpg
481084,http://image.tmdb.org/t/p/w500/q1epO0eO8DWu8Vo8tPfvVlzW48T.jpg
295693,http://image.tmdb.org/t/p/w500/9MsQJKe4cUAGxc7R2NGaFQLqOPc.jpg
352812,http://image.tmdb.org/t/p/w500/adx0vSGKAwSd9rydH6vUJXMkh7x.jpg
258152,http://image.tmdb.org/t/p/w500/whqMDEZq4TYv0zU0UV0iw4i2qi8.jpg
227738,http://image.tmdb.org/t/p/w500/20msmZ6kEpA90euZOMIp2z0TmsK.jpg
16418,http://image.tmdb.org/t/p/w500/ytKd2jWnzWLCiccutqqMNzcP5RE.jpg
91342,http://image.tmdb.org/t/p/w500/iVCfTtVDAECpbMSokSNilIR6wPr.jpg
287590,http://image.tmdb.org/t/p/w500/gxKfP9278RK4t3J8vLXoFfB8ihl.jpg
333667,http://image.tmdb.org/t/p/w500/7RXi2afiNJGU8EB79SD8HYoSz4O.jpg
57800,http://image.tmdb.org/t/p/w500/dfp1BZF7FxbBUyzHvMOI9t8NWDD.jpg
324852,http://image.tmdb.org/t/p/w500/6t3YWl7hrr88lCEFlGVqW5yV99R.jpg
1064307,http://image.tmdb.org/t/p/w500/n7SFxle8CVzMXzfV8GNCXqdg78m.jpg
567811,http://image.tmdb.org/t/p/w500/r2D7MkNocsqKOqGnnGEQThU26JS.jpg
639721,http://image.tmdb.org/t/p/w500/ld7YB9vBRp1GM1DT3KmFWSmtBPB.jpg
229405,http://image.tmdb.org/t/p/w500/xwZjM44xSQBhlQ55G1VCHKG5kC.jpg
598331,http://image.tmdb.org/t/p/w500/3eZRgjfFWTpejRvRKyKe1EKgt9s.jpg
459151,http://image.tmdb.org/t/p/w500/kv2Qk9MKFFQo4WQPaYta599HkJP.jpg
53985,http://image.tmdb.org/t/p/w500/w3R9G8rqrrbMSOufl0QBaNAZPDC.jpg
571891,http://image.tmdb.org/t/p/w500/rtlyO2oIMcCx2DbOM52XO2rAcgn.jpg
25741,http://image.tmdb.org/t/p/w500/xsss4pc3vs4UjsNo2KrNTiELJNc.jpg
322456,http://image.tmdb.org/t/p/w500/g3EP0qrVY9k08OABBsLQMHzA0nG.jpg
49953,http://image.tmdb.org/t/p/w500/jYz1FQjspxQCUCMXuB4ihnH9Y03.jpg
9906,http://image.tmdb.org/t/p/w500/oFuqX0inTvbA1XAFv2x3CQnI65m.jpg
218836,http://image.tmdb.org/t/p/w500/pOmteFeBDI9FJOPTDvYJYFeAtdp.jpg
980804,http://image.tmdb.org/t/p/w500/vUL5UXsL5DaYgGVd2GSeqIvMKfK.jpg
813258,http://image.tmdb.org/t/p/w500/dkokENeY5Ka30BFgWAqk14mbnGs.jpg
811367,http://image.tmdb.org/t/p/w500/32vLDKSzcCMh55zqqaSqqUA8naz.jpg
778819,http://image.tmdb.org/t/p/w500/fjWiVF2vFwd3mhs1dNoS0SOHxqt.jpg
774741,http://image.tmdb.org/t/p/w500/obg6lWuNaZkoSlwrVG4VVk4SmT.jpg
476719,http://image.tmdb.org/t/p/w500/uexgjEoNVXZPIRYsUMwofnIL9xr.jpg
609271,http://image.tmdb.org/t/p/w500/pJzk88QM8USoEY6VWAEQFoubkFd.jpg
79082,http://image.tmdb.org/t/p/w500/eYm3oEPiQJ9RV5QdyudwUplb9cD.jpg
366142,http://image.tmdb.org/t/p/w500/pvrbJmfe4op9WcRWB1x2XhyR6NK.jpg
492719,http://image.tmdb.org/t/p/w500/2ly3TlqtlKzuhCmMuvAlXZA46e9.jpg
355066,http://image.tmdb.org/t/p/w500/4Z7HdaTw7M2sqGjZzjncE4YPRNV.jpg
164372,http://image.tmdb.org/t/p/w500/siQpJAT2IQjN218hxJXvrHePtNS.jpg
460790,http://image.tmdb.org/t/p/w500/dzqEq8Jbvb5SYGoYPqLyIRrt6Cm.jpg
1273,http://image.tmdb.org/t/p/w500/6ZCWn7BGpDLBDigtdiuGyBdEqab.jpg
1001865,http://image.tmdb.org/t/p/w500/oyGb5JpEYMEqDDjfJKLEvPTVSjK.jpg
459159,http://image.tmdb.org/t/p/w500/sNxIazoQqDQukfQqkYxTgx9DRbu.jpg
592983,http://image.tmdb.org/t/p/w500/4dSrwXJNKtMtlkwJPgZMkjjuHvD.jpg
286558,http://image.tmdb.org/t/p/w500/smQcYI4DiF15HKt9RRpLywoWhnK.jpg
13924,http://image.tmdb.org/t/p/w500/vynPRSjD78EWQpWbvEimlU55Ke.jpg
520946,http://image.tmdb.org/t/p/w500/2VrvxK4yxNCU6KVgo5TADJeBEQu.jpg
536115,http://image.tmdb.org/t/p/w500/fOA44BITFth0u4hMSOUgpK0kM6t.jpg
382512,http://image.tmdb.org/t/p/w500/aRsWTDTf0YJhcoDEDIW6xAFxBiG.jpg
375107,http://image.tmdb.org/t/p/w500/7XURM64DYa9DpS70I2rM4suvq1s.jpg
137116,http://image.tmdb.org/t/p/w500/swt9crREg1UcKgg3wGWfoFNlXOz.jpg
264419,http://image.tmdb.org/t/p/w500/6ZkiGjyBcP1KAbpBYHwdVclpYqa.jpg
292014,http://image.tmdb.org/t/p/w500/fU6kiB3p4efwC48hDdy77eC5qJK.jpg
396330,http://image.tmdb.org/t/p/w500/lVlV77juRfkB4gXtkgEqZyqHzkk.jpg
9982,http://image.tmdb.org/t/p/w500/87FpA4b90eTaw3U6zmCNikoPLir.jpg
778810,http://image.tmdb.org/t/p/w500/vYAUgsoel6slydF6y4NCPLW96ah.jpg
748783,http://image.tmdb.org/t/p/w500/xYduFGuch9OwbCOEUiamml18ZoB.jpg
26840,http://image.tmdb.org/t/p/w500/lJg4alrYfp7CDNVID4iGefT9CIn.jpg
553903,http://image.tmdb.org/t/p/w500/yQN3wqHwvYoYIDFkKQ4QcuNQxoq.jpg
385103,http://image.tmdb.org/t/p/w500/jHo2M1OiH9Re33jYtUQdfzPeUkx.jpg
570480,http://image.tmdb.org/t/p/w500/yfTXk9T3iNxuOcnA72AirzueLxL.jpg
466876,http://image.tmdb.org/t/p/w500/jWB0zhk1Rj1tIWUM98Wsh15gkiW.jpg
403052,http://image.tmdb.org/t/p/w500/aSnWtpYFyoG86fE1Ag8VYnDhHWj.jpg
79379,http://image.tmdb.org/t/p/w500/jDInObzAHYGsde02gTxL8B56HGT.jpg
304023,http://image.tmdb.org/t/p/w500/5TJ8ilNGZe6OyVaj4VMmT3lp2x4.jpg
13690,http://image.tmdb.org/t/p/w500/lM4bahouPblYcfngZtnNSkaWxCU.jpg
10555,http://image.tmdb.org/t/p/w500/r08DpyPyhXcJTfNZAICNGMzcQ8l.jpg
153518,http://image.tmdb.org/t/p/w500/iOH0fEFtV9z9rZp9zmBFGGeWicv.jpg
394759,http://image.tmdb.org/t/p/w500/4R28oIV65bElWcXlavPV0kRbmSZ.jpg
1089654,http://image.tmdb.org/t/p/w500/ltWuj0bEhITpiNYaTmpc2lUKy90.jpg
1084153,http://image.tmdb.org/t/p/w500/3SipvmtH9VOyLmII9JLs34qFfil.jpg
1047091,http://image.tmdb.org/t/p/w500/kT0Dr1WMyOSAGoL6BCEIWcNqDHw.jpg
927254,http://image.tmdb.org/t/p/w500/zNP1nMRFqa9qAkpCkLeHa1V7kDR.jpg
88096,http://image.tmdb.org/t/p/w500/wJqj6tBEojifQVPEayWBlCU9tNV.jpg
15213,http://image.tmdb.org/t/p/w500/zevMhG4AIAJpOKLqtUCxzC5T3JA.jpg
58508,http://image.tmdb.org/t/p/w500/7dYOQjiUS9WY4AuXYvJG6cMZZmm.jpg
79218,http://image.tmdb.org/t/p/w500/ue5417HaDcvgMDusryenwwwZARq.jpg
400157,http://image.tmdb.org/t/p/w500/8KomINZhIuJeB4oB7k7tkq8tmE.jpg
366656,http://image.tmdb.org/t/p/w500/dC1rjdwynUgeZIexSqOUGM3kNpX.jpg
452773,http://image.tmdb.org/t/p/w500/7WtFoWtGp45PLNmajM8iGtjAA7B.jpg
261103,http://image.tmdb.org/t/p/w500/pMQ88CvnQroSjxk4IhM7YNbcjTx.jpg
9907,http://image.tmdb.org/t/p/w500/qB9jFInwUEb2VLhMeKQX17Vdrnp.jpg
897192,http://image.tmdb.org/t/p/w500/iW6ixzkrvdrcxk0umiLZMtlSl9L.jpg
839803,http://image.tmdb.org/t/p/w500/901NqAyWFcMoY7o1IJzl8QLbxxU.jpg
655437,http://image.tmdb.org/t/p/w500/tIMpbHUgN303akVFwo674FBr21n.jpg
14248,http://image.tmdb.org/t/p/w500/mI4SPs0bZQm7bGVZKToC8KUsTd.jpg
10797,http://image.tmdb.org/t/p/w500/ewylxRYsBcqjYvbeAKryNr1JiBz.jpg
27042,http://image.tmdb.org/t/p/w500/1MtQFiKWSlr5D8jUqYtfDVTld6J.jpg
454458,http://image.tmdb.org/t/p/w500/p97LQ1TL95mptVL2AS8Rz1cJCQg.jpg
15511,http://image.tmdb.org/t/p/w500/hwawxSwOkjeld4eQLSkIyyYNnqO.jpg
50337,http://image.tmdb.org/t/p/w500/mTPC0ysx6pa91BK6dnnKvoynjb3.jpg
353595,http://image.tmdb.org/t/p/w500/x7RowYDdokZgb8yW2cAlOS70JiK.jpg
133931,http://image.tmdb.org/t/p/w500/7aJl440TlbyqthklVrvCnSbjKYe.jpg
392536,http://image.tmdb.org/t/p/w500/fZ53SvgcryXaWctiiRtlxR1p4Uq.jpg
68179,http://image.tmdb.org/t/p/w500/9la0CSCJqwh6io3yk4Xv3aEZxEA.jpg
1329336,http://image.tmdb.org/t/p/w500/oEJC05CqPugMxC4rFu9r6r6vg6m.jpg
1046032,http://image.tmdb.org/t/p/w500/er0Gth3Tr279hFq1xeKdYxhcleO.jpg
387893,http://image.tmdb.org/t/p/w500/ysQqYp9G37Q114Nc6uvCHbDmaj6.jpg
683127,http://image.tmdb.org/t/p/w500/9oK820JieICOcfUhI6mkpFrcA9m.jpg
300424,http://image.tmdb.org/t/p/w500/7JmTzxQx78PfRKVuQjpG80jjXoM.jpg
509730,http://image.tmdb.org/t/p/w500/xcl4vYTqqzwn3ihUpjCQz0jqhV3.jpg
16455,http://image.tmdb.org/t/p/w500/qUUxGu8Oxtzk2VasR99Jqy74ogK.jpg
432383,http://image.tmdb.org/t/p/w500/5oq7s5ru4hjp83mi4fWSJ0L7yUA.jpg
302429,http://image.tmdb.org/t/p/w500/vjCdrK8gGRFnyuZb1j9BzgN2RaY.jpg
16866,http://image.tmdb.org/t/p/w500/x7Itcg3ZdExKwdKguy73WPEqosW.jpg
676701,http://image.tmdb.org/t/p/w500/jvIVl8zdNSOAJImw1elQEzxStMN.jpg
21044,http://image.tmdb.org/t/p/w500/8VFFmBquN3i50EFcBeMhgnGIp0a.jpg
664236,http://image.tmdb.org/t/p/w500/9cnHvJPXNNxhnxHdDWHIEmxoilF.jpg
10378,http://image.tmdb.org/t/p/w500/i9jJzvoXET4D9pOkoEwncSdNNER.jpg
48567,http://image.tmdb.org/t/p/w500/dmmL7DZmCVM5ORsgI4HHj5B6soY.jpg
52010,http://image.tmdb.org/t/p/w500/eFfkF9uVqOhAxIKEyNCHfRRdGgj.jpg
377897,http://image.tmdb.org/t/p/w500/uxdvJHE5V844dTlK2EmqRQCTYDb.jpg
50321,http://image.tmdb.org/t/p/w500/yZBrpe4bxwDIDKBxPeJYrlyDK5R.jpg
151960,http://image.tmdb.org/t/p/w500/i2xgU0y0p77WTrB0oIkbpdaWq8R.jpg
1359227,http://image.tmdb.org/t/p/w500/s3qM33JHOntz2D7o6FGRf5yuI1v.jpg
1154598,http://image.tmdb.org/t/p/w500/rDzig50dj7VpLwJ7SThbamETK1G.jpg
306963,http://image.tmdb.org/t/p/w500/kcXVaGY4xQbvKQqmsvLHThGa1ec.jpg
624995,http://image.tmdb.org/t/p/w500/tXFUnsiphbn9DwEbbc2Rs3WRdo.jpg
367326,http://image.tmdb.org/t/p/w500/pJPeU4DhVMqHnZ9qcAKW2UkdUUP.jpg
129067,http://image.tmdb.org/t/p/w500/9McTS3W9k5CaAj0CzPXNrOz0oRG.jpg
180272,http://image.tmdb.org/t/p/w500/Oiyu5tdrJHYUwXm6Z1TQlm3RZd.jpg
146381,http://image.tmdb.org/t/p/w500/z6GrOTKOazrLnHQWVrN1pA082qi.jpg
12180,http://image.tmdb.org/t/p/w500/iJQfixW818LUdSXlCDL3JZm0S0g.jpg
949000,http://image.tmdb.org/t/p/w500/ilmtlLm7JJJMlRLoatCM6umKWYT.jpg
51170,http://image.tmdb.org/t/p/w500/qEr9fkGLQUWcAnVfDV46L79bdFs.jpg
370567,http://image.tmdb.org/t/p/w500/wqnzpJR3PwS4doVkAkt9seSEpoX.jpg
354279,http://image.tmdb.org/t/p/w500/jBkQjdlA1EMD2zSX4WLHDbxs6vX.jpg
265805,http://image.tmdb.org/t/p/w500/sV5nJ9ptyvgMKvFSwy8kpivHmQx.jpg
77499,http://image.tmdb.org/t/p/w500/u14NrsyD9h505ZXs5Ofm7Tv3AuM.jpg
355111,http://image.tmdb.org/t/p/w500/aCKWWQpEijagMEfIOz0vW0aTDmv.jpg
14175,http://image.tmdb.org/t/p/w500/tSRO8wukDlGMlrkmRpqL2nWhgPs.jpg
175574,http://image.tmdb.org/t/p/w500/gnSU2wUBq2gTkBEkxY8C1d1fXAQ.jpg
368940,http://image.tmdb.org/t/p/w500/oW2CeCoFJKD57iyml0vWGRKKPaI.jpg
234004,http://image.tmdb.org/t/p/w500/649xP2LST4VIrZ5cLPw7Ys9movF.jpg
278154,http://image.tmdb.org/t/p/w500/okF78W1AcXAenlYFE3vna9Uuqjp.jpg
823610,http://image.tmdb.org/t/p/w500/yPZ3I27oeSm4zVesgMxXlhW8GDe.jpg
753601,http://image.tmdb.org/t/p/w500/pWPTnHtvlmggjGonie1VZNKViLV.jpg
48610,http://image.tmdb.org/t/p/w500/9CApdJg7tPwLMp2EJy7JudHWMYN.jpg
11802,http://image.tmdb.org/t/p/w500/ecAKgzlt78OvEVpZURYYdSz8K5v.jpg
335777,http://image.tmdb.org/t/p/w500/xOfdQHNF9TlrdujyAjiKfUhxSXy.jpg
639999,http://image.tmdb.org/t/p/w500/cYdGwCMR1DD3Vg61zrR3NsyrJal.jpg
141423,http://image.tmdb.org/t/p/w500/1wdE3zpo903fHqSCrRnsxMYv2Il.jpg
18224,http://image.tmdb.org/t/p/w500/aFxHUekr0n4ZHRD4tnzow3oqLBK.jpg
349112,http://image.tmdb.org/t/p/w500/8xWjofI4zXEtL5AauIWDvmu4FcT.jpg
361380,http://image.tmdb.org/t/p/w500/3ybjPWweUjPXXqIXFERgPnOQ5O3.jpg
50135,http://image.tmdb.org/t/p/w500/gUCLetZNa3rZknSmLc2gGUdxWH7.jpg
411221,http://image.tmdb.org/t/p/w500/sfg5cNvZNo6wjHAxkKwt6nqI2gp.jpg
227783,http://image.tmdb.org/t/p/w500/4iHnGlmOjAj2k5zUftYDIzSITCf.jpg
1088561,http://image.tmdb.org/t/p/w500/7cpvdkdVP8lL3q40ovPeIk3zdbZ.jpg
756397,http://image.tmdb.org/t/p/w500/bYa20LYAZ3Q7lKXtLYybo0yWWTN.jpg
118249,http://image.tmdb.org/t/p/w500/mPQei2YUIY0Ljd3O5Wy7LDuvC8S.jpg
449621,http://image.tmdb.org/t/p/w500/303lFHSSHSpJdINBeEesG9LPgpI.jpg
12819,http://image.tmdb.org/t/p/w500/7YVyH5sS6kLQRsSDF5dhhR0BWeh.jpg
265447,http://image.tmdb.org/t/p/w500/xxB5oLKslLUafmiYLRvmIfgfEJp.jpg
579524,http://image.tmdb.org/t/p/w500/7lPl9jxnLyqSgxxvDUDCj601ex8.jpg
271924,http://image.tmdb.org/t/p/w500/uhswKVmqhJTa30XtJ07xr48cqco.jpg
411840,http://image.tmdb.org/t/p/w500/wdSX8enQ5uEvNLQ3yXTnAVGtrCy.jpg
434757,http://image.tmdb.org/t/p/w500/rWQPf9Q8CAHIpBP8SVLE3uaSmf4.jpg
981424,http://image.tmdb.org/t/p/w500/1DDDExz4DJj4abqLgtc8xWrDcXR.jpg
831815,http://image.tmdb.org/t/p/w500/30YnfZdMNIV7noWLdvmcJS0cbnQ.jpg
366141,http://image.tmdb.org/t/p/w500/gduXRlGrywqLry0sdDrf37Tyibh.jpg
616473,http://image.tmdb.org/t/p/w500/5wFIkx7aLhTHxwztj8AXgF17rHj.jpg
13517,http://image.tmdb.org/t/p/w500/RVAn63xJZARpMy8wGAA2LSF8DH.jpg
357390,http://image.tmdb.org/t/p/w500/jUJBKiLv7DkktSzqi1a48tUnWsG.jpg
476631,http://image.tmdb.org/t/p/w500/c8Bb9MnvkNTKstQSKixO4dWaUhL.jpg
30178,http://image.tmdb.org/t/p/w500/zImw7IVg8dxPkqMfT0L33sdsIHC.jpg
217057,http://image.tmdb.org/t/p/w500/r43IegMrhoVGnyD0NM1wYlmaflc.jpg
59981,http://image.tmdb.org/t/p/w500/5XiNCjFudNX0Wj5LanPuIb8E9pU.jpg
316322,http://image.tmdb.org/t/p/w500/nCviAdChxibrKRZfvG7MZ2wsqdR.jpg
1249728,http://image.tmdb.org/t/p/w500/3kaWCY3pUNG7lHmjL6GM8FtATrF.jpg
1008102,http://image.tmdb.org/t/p/w500/e9L7N5z3qHHgSNUIUuBSaicQvpT.jpg
989937,http://image.tmdb.org/t/p/w500/g1CSJZwI51YPGATc5iiExxfwvyg.jpg
51256,http://image.tmdb.org/t/p/w500/9VndinS8opLxtWtVLhBUFyqdbdu.jpg
14453,http://image.tmdb.org/t/p/w500/AmDtL2KYezl1Pvuz6dEQcHGpcwv.jpg
113594,http://image.tmdb.org/t/p/w500/br7BxWeKDKCPExIIN6ePoCLe07z.jpg
454699,http://image.tmdb.org/t/p/w500/gjDbd43e7o2Ssn7P1l50Bv0rtIl.jpg
1316147,http://image.tmdb.org/t/p/w500/jGGEqRaHAJ1pKJBj35WVxDyQBNw.jpg
40707,http://image.tmdb.org/t/p/w500/f131UejUYxrRmZ1LeitAYihNdvW.jpg
40706,http://image.tmdb.org/t/p/w500/oJTKUJqa9vh2ZnYpq3dlYaZn73E.jpg
366143,http://image.tmdb.org/t/p/w500/pvlzgn8J5SXkRnhvzTzf2m6U2Ut.jpg
24884,http://image.tmdb.org/t/p/w500/9HWUhtFd2QBvFNmI8nbWcv1apgs.jpg
416153,http://image.tmdb.org/t/p/w500/5YHjyjd2N0ZXcnGuB8G1nIa6h9t.jpg
370086,http://image.tmdb.org/t/p/w500/A2DTc2QGOkKlEhEg3CKJtXOv5bI.jpg
257951,http://image.tmdb.org/t/p/w500/sEeMSspwJ3jzg973i66awFCQEEs.jpg
16460,http://image.tmdb.org/t/p/w500/cRlJEevXbt183BYBhUw3cvldp7C.jpg
227425,http://image.tmdb.org/t/p/w500/ryyVBJoZCoisC5DAmhFDqF3sqiS.jpg
1550797,http://image.tmdb.org/t/p/w500/olbxBEAGaYCgyi2EEecuwa5tuUl.jpg
1192209,http://image.tmdb.org/t/p/w500/x6wH1kowr6uNFJ12CVKsRHzC0cm.jpg
1189423,http://image.tmdb.org/t/p/w500/toBN1A9AnhoUzXyu9gaVyQVJehp.jpg
1154478,http://image.tmdb.org/t/p/w500/aPEJWSwOlg1zmIAIUZdjHLum0ii.jpg
1059572,http://image.tmdb.org/t/p/w500/a56Fm2YWrlnqlC3TIgDvCJdzlKI.jpg
1045944,http://image.tmdb.org/t/p/w500/iMmMxF6f2OonUrXrHKBLSYAhXly.jpg
57982,http://image.tmdb.org/t/p/w500/8EpqInXBpIqtf7csOmHFsdEvIj3.jpg
914533,http://image.tmdb.org/t/p/w500/xGhSqJfs0auqV46yLPeifL7JuUp.jpg
851281,http://image.tmdb.org/t/p/w500/nQnsD1u1n2aFq8qfu4dQrhLzaUp.jpg
774825,http://image.tmdb.org/t/p/w500/zzXFM4FKDG7l1ufrAkwQYv2xvnh.jpg
20653,http://image.tmdb.org/t/p/w500/p2CBDCVzTPjnXaKXN21bEoPWBeQ.jpg
561147,http://image.tmdb.org/t/p/w500/c8p4qvzMDEHIEYB2YrABPaJH9CM.jpg
74658,http://image.tmdb.org/t/p/w500/6P1Z0voZehYFDRNHigG2XAelKVa.jpg
205048,http://image.tmdb.org/t/p/w500/dKUMAflFNp7sWGPjOSqw16J0X72.jpg
417047,http://image.tmdb.org/t/p/w500/i5aTj6smR8H6wHQ3gd0CqxrHXaA.jpg
1392796,http://image.tmdb.org/t/p/w500/emcCjpC289NxAGuVwlItHCTrgT7.jpg
1027159,http://image.tmdb.org/t/p/w500/y0RQ2B2Tz3diM25GJ8ir8JJMUkB.jpg
62368,http://image.tmdb.org/t/p/w500/aUFyVlaJzEBrRNm98wCtjhjK1cp.jpg
269509,http://image.tmdb.org/t/p/w500/dFu8oHN805ZRzpQZNOjkiLzMbep.jpg
159370,http://image.tmdb.org/t/p/w500/cvRJBvUBNgtaMFFygopfsl5dQ5F.jpg
378102,http://image.tmdb.org/t/p/w500/jVwoMOZQjhO7V223NOT8RRazXMp.jpg
415749,http://image.tmdb.org/t/p/w500/9Yq33EXs9YpgrwGXJlJL73OTpt1.jpg
19508,http://image.tmdb.org/t/p/w500/ylbBsF1WKI0RrxfX89QFqrBPYKu.jpg
339669,http://image.tmdb.org/t/p/w500/uVxiQLQKHSJSRvqcnsFHzVjHjvw.jpg
429005,http://image.tmdb.org/t/p/w500/54qg3GgKYUM8vdFSUbkdrNo7czt.jpg
939338,http://image.tmdb.org/t/p/w500/gVPw9gRPsZZhzY6cIXp6h6nep5M.jpg
421725,http://image.tmdb.org/t/p/w500/hsXFJyNHzbR53NeVjpnHJb3EOUR.jpg
40708,http://image.tmdb.org/t/p/w500/1YjtY8k7T17tgDdWLUPV7Hbc18B.jpg
5393,http://image.tmdb.org/t/p/w500/gOOlHRhdEoJbPNE1jpocNawjnc5.jpg
76789,http://image.tmdb.org/t/p/w500/f1mofVad0vz4IAY0PfjvJ8LZQf0.jpg
39544,http://image.tmdb.org/t/p/w500/6k7UuJadZOnPWQ3KWOcpVOXNgIt.jpg
19595,http://image.tmdb.org/t/p/w500/xmFSuoUfA1t4xsGKFR6i4kFvmWM.jpg
1146058,http://image.tmdb.org/t/p/w500/fcDXgGL14qL46It1XOozEjX5Jws.jpg
987750,http://image.tmdb.org/t/p/w500/zUYleUhOpEew8wdcusS0eGytZ6T.jpg
974663,http://image.tmdb.org/t/p/w500/pHGB9jN31cDNKhR0VRNZsXZkGZQ.jpg
70665,http://image.tmdb.org/t/p/w500/ykD9CxWL35oVhcSm6Zw7h70SmKj.jpg
11572,http://image.tmdb.org/t/p/w500/ihIIh8BR9YwtG2noVZ3enkiiozb.jpg
638134,http://image.tmdb.org/t/p/w500/gtwqIYSOCRwEndZTg9s6iWjEZc1.jpg
462650,http://image.tmdb.org/t/p/w500/vgLbNi7LBoXLikf6B5XrcT1yl79.jpg
553833,http://image.tmdb.org/t/p/w500/2dKAHraRbc4jKNWbvFCeYjtFZT.jpg
256968,http://image.tmdb.org/t/p/w500/imvahgJM2w1LQnSnZEgaycRbgx.jpg
211247,http://image.tmdb.org/t/p/w500/gcSsEKxGinzyaGXkbo0iKVwHb4G.jpg
448779,http://image.tmdb.org/t/p/w500/rZ0T0yRe8iDqAgeZXRNvpAJh5z1.jpg
57089,http://image.tmdb.org/t/p/w500/3ofAJDO8A7ulJwgMGKcwEOPNWV3.jpg
763861,http://image.tmdb.org/t/p/w500/ry0N6rxZCuhCPUJRSzF8l3gcwqY.jpg
1357359,http://image.tmdb.org/t/p/w500/cjDAlNKylyqNUpv6nDoFR1YBEAD.jpg
1207417,http://image.tmdb.org/t/p/w500/zJeGQ67XPRkr9lpUOIUYLOhPNf.jpg
1153222,http://image.tmdb.org/t/p/w500/q17tXNROOslj7uCGicKNlIf9Rx6.jpg
823609,http://image.tmdb.org/t/p/w500/fD3w59S1e3otqTMQDzxLq24khUf.jpg
812456,http://image.tmdb.org/t/p/w500/dAmBnfCRBwy5S6n3Qb6aQKJYYRO.jpg
16604,http://image.tmdb.org/t/p/w500/hXgRhk8mDMEY4OSh3fI98X3LNol.jpg
419981,http://image.tmdb.org/t/p/w500/AfSbVYWfj8UQZDoHEpmGWrd2p5j.jpg
13956,http://image.tmdb.org/t/p/w500/wdjn8YldRIgusHRf8aqdKqriRnp.jpg
435506,http://image.tmdb.org/t/p/w500/vJkv95mYMREE9HtXK5jUqmmUhpG.jpg
515789,http://image.tmdb.org/t/p/w500/aM0Ksnnuc7NtRibMUhXGmAYAMrx.jpg
413927,http://image.tmdb.org/t/p/w500/tjgfIldVv0380ohpptbbtE27VW2.jpg
85315,http://image.tmdb.org/t/p/w500/xtqIX6CVic7KesVBs2YFjCfC5ul.jpg
139649,http://image.tmdb.org/t/p/w500/8DRmKwTYTf8NaDKT6ky5UZ6Yfuc.jpg
141614,http://image.tmdb.org/t/p/w500/2PV2XJG8ZD8E6iVlV9mRBh3Gb0t.jpg
408355,http://image.tmdb.org/t/p/w500/yCV6x3ovzdPEF8LC7JmTr0wOxs3.jpg
256766,http://image.tmdb.org/t/p/w500/wZzMbYDomCgj6LUN1b33ha7BiGh.jpg
965244,http://image.tmdb.org/t/p/w500/kNTvGWDTxb2spAp9SRLNfOo7kCM.jpg
839100,http://image.tmdb.org/t/p/w500/1KAGk8OohfrGfZZmfpV5tFv85PP.jpg
678287,http://image.tmdb.org/t/p/w500/bMUhBeMp0vLQzaPBX0izFdnFvh0.jpg
18606,http://image.tmdb.org/t/p/w500/13cALR5mOLxz4K9kEA6uPmtaHYb.jpg
738215,http://image.tmdb.org/t/p/w500/c4hSVM1eQEs6OXCcxV1CcsphaOi.jpg
118248,http://image.tmdb.org/t/p/w500/xncFlpkcWyK5aKmPrvmoJJ7YrTw.jpg
5833,http://image.tmdb.org/t/p/w500/3BFR30kh0O3NKR1Sfea3HXCG6hw.jpg
430474,http://image.tmdb.org/t/p/w500/mShTMzDNfHgTgA3N81TEefL0EMv.jpg
1064835,http://image.tmdb.org/t/p/w500/516MFML05KWiPfiQNAsVCGMySc7.jpg
1059264,http://image.tmdb.org/t/p/w500/dmftU2Rnmv9KTteMUwjalOuZHke.jpg
850818,http://image.tmdb.org/t/p/w500/jeggetf6lrd0dhtcbqJH75Sik4K.jpg
444341,http://image.tmdb.org/t/p/w500/tE3Jooj5lnFRBebXrWsh06xRg3Z.jpg
562416,http://image.tmdb.org/t/p/w500/yOEli0UC8CgV9yOAy7O0p7aI2bA.jpg
499088,http://image.tmdb.org/t/p/w500/yx4jdeTbDvZfmHPpd0D3L78VYDB.jpg
224990,http://image.tmdb.org/t/p/w500/evwVQ8HvQtmI14jWdJ78hgDx4gE.jpg
10927,http://image.tmdb.org/t/p/w500/daqf0AgiiBAzbOyEJMn3LPr8HbZ.jpg
15898,http://image.tmdb.org/t/p/w500/mJFboikCKwG2qyvnd2akoqVoTsC.jpg
16652,http://image.tmdb.org/t/p/w500/qovxyp1QbwN179Ay65zQYDjNsuV.jpg
442018,http://image.tmdb.org/t/p/w500/HltX5cjskZqK93SET5XyLyhCL1.jpg
303457,http://image.tmdb.org/t/p/w500/nQp114D7CO8kkuNzHldxogmbYFN.jpg
133248,http://image.tmdb.org/t/p/w500/rRn2prpFPA7Ktkmc22c6WfB1W2Y.jpg
85693,http://image.tmdb.org/t/p/w500/r2sdbeH3Jp087Au7Ls3UrF3DAnH.jpg
1207123,http://image.tmdb.org/t/p/w500/mTszIRmU7zKm4Nl03uEhlcQ5Dkz.jpg
878357,http://image.tmdb.org/t/p/w500/pMXSj427SkymcNLDZeyLV9Iespc.jpg
21865,http://image.tmdb.org/t/p/w500/y2xHNOeqsP0V6zi5KVAocBoQZwI.jpg
48740,http://image.tmdb.org/t/p/w500/76rz994icSRNHBZuAHmsRwVROsy.jpg
82530,http://image.tmdb.org/t/p/w500/bNJbWSWDRWsXjz1gi1J2lxsWZFK.jpg
483396,http://image.tmdb.org/t/p/w500/mymWJ0RTnfV8yjUHCmBTADZWVlx.jpg
265923,http://image.tmdb.org/t/p/w500/vSYUQnd4gyxpQ0kwaJ3efgSBRdE.jpg
29192,http://image.tmdb.org/t/p/w500/rV0mIugkrdLNMS8m3O1OM5TLf63.jpg
450314,http://image.tmdb.org/t/p/w500/QycuE6N4gckEuYzg0kgW9276JR.jpg
280391,http://image.tmdb.org/t/p/w500/7qccdwXUMazLqkMKm4ZJ7lAnzUF.jpg
273307,http://image.tmdb.org/t/p/w500/el7HAVJOAai6sW98MHLtqo78tVd.jpg
607386,http://image.tmdb.org/t/p/w500/Avq6ipVVIb0kbdltnGLwR34mCwU.jpg
415838,http://image.tmdb.org/t/p/w500/ewsAXj1IbpnAn4bQs3XdsESmm26.jpg
276905,http://image.tmdb.org/t/p/w500/ouaoVSV7aOSWTNnQ9iDA1jw0pgg.jpg
1239251,http://image.tmdb.org/t/p/w500/1N7terrMeZPwK5qq31MUD0HQ3IG.jpg
1093349,http://image.tmdb.org/t/p/w500/dBeIdkiWzWhH5JynDvCDpwAqbY5.jpg
597845,http://image.tmdb.org/t/p/w500/gmZGAbI42ecAoixyvZI0Se4Qiau.jpg
681260,http://image.tmdb.org/t/p/w500/tMS2qcbhbkFpcwLnbUE9o9IK4HH.jpg
71430,http://image.tmdb.org/t/p/w500/AgXxMcnUCSGxjOjOe2bCKppjD82.jpg
26728,http://image.tmdb.org/t/p/w500/vsCHc3vb5xdS9nJ5YdFSY8p2ujO.jpg
706712,http://image.tmdb.org/t/p/w500/pFotlGivCvAWi3SvPycacqju6dN.jpg
378236,http://image.tmdb.org/t/p/w500/60bTx5z9zL1AqCjZ0gmWoRMJ6Bb.jpg
506752,http://image.tmdb.org/t/p/w500/wyJ9R71OgRKpNhaFbpMPJJDd45H.jpg
497536,http://image.tmdb.org/t/p/w500/jp3FSHmYzv85mjgyioO1RvcJ105.jpg
273318,http://image.tmdb.org/t/p/w500/84M3RVv9zW3cV2x5IVSOlK6VGv1.jpg
31170,http://image.tmdb.org/t/p/w500/qtp2bw9rokJ7OjG6o4JhvbpxcrA.jpg
539745,http://image.tmdb.org/t/p/w500/6pzI1DIlxwAFffw9OZcG6cr031U.jpg
374191,http://image.tmdb.org/t/p/w500/zjUAz1q4TEe2sGTMVXlcmS9oeGo.jpg
51485,http://image.tmdb.org/t/p/w500/lOHkT0UMej8KXKqm0VxQMysSvDw.jpg
20542,http://image.tmdb.org/t/p/w500/wtk430tDLZ0Ql5jCUWCja8qJJQQ.jpg
1389038,http://image.tmdb.org/t/p/w500/j8HNzRSIsiiCfSzsU1FU8U60VAd.jpg
169314,http://image.tmdb.org/t/p/w500/jJsGWRJ0qGgO5k8o3O1STGwxdzS.jpg
1062372,http://image.tmdb.org/t/p/w500/3twLQJ9XkKZHGB82JdRA84tw8Cx.jpg
1012801,http://image.tmdb.org/t/p/w500/8qb8cLDBAWdahrtixN2mQdI6e52.jpg
256346,http://image.tmdb.org/t/p/w500/bwG6eNxGAy4qNJpzo6OjDFmKpFi.jpg
275136,http://image.tmdb.org/t/p/w500/5hqmsSEV9Lm1GOuIVka6fQcFMof.jpg
85358,http://image.tmdb.org/t/p/w500/379qWaj3ye3kleE583rYXQKgrkc.jpg
273127,http://image.tmdb.org/t/p/w500/qTGIolMalPyJSZaL5ApYjJvsfiP.jpg
346853,http://image.tmdb.org/t/p/w500/xa3Ub3traKEfSaZZ0lTmBonVnog.jpg
670497,http://image.tmdb.org/t/p/w500/3S0SmnNcEcnUDl0XAX3W2pm5G6J.jpg
533715,http://image.tmdb.org/t/p/w500/31a41CbwpsG9jRrWifmte4nNJWe.jpg
23056,http://image.tmdb.org/t/p/w500/qtTJzlzJf5FuY4qWjleSsLIgYjD.jpg
93399,http://image.tmdb.org/t/p/w500/buSg1f9QaOSrOfYUC8bC4kXrfVT.jpg
369552,http://image.tmdb.org/t/p/w500/qIUDi1XDAREkarkwNzOOBgUzqyC.jpg
1037858,http://image.tmdb.org/t/p/w500/sWoYDNPNZs5MtzPbirXV73tIHrA.jpg
676685,http://image.tmdb.org/t/p/w500/wxpu7svVqA0ALYpofQBPujGelN3.jpg
923579,http://image.tmdb.org/t/p/w500/kOn1mR8ZA7gZ1r7OUFAUbTMGfQ5.jpg
268893,http://image.tmdb.org/t/p/w500/5UiJ6zPXEm5kb6X3Z1UXXt0NS8d.jpg
211358,http://image.tmdb.org/t/p/w500/w80BMPGz5qKLN07BQx7SRrcOhAT.jpg
287095,http://image.tmdb.org/t/p/w500/kC9tqPE3dqwBBp2sEL7xBgPP4yQ.jpg
47227,http://image.tmdb.org/t/p/w500/fHz1mmS2TSkD1c4DVHpuwjDO2pG.jpg
128253,http://image.tmdb.org/t/p/w500/tW9FYOBX6pBWHfDtvwparLrXnag.jpg
26497,http://image.tmdb.org/t/p/w500/83jgTDWYS0Whokjm3CB2Q6kYQCV.jpg
54408,http://image.tmdb.org/t/p/w500/zpT1hiWA2Z2PlAb2QvEjl6GubW8.jpg
24432,http://image.tmdb.org/t/p/w500/4Z7h8xDBxQADSPFGj7vmMN76ynX.jpg
1515395,http://image.tmdb.org/t/p/w500/ajcRSuv1rYbrDxnlNN5xx5H44Ft.jpg
67792,http://image.tmdb.org/t/p/w500/zFVvJwfquD3GBluodLe36QMvr3y.jpg
725986,http://image.tmdb.org/t/p/w500/cQx04qrOqktvCsFJCNakMSSOZTL.jpg
593240,http://image.tmdb.org/t/p/w500/2ucqzh23UieFrgnDQVtPj1GrRGq.jpg
273296,http://image.tmdb.org/t/p/w500/gVZkVQgcPL14Tdl8vt7W2QP1XiM.jpg
13017,http://image.tmdb.org/t/p/w500/3WwgKQEKKIthH3lzcvhApRV1s3U.jpg
394322,http://image.tmdb.org/t/p/w500/ie5qRvi1kkIBKVkKcjUkH2lykrv.jpg
337302,http://image.tmdb.org/t/p/w500/nyQBg6NsxpFmTAMBPaT69MBdh5w.jpg
1517206,http://image.tmdb.org/t/p/w500/gxJG2lWd2d7Akyj8fiEifJSDL85.jpg
1497970,http://image.tmdb.org/t/p/w500/5qttWFjsO62k88civZaDMHiBTvy.jpg
1224422,http://image.tmdb.org/t/p/w500/lIkQf9N5CO8yhIn5vbymNb2YEdU.jpg
1102104,http://image.tmdb.org/t/p/w500/vRxgtIm4zlasy1shMlXPFEaY1TI.jpg
831728,http://image.tmdb.org/t/p/w500/tqJyMn7iMboUXBsaglgitBfLbmx.jpg
811634,http://image.tmdb.org/t/p/w500/67YXOoKGODyGvJXfXzVmgHNXYh8.jpg
287018,http://image.tmdb.org/t/p/w500/tBVzYg0xoqU47YA9jWFFVxYWnVX.jpg
690959,http://image.tmdb.org/t/p/w500/zIiou3efu6fGRIqjb0RRykBjlK1.jpg
284682,http://image.tmdb.org/t/p/w500/nTswIjB0NLPHbQpFIHa8zZgJQR2.jpg
371914,http://image.tmdb.org/t/p/w500/yTGItTrzUI7V4kviDqHbBoYcm0G.jpg
345942,http://image.tmdb.org/t/p/w500/ddbcOYQaDbxH5R42DlrK7txVbIG.jpg
113736,http://image.tmdb.org/t/p/w500/8VdVBJY7sMZZtajSnQUE734ck4J.jpg
377883,http://image.tmdb.org/t/p/w500/AwCzt2CX3OmWfwvWQImHJMSF5fQ.jpg
261409,http://image.tmdb.org/t/p/w500/e6bwpJneXbVBmyi0nTlCJGJSYC4.jpg
128475,http://image.tmdb.org/t/p/w500/r29dVVn7eYgQAcq372DygsD9aOa.jpg
292821,http://image.tmdb.org/t/p/w500/xhW1VJxiukRE1N8RVBCZMKBeo2.jpg
293644,http://image.tmdb.org/t/p/w500/qqgXfEgWUm3GjQ1QorETpACXeZQ.jpg
1276521,http://image.tmdb.org/t/p/w500/whvkL0wzxgKmVbaPontq9NlVd5z.jpg
1235451,http://image.tmdb.org/t/p/w500/9uzdZabr2LZWwWH4pLJoxTd6s2K.jpg
1134424,http://image.tmdb.org/t/p/w500/fj8Cmtw7j2PoiKDnd1MKOA0YaAW.jpg
471423,http://image.tmdb.org/t/p/w500/eK2nzt3XvtX6GRpwcUUxESEYMjv.jpg
273302,http://image.tmdb.org/t/p/w500/iMhgq5EPPHGW0osmGOjWnxwvHRV.jpg
1071101,http://image.tmdb.org/t/p/w500/tknSJyInVeBZhaIUHlzPpqA45Ej.jpg
1034470,http://image.tmdb.org/t/p/w500/a2a1Y6a6UriLJ0U7cGjphPOWQPK.jpg
314580,http://image.tmdb.org/t/p/w500/vLPIRRy8yScGVhcLAdtZLDWA6pi.jpg
427593,http://image.tmdb.org/t/p/w500/3ZR7rPJgkq2M0fUWG0wjdUvBAux.jpg
749618,http://image.tmdb.org/t/p/w500/g8ZyfUC0THygJkVoO2J7NxsdPI5.jpg
745115,http://image.tmdb.org/t/p/w500/hM36JMF6yR792PzO8T158va9b0s.jpg
580312,http://image.tmdb.org/t/p/w500/fvNm5NnOzjO5ABS7xkJoEM9GOAs.jpg
365930,http://image.tmdb.org/t/p/w500/klnFbml9sVnpfH5cbY2r1EyOeap.jpg
534789,http://image.tmdb.org/t/p/w500/hAOEH23LCIhBblO826vb37u3utt.jpg
470370,http://image.tmdb.org/t/p/w500/vcn7tM1PZlgthPeAlorSv8YiOfK.jpg
59777,http://image.tmdb.org/t/p/w500/bU0F48vDuOf832V53NkzU6M74UU.jpg
141102,http://image.tmdb.org/t/p/w500/jQLCs1HiQ1Y4SZvr3sx1fDhWNZS.jpg
653904,http://image.tmdb.org/t/p/w500/1DXtxVD75Uv9fL2t8xqcZblmu2m.jpg
1549292,http://image.tmdb.org/t/p/w500/4gcpeI5drcUI81KbZjRLm4EAJII.jpg
367961,http://image.tmdb.org/t/p/w500/rNF4FPFOEDsh91HoBoKvzz4ARCK.jpg
504159,http://image.tmdb.org/t/p/w500/f4p3YKb7jZjmHw60FAiIamg4c3k.jpg
1005390,http://image.tmdb.org/t/p/w500/vOm3KBZnl2EZXSk4JowtnmFaxfY.jpg
984824,http://image.tmdb.org/t/p/w500/kiVhY4bBJN8JTNxqNvYtYDpKurE.jpg
931404,http://image.tmdb.org/t/p/w500/9tOF6yTtzFP2p7q4GB1lSEMrfIq.jpg
346950,http://image.tmdb.org/t/p/w500/5IMaRhuTCI0nm15G2aZrUW1fANr.jpg
73829,http://image.tmdb.org/t/p/w500/gKkQgHCUrA9wIC1DgjgqJ1Ye8kn.jpg
496051,http://image.tmdb.org/t/p/w500/v8GIjlqwYYyT5Af2v3mX1iBB18i.jpg
708352,http://image.tmdb.org/t/p/w500/pDM55o8QVZLCKQ9WGejXrdeOJzJ.jpg
21188,http://image.tmdb.org/t/p/w500/83jloHLWUEpdMehn5x6BdZSmD8C.jpg
51800,http://image.tmdb.org/t/p/w500/sI5sGON9A6TCuEdlCkSmZwzQPbn.jpg
429657,http://image.tmdb.org/t/p/w500/3mdKQIvJ1uIAjEMLnuQtAinn4vi.jpg
254263,http://image.tmdb.org/t/p/w500/vfDbTS4eg5I7x70JoPIFvyzayx0.jpg
106631,http://image.tmdb.org/t/p/w500/6gs0642LLTa5Nl6vUR06ZQ3stTu.jpg
1274214,http://image.tmdb.org/t/p/w500/tl7huo6BSWpCESeF4lXGHCdv2TG.jpg
1103432,http://image.tmdb.org/t/p/w500/lWKtVX5oEgcLbMYMaWiyes6c4IB.jpg
922495,http://image.tmdb.org/t/p/w500/7v50mbGYMQ7HmJjJOXoZ3llCjUk.jpg
798581,http://image.tmdb.org/t/p/w500/p9EKgh9R44wueyXv3md2BNvoxbe.jpg
184313,http://image.tmdb.org/t/p/w500/24Yfu1PZsOApu4WeIV3C6NRG0y3.jpg
726940,http://image.tmdb.org/t/p/w500/wlizMbZByBYPOC4i2AN64e4W1iM.jpg
37425,http://image.tmdb.org/t/p/w500/4s7OLUAKmNaoVzxvEipXeOcJRJ9.jpg
246673,http://image.tmdb.org/t/p/w500/9NA6jwRrgK4UnTuFbBHv09eA17W.jpg
165181,http://image.tmdb.org/t/p/w500/7F2OhAa87xCefZI73eJ00gFZA71.jpg
132156,http://image.tmdb.org/t/p/w500/o1SDGnG7hDFFYtsJGRrjLmYF71p.jpg
200752,http://image.tmdb.org/t/p/w500/6vsw861K3qjU53eS8XIOpPikoDS.jpg
348746,http://image.tmdb.org/t/p/w500/hX9TgZ3bnCu3QGwC0ISAowAiNfJ.jpg
1198426,http://image.tmdb.org/t/p/w500/zmthz3CuFljmBQcfuaz4hBNwbQ0.jpg
931405,http://image.tmdb.org/t/p/w500/73PZdKGTj2PkIeBfRhTG5KJBY5X.jpg
843252,http://image.tmdb.org/t/p/w500/rgIxuQ7KjpegOAEhtAEVa7JO0Qc.jpg
707459,http://image.tmdb.org/t/p/w500/gC3HexS2Eha0I0POgVWHIfyWljt.jpg
205432,http://image.tmdb.org/t/p/w500/pHpQxOAGc3CV433AdUoyB7GhXnw.jpg
169856,http://image.tmdb.org/t/p/w500/AoslOLzzap15uLp84lkLPIPKHeL.jpg
52541,http://image.tmdb.org/t/p/w500/clHr9olMUVW2jBQecYYpfUGxaza.jpg
118251,http://image.tmdb.org/t/p/w500/dRgpgc98Bqklwb6YG7C73WKPSbR.jpg
76263,http://image.tmdb.org/t/p/w500/b2wzDXAzB0SlpF71iw9Cq9zYjvN.jpg
221029,http://image.tmdb.org/t/p/w500/jN7iYhjJSHy1aYVbkrCrdvSIBFA.jpg
1449951,http://image.tmdb.org/t/p/w500/ilFLHU1OxUS1YDvUMCr8K3hW28r.jpg
96458,http://image.tmdb.org/t/p/w500/uFhEh3IE8JHZe8CdZq0VZNUwMRl.jpg
1104401,http://image.tmdb.org/t/p/w500/pJgPt0wVrOrAFTPozeARmExR6xJ.jpg
1026821,http://image.tmdb.org/t/p/w500/rIwxNjhl0ndF0V5zrYGdwplAJAU.jpg
881201,http://image.tmdb.org/t/p/w500/yw0CU1nCDCXqjfU8r34Dh0CUhfv.jpg
60823,http://image.tmdb.org/t/p/w500/geJboIqjTSVff8SorZjNHTuM7Pf.jpg
48741,http://image.tmdb.org/t/p/w500/fnBecUruOZTDaJyO5HvNY7CiH1t.jpg
118254,http://image.tmdb.org/t/p/w500/o8o3lBY3oiI8NwpzZw8nLMUH3FA.jpg
624993,http://image.tmdb.org/t/p/w500/3Gz5KdQk00ad5DnQ58JBb8KznP7.jpg
103977,http://image.tmdb.org/t/p/w500/8gPamvM4Q3cCc5pIfKCIsxq4iCN.jpg
416403,http://image.tmdb.org/t/p/w500/m7r0ZdIuhCSMDfelNdneLLZWU61.jpg
534313,http://image.tmdb.org/t/p/w500/iUlP6aUCyGh3aEEU0DmnFaJlAOg.jpg
510096,http://image.tmdb.org/t/p/w500/ljktBZh0wM8yVZcgMt3i43sjkdy.jpg
269052,http://image.tmdb.org/t/p/w500/xVTmyubu4C48RY08QmI0us8E7GM.jpg
103194,http://image.tmdb.org/t/p/w500/7LcEB5sloa7oVoNywdMKCooU8Wt.jpg
22188,http://image.tmdb.org/t/p/w500/nYmQ7aBZF7YVThagJgDQk8KohqY.jpg
79842,http://image.tmdb.org/t/p/w500/jwHk1rQ334cnpRMCdJZ9EXI3zBg.jpg
399268,http://image.tmdb.org/t/p/w500/clWL1JLCxUD5yFe03dxWE0EdwTZ.jpg
1425816,http://image.tmdb.org/t/p/w500/uDVsBMUE3QI0lZE44vfqpIojqRg.jpg
1170657,http://image.tmdb.org/t/p/w500/h6aSbt5z0Rzu6dIFpxy9Vt17vi8.jpg
1118203,http://image.tmdb.org/t/p/w500/2axXVpi3dKfESWzgncbakLB7o7f.jpg
891761,http://image.tmdb.org/t/p/w500/AjWJQOogG4Irpff6K49tzrUTb1s.jpg
91523,http://image.tmdb.org/t/p/w500/tgsePFElPsUvrus2KOZx5FFNCrX.jpg
146647,http://image.tmdb.org/t/p/w500/2cPFS1EoNciqVYHS1zWTd9bZQB3.jpg
59169,http://image.tmdb.org/t/p/w500/Ar3ZbI1NqihWNRKyJCuxJIhft3N.jpg
650270,http://image.tmdb.org/t/p/w500/c2vONcT7dvhwtyhPbighDLWpZHJ.jpg
312998,http://image.tmdb.org/t/p/w500/rTjDoLo2eTggYVGNPKjfAX9SqT5.jpg
273310,http://image.tmdb.org/t/p/w500/nfM9GgvQ8q51VgMgsGigCCSRZCm.jpg
125448,http://image.tmdb.org/t/p/w500/jc12LrjgAFccxuHic2zBNkgUYfr.jpg
732721,http://image.tmdb.org/t/p/w500/383b9E3Uv1fOyPiSxMZr8lsjFMa.jpg
208561,http://image.tmdb.org/t/p/w500/xn7pcWqkXjfUtDNIzWjPq6On2ZP.jpg
481583,http://image.tmdb.org/t/p/w500/zybhquH38BMn55GIwMQ6E3mGabR.jpg
613199,http://image.tmdb.org/t/p/w500/1dhZvH7jBy1qGZx0ZXS82wfeceK.jpg
581218,http://image.tmdb.org/t/p/w500/44RHvg7HdXK9zLzqdNjSPjls9lT.jpg
597840,http://image.tmdb.org/t/p/w500/9g6yLno4P14UWiURoL2H2NUp39h.jpg
412823,http://image.tmdb.org/t/p/w500/nyv2rXXdTrtAUpCEqRqFpYTtmiV.jpg
33137,http://image.tmdb.org/t/p/w500/2Yb7bn72e6VaqAG5WoOR66rBQMs.jpg
62428,http://image.tmdb.org/t/p/w500/8XEoVdYxYosMWGTviC0v8ORPRpW.jpg
899249,http://image.tmdb.org/t/p/w500/eyBifMbovoQbyuNXHOFYo7tsInp.jpg
857756,http://image.tmdb.org/t/p/w500/4dlrpSf3q1GAgBUOjnemHP06QHC.jpg
471278,http://image.tmdb.org/t/p/w500/wbCRcelo7ugtwEXAeD1lRZDK67.jpg
381372,http://image.tmdb.org/t/p/w500/qAp90bFmZqLtF8N6G9IfF3dLKD9.jpg
529811,http://image.tmdb.org/t/p/w500/zHscRcfwwO9UcRLSwVzJc7duW7m.jpg
109423,http://image.tmdb.org/t/p/w500/cVNxVlY629T1kTuFDD21dwJBeYd.jpg
287097,http://image.tmdb.org/t/p/w500/2T01Z5mW5xKjR5KE2fwn9OunT2r.jpg
369855,http://image.tmdb.org/t/p/w500/kbfZNVtXKoF0FCyEWufQMsZHfhh.jpg
601131,http://image.tmdb.org/t/p/w500/lc2ZqIBQGSyETa7V37V6jDS8W2o.jpg
46256,http://image.tmdb.org/t/p/w500/dOF8yD82vboFuC0gbJdZtz2JeI8.jpg
1309423,http://image.tmdb.org/t/p/w500/5uKzP6VnPeFtrojNn5HBctkIyL6.jpg
718100,http://image.tmdb.org/t/p/w500/mJaNBADFKRiMys8DiGemrLGYd9U.jpg
844158,http://image.tmdb.org/t/p/w500/48uip87WgekvqtoPGwuGPwxbCPm.jpg
154634,http://image.tmdb.org/t/p/w500/9bA11rxTYfwU3ht7rNPJTpocyCr.jpg
705948,http://image.tmdb.org/t/p/w500/5ihm2dzEX0f1V9722c73pc4TxLM.jpg
125445,http://image.tmdb.org/t/p/w500/cl9p7d1ZzoxWEyDAvsc1vjbev52.jpg
165220,http://image.tmdb.org/t/p/w500/8owGK5kSi9Hodybs3fQjRMZq0ht.jpg
280221,http://image.tmdb.org/t/p/w500/gmRb7sEuhSaZHZlfuPR4azETjzw.jpg
1136767,http://image.tmdb.org/t/p/w500/bV7t2Np8VG1i7h6jvPz5ZPUdAVP.jpg
1054972,http://image.tmdb.org/t/p/w500/39Hr1FKfqqvx0umS60PCCWtBOKd.jpg
810776,http://image.tmdb.org/t/p/w500/Q2V8XHIdwEuxDu95O3Wn0rLXjX.jpg
459926,http://image.tmdb.org/t/p/w500/gl8XgSM9c8d0tgdhkuw7zv7QUxW.jpg
432130,http://image.tmdb.org/t/p/w500/zsxRVzb6u72LWSrlv4aoyQmbAg4.jpg
123187,http://image.tmdb.org/t/p/w500/96LV2xGPI9fVPT1cmCGGq5SWspr.jpg
434444,http://image.tmdb.org/t/p/w500/wIcAE9XrKFXo1Zv9mUCODNGVvBj.jpg
27037,http://image.tmdb.org/t/p/w500/65jHHD1iBTR2gKzq0gxHWB0zoEb.jpg
327677,http://image.tmdb.org/t/p/w500/yB1t61lIz1zvR9kwEyzfr8fq4Fb.jpg
74147,http://image.tmdb.org/t/p/w500/yl1TwtGHJ9I2xNX4LEBydKsrAeH.jpg
415031,http://image.tmdb.org/t/p/w500/kd5w0wW7oNAA1dvfBQ2zSDoFrDP.jpg
1526275,http://image.tmdb.org/t/p/w500/16Ly9vDNfXl7RrlMtUUiJJjm1Ac.jpg
1497036,http://image.tmdb.org/t/p/w500/5jqpfOY6q8ltnCFEfUPY3c0bpR5.jpg
1370761,http://image.tmdb.org/t/p/w500/lWfsCoNWgkK6ATQ2aI3iZYWHs6N.jpg
1369617,http://image.tmdb.org/t/p/w500/m1X8iZWhe5zhcOQQAHGkcN9IsTS.jpg
395885,http://image.tmdb.org/t/p/w500/bAvmoi3Fkq8tLeqB7neVpoPiiiR.jpg
121678,http://image.tmdb.org/t/p/w500/n641vHbU8hmsiBR35YdEikl4Ghz.jpg
474386,http://image.tmdb.org/t/p/w500/svZE0BvXujrn9elcqA5uCOQfpBN.jpg
273122,http://image.tmdb.org/t/p/w500/wQfHay1wSGnmpXsFsISjfPhtPs2.jpg
401791,http://image.tmdb.org/t/p/w500/l1Dbx1PkO3SPgsYyf0C8QqoL6X1.jpg
300247,http://image.tmdb.org/t/p/w500/chtoW0DWz0GDhmflSDQvIKvSLp2.jpg
750578,http://image.tmdb.org/t/p/w500/13kBDk1dMe7lM1SuNDxuUFAKqM2.jpg
676575,http://image.tmdb.org/t/p/w500/fBSLAMH5vczIWgzpa9x7Z52F4QH.jpg
22191,http://image.tmdb.org/t/p/w500/1toSMETuoVVncIBFnbaVxRUgSx9.jpg
541057,http://image.tmdb.org/t/p/w500/t3pYiazT21B35NZIdJSJPnATQHM.jpg
93507,http://image.tmdb.org/t/p/w500/50blpQQfZcyF0vOcqGJuVLWPncE.jpg
275065,http://image.tmdb.org/t/p/w500/9NQqFDvW2ak8puHv3AJEnvZXPDy.jpg
456661,http://image.tmdb.org/t/p/w500/zl0IUY5rCuL8fkjWL0j50GROzkP.jpg
223605,http://image.tmdb.org/t/p/w500/4Fo4MS7PjcRsIG5L6plEBveCEa.jpg
199700,http://image.tmdb.org/t/p/w500/3AKnF4TU8Ykh7AABvS6mFORbwXj.jpg
413817,http://image.tmdb.org/t/p/w500/r5W1vFfqqscXYvVzr9WK6LG5C0v.jpg
610045,http://image.tmdb.org/t/p/w500/ohWU8bPbAK5WEAboIabivld9Hyw.jpg
681783,http://image.tmdb.org/t/p/w500/7YIJfevShJz6mmW6F2zKy4fljeK.jpg
212088,http://image.tmdb.org/t/p/w500/w32qMVzC5A0YlWXBYAfB6wWAACJ.jpg
46249,http://image.tmdb.org/t/p/w500/uYF6KSEjm4PtQ9GoqJ7Mi07tLKI.jpg
116977,http://image.tmdb.org/t/p/w500/to9ggXVyhNTCICHcHMCtFtANd8P.jpg
75421,http://image.tmdb.org/t/p/w500/S5E6iHqU9CWY4w1Dm500oWXgNO.jpg
414223,http://image.tmdb.org/t/p/w500/spJNyS924musoF3Sek7LX9eLBtU.jpg
1016069,http://image.tmdb.org/t/p/w500/fqfkcek40BCw7JfV3sEySgb6wkx.jpg
1155234,http://image.tmdb.org/t/p/w500/wrJ3kO7iXgGGGH4aFJIJXpCJOZJ.jpg
18934,http://image.tmdb.org/t/p/w500/nZ3g96M6kS5RxzxRcZb0sMQEVVn.jpg
933720,http://image.tmdb.org/t/p/w500/u4cMqc9lNy4aaLBEien5CaN93Ri.jpg
844414,http://image.tmdb.org/t/p/w500/3cTYqokoGh0UMiFjVU7mhmydAn7.jpg
837763,http://image.tmdb.org/t/p/w500/6QQ01q9a2669QCZVdPS4GWR7MMD.jpg
265819,http://image.tmdb.org/t/p/w500/e01LWCb9Efnpn5OPVh4kwP47Ac0.jpg
574366,http://image.tmdb.org/t/p/w500/kLmcZtz5DQwU3bG3iloU5OtaXzO.jpg
432703,http://image.tmdb.org/t/p/w500/6NQ87ld1NiSvx4y07JJhDkSVQnr.jpg
22859,http://image.tmdb.org/t/p/w500/nl7wFvE3BAMKXBqdTBjs8cKXEyu.jpg
605829,http://image.tmdb.org/t/p/w500/4pEkHSzxNHcEYseYWxR0MGiDRIf.jpg
630044,http://image.tmdb.org/t/p/w500/43MlbzxB5OohgvPHmPIvRi4MCVn.jpg
488397,http://image.tmdb.org/t/p/w500/gVH2mnbF5ZouhFqY1DVKhqItQgQ.jpg
443484,http://image.tmdb.org/t/p/w500/yZDePc6NwkwBdrWejjBCG8AWoYF.jpg
173931,http://image.tmdb.org/t/p/w500/eVvbz9tsdAeZ0SeOws9AYFyJS0t.jpg
387892,http://image.tmdb.org/t/p/w500/lf3sDJKPknEivxb4B4YV2KiuTzq.jpg
1303336,http://image.tmdb.org/t/p/w500/qopVRov3ozCUBXUfkvviFlcTB1Z.jpg
1221210,http://image.tmdb.org/t/p/w500/dXLsSAN6L6LjFyhPSB80axTDQoH.jpg
1165223,http://image.tmdb.org/t/p/w500/zUGDo9luTIyiVfPVEmKGa55pIJa.jpg
455424,http://image.tmdb.org/t/p/w500/hK5jLh4dFEkjTPjNQS2v3ZA0DM6.jpg
141263,http://image.tmdb.org/t/p/w500/fI8RfI2KoG1KLDGr7txOC8p2lgo.jpg
78807,http://image.tmdb.org/t/p/w500/5MZvtvh1DySLBN8YnsCFGY3lxEw.jpg
752885,http://image.tmdb.org/t/p/w500/bk4RqSZ8FtCwMzXwiuxxoFZUHmU.jpg
260091,http://image.tmdb.org/t/p/w500/cbGkto2Q3j9iTq2iLwmvXpRVgTv.jpg
42078,http://image.tmdb.org/t/p/w500/4igaFqQIpfGiiX5oxqbgjS8wd.jpg
684583,http://image.tmdb.org/t/p/w500/rpFvDPW4LKewRNmm4R9fVe7eqd6.jpg
335832,http://image.tmdb.org/t/p/w500/kOIvXIhiHIoqLDJtFu8lM3pyumQ.jpg
1327927,http://image.tmdb.org/t/p/w500/huo08pB5wvsPsS6P2fhcicgq83p.jpg
1252371,http://image.tmdb.org/t/p/w500/hmdaq86MzrRe93YHDG4aZ1QcsWt.jpg
808264,http://image.tmdb.org/t/p/w500/2o5ergZ22IM9lHmXHUMjZ1EmAsx.jpg
1051180,http://image.tmdb.org/t/p/w500/gXv1sy3Jw5lJXog06MC7f57ERu5.jpg
1018814,http://image.tmdb.org/t/p/w500/gRAwKdvxCEYtibstNBWyykq2LSF.jpg
790811,http://image.tmdb.org/t/p/w500/2UMVQRAglSOsFaBo4HE9Sivaj3w.jpg
48270,http://image.tmdb.org/t/p/w500/zuJOaDfgXFI12jUbltBw9C002Rw.jpg
58904,http://image.tmdb.org/t/p/w500/4aacoOexGlp0Avxt9d6jfgNZstS.jpg
300445,http://image.tmdb.org/t/p/w500/xrBMKU0DhapqaryUCMoSsVGhEno.jpg
274353,http://image.tmdb.org/t/p/w500/rDxkpkbbMGw7yqP9aPPdard874A.jpg
557642,http://image.tmdb.org/t/p/w500/mayuqqmGomL20KhBvMh6XwWvMpk.jpg
610672,http://image.tmdb.org/t/p/w500/8ZaWtsen5EOqJgqsZ5Fms33tGnF.jpg
64633,http://image.tmdb.org/t/p/w500/rFirfgq5ecWgSOWZhpj5VC6Tmpt.jpg
363263,http://image.tmdb.org/t/p/w500/qHq4ZAO6DY3l12BmgDNpqTBblwo.jpg
246439,http://image.tmdb.org/t/p/w500/lax2ibEZSIYW1gfh7iUNg22T9Nh.jpg
587065,http://image.tmdb.org/t/p/w500/ouKUXkQSLyC4ADXbC8ft7vxiIJF.jpg
529426,http://image.tmdb.org/t/p/w500/3SHjHTSbbl9bWe4dFCignISpGEA.jpg
674942,http://image.tmdb.org/t/p/w500/eBfo1wKsE6qIbhKMFg2gJbG2QAt.jpg
26187,http://image.tmdb.org/t/p/w500/xRM2UlEswdCYSOgfYvaWoRBuYx6.jpg
1481390,http://image.tmdb.org/t/p/w500/z1CNbHQe9LBIo8LfaLxLhhZ13ry.jpg
1078012,http://image.tmdb.org/t/p/w500/lIR8h3Os8peWOave8CGE7xsTFoi.jpg
1049830,http://image.tmdb.org/t/p/w500/3iDufcH9fGyn9AY4i99Oj8f2K2X.jpg
1028318,http://image.tmdb.org/t/p/w500/jZvYqkvjUAshzDCCf46wfFHbXnU.jpg
437525,http://image.tmdb.org/t/p/w500/1ls9BIVSdJcvJtVaqAUmp0XbaL4.jpg
273119,http://image.tmdb.org/t/p/w500/dj7nOlfgNvAMrxfbkvSQ7WXRwvT.jpg
85405,http://image.tmdb.org/t/p/w500/40lWbiyteyY0HaGyORYgKPX73rm.jpg
655279,http://image.tmdb.org/t/p/w500/4fIhHkLYviaH0neuD6NpQrq31iv.jpg
35715,http://image.tmdb.org/t/p/w500/6eBHlLwwqBv8q4h8QrUdllu4I5k.jpg
460992,http://image.tmdb.org/t/p/w500/qAQ9S51w5l3PBQ1PbjjeFa6x0fb.jpg
407636,http://image.tmdb.org/t/p/w500/ydCoXaYbKNbRHQj5Etrn9eJXAKC.jpg
363890,http://image.tmdb.org/t/p/w500/hIXDfQp2AFkw1pogibuJqTroHQb.jpg
80394,http://image.tmdb.org/t/p/w500/bXJ6mxkhjmyv86rMI0dur1WWBZr.jpg
1455686,http://image.tmdb.org/t/p/w500/t0OORtaTEQGbkATnR0Qfa5t4wgP.jpg
355200,http://image.tmdb.org/t/p/w500/cxjCt6l2mmRO0WKdBoGq3EzL8kq.jpg
764807,http://image.tmdb.org/t/p/w500/fqRKcVybzM2NXV9p9vvx337HMXy.jpg
686632,http://image.tmdb.org/t/p/w500/zAN2mu6n8I6QYpy24mpTooAZ9ls.jpg
740359,http://image.tmdb.org/t/p/w500/c573EKNLm3UTp7AqILd2CfPhJ7j.jpg
36007,http://image.tmdb.org/t/p/w500/qErdoaKhALPXpqonVIZOEGCanKd.jpg
258716,http://image.tmdb.org/t/p/w500/vsQrXYysVfrITR97xS3U7fOlTS6.jpg
589973,http://image.tmdb.org/t/p/w500/nNMAglUfOuDuyAKYSmXzFkBeNha.jpg
214159,http://image.tmdb.org/t/p/w500/16irnIKTfgGc0FT2bK26bkqB5xB.jpg
14152,http://image.tmdb.org/t/p/w500/w8iQwHpnYGzGUOlJ5sGDB1BaANN.jpg
508710,http://image.tmdb.org/t/p/w500/kaWMBv01Rd3qSDRRVdsKg3gyBEJ.jpg
81670,http://image.tmdb.org/t/p/w500/u893BGceKy7cJnhyFEiAvMP1U5r.jpg
422229,http://image.tmdb.org/t/p/w500/exDpjs3OsGGExjLCEGadPuiiZxX.jpg
398362,http://image.tmdb.org/t/p/w500/5ZhVflF5cQ2rkwWJrdtwkHtu8Lt.jpg
278614,http://image.tmdb.org/t/p/w500/rxWreTKfATKvcmdjHtZEOk2mx70.jpg
908115,http://image.tmdb.org/t/p/w500/ijfPGlvlHTflOtAoTTAC7VQV7v7.jpg
114568,http://image.tmdb.org/t/p/w500/yUNM4TMLGoj8e9fXdqWPhLAe6Vg.jpg
129853,http://image.tmdb.org/t/p/w500/8WhHN0UkKWdZo4n5TV7oqp2PKxu.jpg
425936,http://image.tmdb.org/t/p/w500/qZhCCTHeq9J8mlSScJMW0zDHx67.jpg
226673,http://image.tmdb.org/t/p/w500/cDedZ2oi7sR3Rq1OPpMO7QSJzwU.jpg
1187998,http://image.tmdb.org/t/p/w500/vwBowC3q6yVySuiCwandYnBgtwT.jpg
845587,http://image.tmdb.org/t/p/w500/nBTjs51j4Y5pIdA1rWMP69qm93z.jpg
235141,http://image.tmdb.org/t/p/w500/abg4yJiOD0GvB5Vegd5vcoksCBA.jpg
101923,http://image.tmdb.org/t/p/w500/n897fAY3EQEFLo6FUZ1V6OcZ4ud.jpg
1330173,http://image.tmdb.org/t/p/w500/5EO1RJ0QI5EPUGwHhiYd6GdeJob.jpg
374746,http://image.tmdb.org/t/p/w500/gyhHYJrDClwbUWtzQtc3xRiAQKE.jpg
784281,http://image.tmdb.org/t/p/w500/smdbW1dWUYSDivE3zw43Ty19j95.jpg
77742,http://image.tmdb.org/t/p/w500/fsBZT9725qBc3tLVnIdReIfemXk.jpg
737525,http://image.tmdb.org/t/p/w500/assd6PMy3foxYXzHAbOm5NvmYe4.jpg
31250,http://image.tmdb.org/t/p/w500/9JmD7mrimja0tpHMhiA231h6JHx.jpg
1457178,http://image.tmdb.org/t/p/w500/3gPv9fDKEl6iCzpKcZLfndpUT6P.jpg
252778,http://image.tmdb.org/t/p/w500/yR6negg6IpgQUsXgZrTax2KARBe.jpg
494902,http://image.tmdb.org/t/p/w500/s7QWR0GCCBJU7Kg0IsMnttAmOxw.jpg
52328,http://image.tmdb.org/t/p/w500/py6zQapfbWdwl17DZXS2lkxzGWR.jpg
717808,http://image.tmdb.org/t/p/w500/l2n4NBXxHXd6WCXi68LBCjLDMYK.jpg
1653994,http://image.tmdb.org/t/p/w500/fqRHccmUXixc3yW8v9bDM2iuvkq.jpg
474946,http://image.tmdb.org/t/p/w500/yOQt3RWYoKcJAMHkNnHTUn8E7iA.jpg
1576811,http://image.tmdb.org/t/p/w500/b82HxALRevjndA3INYiX1BjEOjb.jpg
1586587,http://image.tmdb.org/t/p/w500/u5cCKKBj8t24qyPRQklKLTNCYP.jpg
1570360,http://image.tmdb.org/t/p/w500/ive1MWlap9AGtRipNPwfixGmhya.jpg
1566339,http://image.tmdb.org/t/p/w500/gnEK6APe06Gc14fHLRCW4w1qELy.jpg
1560551,http://image.tmdb.org/t/p/w500/a5zwJXum5kAivj9dr5faCZPs252.jpg
1105300,http://image.tmdb.org/t/p/w500/t3vbN5cxtV4lxtgE8bTcqQD6EPk.jpg
399346,http://image.tmdb.org/t/p/w500/uoM9CMNKxpcT4gB96PehSdyfAn5.jpg
1537450,http://image.tmdb.org/t/p/w500/zoELa6TADWX9Dz9HiMuNpGG16Ie.jpg
1536501,http://image.tmdb.org/t/p/w500/qboZpSdzlOcMX3bho4xZMpueDWB.jpg
1523663,http://image.tmdb.org/t/p/w500/hGqbJHB03FagiKDL47CL5fbWbED.jpg
1523377,http://image.tmdb.org/t/p/w500/9HD51PdRXC8prfTIu6qyp6hVPFT.jpg
1520664,http://image.tmdb.org/t/p/w500/i4oDYFMx5ohn73Q3PfaD6yfZzZB.jpg
1515529,http://image.tmdb.org/t/p/w500/jVLtanRSn6oba1VvGs6LRkiNu0X.jpg
1512207,http://image.tmdb.org/t/p/w500/cve6j7j8MxgYAol70JZW20zBgsz.jpg
1508506,http://image.tmdb.org/t/p/w500/sIGsusWlBvDPjcGWIukbQbbDusV.jpg
1507724,http://image.tmdb.org/t/p/w500/v65HkSHy6WmjRHSOWn5cKuEKEgq.jpg
1500788,http://image.tmdb.org/t/p/w500/bbJVjMl1UAxDvkdr77ZjzljD4AT.jpg
1497213,http://image.tmdb.org/t/p/w500/um0pcp1qbPY7Py2Xx8Dqf8yUxeo.jpg
1489884,http://image.tmdb.org/t/p/w500/uevrKxTF2l2l4FIouz3OICvqfB6.jpg
1488147,http://image.tmdb.org/t/p/w500/aQO574zJhTs7xWV1EqYeC5eoty6.jpg
1487979,http://image.tmdb.org/t/p/w500/hoOPz1H82l5Jvq0lOZer5mPuCVN.jpg
1480503,http://image.tmdb.org/t/p/w500/ePmeaJOLEdCTsPRhVy7db8URbky.jpg
1469099,http://image.tmdb.org/t/p/w500/r6NjXSaqbFKWiNIJCYCC44Zh6yw.jpg
1464377,http://image.tmdb.org/t/p/w500/vJvQv4oR4d2NkDS37kpGLg8bRaq.jpg
1242983,http://image.tmdb.org/t/p/w500/1Qk6wwp4jEH7CehWnRl0ukjfrWJ.jpg
312036,http://image.tmdb.org/t/p/w500/rz0NhWCWQJk8DjDFt0cn7EAnODo.jpg
1455670,http://image.tmdb.org/t/p/w500/dmZICQpB4Q1LWLjilfrnqe2owMq.jpg
1451567,http://image.tmdb.org/t/p/w500/7YiB8tOQcY8ApdKkCnjQL5jGkIP.jpg
1446746,http://image.tmdb.org/t/p/w500/8fa2SSiLf5Hd0bX6e7hpjWeDhCw.jpg
1443838,http://image.tmdb.org/t/p/w500/4FY0RfTsNQst8UC8oK6xN14vPQU.jpg
1327821,http://image.tmdb.org/t/p/w500/por0sU3WKbboM2e1M6oGlPFAEiF.jpg
1431089,http://image.tmdb.org/t/p/w500/1QICZgrMkYL3yOh5CE2XCEFymrm.jpg
1431083,http://image.tmdb.org/t/p/w500/3f7yUZ0bvCC4qyss1WTExdSZAL2.jpg
1431009,http://image.tmdb.org/t/p/w500/phhFyKAnl8OH3Cf3TOxCoDwplF0.jpg
1416911,http://image.tmdb.org/t/p/w500/gU39od2SRv5OGlXZsN47CWa0dbL.jpg
1406905,http://image.tmdb.org/t/p/w500/obLyw32gXEacXH6jtcppHarlkkk.jpg
1399199,http://image.tmdb.org/t/p/w500/AiJcuGX3YjIbHqNZrfVEXv5z2Eb.jpg
1398725,http://image.tmdb.org/t/p/w500/pZw1L8zjBThVjDNGna2fIRcOWKx.jpg
1396323,http://image.tmdb.org/t/p/w500/slbAt0qsuLwRiqC2dJI6uL7pqXg.jpg
1394610,http://image.tmdb.org/t/p/w500/xbAv6xqqk8QcMGdbWBhVIypg1NA.jpg
617604,http://image.tmdb.org/t/p/w500/tsB2uqyzHoygPgxvwjObN4LO2cT.jpg
1384758,http://image.tmdb.org/t/p/w500/yga4pd5kMH7Zpto8biCjEKVkLAh.jpg
1377543,http://image.tmdb.org/t/p/w500/zknnWOgMQP4fLgiTCaeEuwiH0w1.jpg
1156621,http://image.tmdb.org/t/p/w500/yukp9qq3JmgatfMSGnxdyn6jtRX.jpg
1366790,http://image.tmdb.org/t/p/w500/duExiK3XzolNKefid1AzbITw2PF.jpg
1355409,http://image.tmdb.org/t/p/w500/sb6jQE5OaqJhuLoDmsB0yRtkT8B.jpg
1354438,http://image.tmdb.org/t/p/w500/1n4LiwJn1s67HMiaRRjFsMun4Fl.jpg
414429,http://image.tmdb.org/t/p/w500/At8nyfIjO1GTccisYQKwwmaIwqW.jpg
311916,http://image.tmdb.org/t/p/w500/6GHYtnpCjhHA1xjVu35ZUxi5btO.jpg
949883,http://image.tmdb.org/t/p/w500/tsjrDalYkPIATjvhLReJRyAxq9O.jpg
1332980,http://image.tmdb.org/t/p/w500/55vCT2wsVwJHFFVqAKcJOXQOcNr.jpg
1329566,http://image.tmdb.org/t/p/w500/dbiI5SHaXuNmmotXVbo2qovZtar.jpg
1329028,http://image.tmdb.org/t/p/w500/cFwtEMRTBhU0pa6X0XYbkqELPx3.jpg
1329341,http://image.tmdb.org/t/p/w500/fI0dtWmeeMkfXbfjaq59njTCkEG.jpg
1301084,http://image.tmdb.org/t/p/w500/h08GcJepiMhcRHPCkR8ehQHSogY.jpg
1300926,http://image.tmdb.org/t/p/w500/5WT2fuN2jExUWIATKjP4zvF1Dey.jpg
1286444,http://image.tmdb.org/t/p/w500/tWm4m2ttNUVHua9QcAWk6KCqAi0.jpg
345051,http://image.tmdb.org/t/p/w500/1HTRNCF413GVSIQo3IGNlTThOvo.jpg
1281462,http://image.tmdb.org/t/p/w500/iNToFjmSl1cciv1xakG1RmEV0qi.jpg
416670,http://image.tmdb.org/t/p/w500/4s4STTbo3XlhyWOcHZXKFUXa7n8.jpg
1277505,http://image.tmdb.org/t/p/w500/1xHbw7aLadveDZhnKdNlEGRydIA.jpg
1275096,http://image.tmdb.org/t/p/w500/bWMzbXp27EILImGycFFeRuYQokT.jpg
479111,http://image.tmdb.org/t/p/w500/gAn49XNOGRLM3FQvYXCaylY5h5q.jpg
1257585,http://image.tmdb.org/t/p/w500/420yldMrpbhJcLAME33UwpUGEPl.jpg
1257584,http://image.tmdb.org/t/p/w500/ds7jfT8l8E8XCFYQiLz0UCIlAgR.jpg
1254265,http://image.tmdb.org/t/p/w500/l6dtFI10V57JayCJPOWZSsIYahN.jpg
1250094,http://image.tmdb.org/t/p/w500/naLSyNpCw5qtX3zOpsFAiU6h28T.jpg
1249417,http://image.tmdb.org/t/p/w500/v0XioZFwSPJqB2RgVgptBroSVUa.jpg
466409,http://image.tmdb.org/t/p/w500/i776d9IAXgo4aRv4wlejCtcCuBe.jpg
1245358,http://image.tmdb.org/t/p/w500/2PcUAPdGCpnzcQiMrYf2NSpk2pb.jpg
1245162,http://image.tmdb.org/t/p/w500/rOiSQwuWHdwM22SiKJOmKhmvF8k.jpg
1245011,http://image.tmdb.org/t/p/w500/npWvlIZ4OM9wiBP9DbV5MDjhTrn.jpg
1244570,http://image.tmdb.org/t/p/w500/35HgeVbp2odg2squXCw6f5lP8GM.jpg
1241997,http://image.tmdb.org/t/p/w500/y0fYaIk6nnM6rZyHpsIreM7atuE.jpg
1238839,http://image.tmdb.org/t/p/w500/7u3SN2NrcAgyZQngBxqnHUWD2DQ.jpg
1235424,http://image.tmdb.org/t/p/w500/hFaLQGnlY7REAG9WNMWyZaqcBeJ.jpg
1231806,http://image.tmdb.org/t/p/w500/hR7uWVBKSCs13wpzYVMA9PX314Y.jpg
1231799,http://image.tmdb.org/t/p/w500/oVediZAtOlsdFfqaEb3II65dFJN.jpg
643979,http://image.tmdb.org/t/p/w500/n1XojPApAmHPEl1IqzN4GIjlgsz.jpg
546467,http://image.tmdb.org/t/p/w500/5FalQcmm2RZGK2Os24hqciLvd56.jpg
1228564,http://image.tmdb.org/t/p/w500/3iTRr6nzsFBG6uVWZxUpYlKttw0.jpg
1228296,http://image.tmdb.org/t/p/w500/xJJz9SW61vngLXZDdo3AQ9VD0Xn.jpg
1221968,http://image.tmdb.org/t/p/w500/ri6u3MMZ0TIkpHoeE7kOnG1OXT6.jpg
1221161,http://image.tmdb.org/t/p/w500/dSxMCF3obbo75c4OKT46YjJCyx8.jpg
1210501,http://image.tmdb.org/t/p/w500/nDp36sDmRUmsHMEllzoAzPT4PwX.jpg
1209688,http://image.tmdb.org/t/p/w500/7iKm0m83ULmYXLE5jU5eOL5Y0DW.jpg
1205861,http://image.tmdb.org/t/p/w500/sMmJdJC7bKraYAn323e3zpM6kAr.jpg
1207068,http://image.tmdb.org/t/p/w500/DrYeG3dwn5PRnLXYEFWMQpGoyZ.jpg
1198907,http://image.tmdb.org/t/p/w500/cJuSQA6WtfCkM2rYYOy94hoxfIa.jpg
1195880,http://image.tmdb.org/t/p/w500/gFE5xrHOWFG4ZYFdk2G4uEdeEq1.jpg
1192996,http://image.tmdb.org/t/p/w500/ghQSuP7Dzh7tEWB5Ssh9VP86zTb.jpg
1190624,http://image.tmdb.org/t/p/w500/coMkb3tbLwwLUB90ZwDdLK0llcp.jpg
339597,http://image.tmdb.org/t/p/w500/c9bATKuztHs6oPRJtmv1Jm3wMZO.jpg
1189001,http://image.tmdb.org/t/p/w500/eoIk3O7jmElWVdqf0QBCiwHGr1R.jpg
471477,http://image.tmdb.org/t/p/w500/uOC2Ya2z4CiLS66KVt7lUC7eWnI.jpg
1185806,http://image.tmdb.org/t/p/w500/3US9zyWBUbLTASwNwMSuZ0fO6hC.jpg
1184871,http://image.tmdb.org/t/p/w500/u9o6lVG8JfILY9NFaybqRr1PLwL.jpg
1184515,http://image.tmdb.org/t/p/w500/n37DndmuT0MgbBvNaOW3QnMqZUs.jpg
1179505,http://image.tmdb.org/t/p/w500/emIC9wPN3cpWvXLdEPGBCmBdJoi.jpg
1178502,http://image.tmdb.org/t/p/w500/yym2h6ubUfrxSwGv2i8VwnyUoE7.jpg
1174698,http://image.tmdb.org/t/p/w500/13apZwm466RLbtlhZxEVd9e3GM1.jpg
1171923,http://image.tmdb.org/t/p/w500/8UWQgv1SOWuAmAgQfJhi5jAzx5D.jpg
319854,http://image.tmdb.org/t/p/w500/Av64PE9QLIGdZN54mHV0J8oqvdH.jpg
1154660,http://image.tmdb.org/t/p/w500/x9WGIMGfwovPOPMlyYivTSKCns3.jpg
1153825,http://image.tmdb.org/t/p/w500/mqmHb3EvpL5Mr7TNlmdQz7zvNgc.jpg
1153823,http://image.tmdb.org/t/p/w500/fVlfmphBy32G5FOMXf1o3ZYN3TT.jpg
1153821,http://image.tmdb.org/t/p/w500/93ijSTezFlEDM6osAeYqr4uC18e.jpg
1153820,http://image.tmdb.org/t/p/w500/9fVJ0WSmTeAALRu1HCQxYIwDkOq.jpg
1153819,http://image.tmdb.org/t/p/w500/voEIL2sgiPvIoi5atBxqx131AKD.jpg
1153625,http://image.tmdb.org/t/p/w500/iMaGZbzerH3QkAFICkbtqhUAWr.jpg
1153065,http://image.tmdb.org/t/p/w500/xl8ewKfkXyaYsMXkqoQpxloxRA8.jpg
410016,http://image.tmdb.org/t/p/w500/AoIodKr9zYQXbNG6IrZdUSTO2gl.jpg
1149485,http://image.tmdb.org/t/p/w500/uFAJg9TVboj0NZ1sGz9Q6zYbMj2.jpg
1148189,http://image.tmdb.org/t/p/w500/wy5CMvgT0T9UdlCb0P75HCd8UAY.jpg
479367,http://image.tmdb.org/t/p/w500/gBN6o1KGzWlPoQXtE4fkCMJQyus.jpg
1141956,http://image.tmdb.org/t/p/w500/3LEfLBTqwLSnIownuuDIt3kpxt4.jpg
1141242,http://image.tmdb.org/t/p/w500/dwkpl2l7Pr2uqIIYM6t6LgMCpyu.jpg
628690,http://image.tmdb.org/t/p/w500/4lnlUZIPhAuIteF5H7n1uFClm3Z.jpg
1134680,http://image.tmdb.org/t/p/w500/nWWkk5E8uiwNfywwcEFkEA5BObb.jpg
410936,http://image.tmdb.org/t/p/w500/AuOQJ60MK8lZmTK6vKMDytjyFab.jpg
466413,http://image.tmdb.org/t/p/w500/beEuGy6dDjQPNMy8Aiz8HV1KBQJ.jpg
1122419,http://image.tmdb.org/t/p/w500/18eT1tvCPNaxXJzBhNgVJF7j4ot.jpg
1117898,http://image.tmdb.org/t/p/w500/tYH4rQZlHtuFSeDS0bsV17khvJC.jpg
414428,http://image.tmdb.org/t/p/w500/4PIfDmaQTYPYA07Kurp2JHBXIDE.jpg
546468,http://image.tmdb.org/t/p/w500/lBoK2WIKbxrxiwEY6fZT1mCAFPa.jpg
1109331,http://image.tmdb.org/t/p/w500/4TR2KgLWBvQ0jF42H4HTM0cDYxR.jpg
1108794,http://image.tmdb.org/t/p/w500/xnR5dSaH7FpfHRxKL7rLU3HBzpM.jpg
1107134,http://image.tmdb.org/t/p/w500/wnLcMNIMAxC69JKE0v6LUXaf97g.jpg
1105270,http://image.tmdb.org/t/p/w500/lw2KaCkkiLJuwHGpaQH1DY0KjzP.jpg
1101423,http://image.tmdb.org/t/p/w500/1BAuZF2dLKVMzYzy4M894CfPlCv.jpg
1100639,http://image.tmdb.org/t/p/w500/w68ept5gGYkw4RNyXUsgKjaAwIE.jpg
1098273,http://image.tmdb.org/t/p/w500/qCnxMEh4D4VDEVAd9eJdejUlaTo.jpg
1093762,http://image.tmdb.org/t/p/w500/fmZR18tVKuq8sJvxSCIMxgZcnLt.jpg
150577,http://image.tmdb.org/t/p/w500/nK8tm6fuNMuU8jAs91C6TQWKhVf.jpg
1088776,http://image.tmdb.org/t/p/w500/p6uoedqGVAXAarJ4gRFTvelXEeq.jpg
472521,http://image.tmdb.org/t/p/w500/ioJX8JmxX6CuZSfBobfbsIOBteO.jpg
1087594,http://image.tmdb.org/t/p/w500/gCE7J0xqzBJemqrWOPX16d2NkHK.jpg
1084244,http://image.tmdb.org/t/p/w500/dWIAOC9EKFehGs3CYvDQih3hxaG.jpg
1083560,http://image.tmdb.org/t/p/w500/5qgHMfHeAGD4aCJlpEFm3jPMvVh.jpg
488153,http://image.tmdb.org/t/p/w500/iIHuCFe0vp1dYoXutnFgyADxZPe.jpg
1077953,http://image.tmdb.org/t/p/w500/9BpTAXcen3mhPhN4jDb5Kg26O0h.jpg
1075657,http://image.tmdb.org/t/p/w500/hFGEmhdAp6xQPatHC2HkeJB2Xbk.jpg
1074371,http://image.tmdb.org/t/p/w500/srqqbD8ytUhPpYyZlfYo3wGnzMn.jpg
387404,http://image.tmdb.org/t/p/w500/5AXWsvgkhN0c37MPLGofPJmaYDT.jpg
1069806,http://image.tmdb.org/t/p/w500/wvf8zlVx0OJ6lodimqp9yxtDpoO.jpg
1069669,http://image.tmdb.org/t/p/w500/pr86i4o0MrAaevRzZliSCGdEIfY.jpg
1067413,http://image.tmdb.org/t/p/w500/tRyjJkzL9TxUm1URolxlhcTmLhw.jpg
603501,http://image.tmdb.org/t/p/w500/vl0wv3PA3HObH1Ul9epiRFdmef1.jpg
1064734,http://image.tmdb.org/t/p/w500/8Hk1Vt4fdE03ztwFSdxyihsTOQu.jpg
1058641,http://image.tmdb.org/t/p/w500/jhndyz6S5cdLtWn8yZmiNp5tjG3.jpg
1051308,http://image.tmdb.org/t/p/w500/hd317JmQmrnq6X6SZ0WRi7S1KHJ.jpg
1047097,http://image.tmdb.org/t/p/w500/d6H5gcOSqRijeyXTMExr1hhFzOH.jpg
30338,http://image.tmdb.org/t/p/w500/4gPo6Q4toCwDKOPM3xRylox69zd.jpg
1034404,http://image.tmdb.org/t/p/w500/uW28xwxEQqVGVde5CU1XQ6MmCLJ.jpg
432841,http://image.tmdb.org/t/p/w500/uqUvUsIbTqfUiWwYqbHAvVLDSdd.jpg
1027936,http://image.tmdb.org/t/p/w500/kj3iMvEsiqSZRWIkkQwFFf9DdEG.jpg
1024604,http://image.tmdb.org/t/p/w500/g0TIDHZoVNtMIRYVHPncMxqSlOR.jpg
1020999,http://image.tmdb.org/t/p/w500/pWYNacFYwWm81IxmwzXPHbAmlWB.jpg
1016474,http://image.tmdb.org/t/p/w500/4BApOd0XQhmUaRIIf5eniPIZUWI.jpg
1007757,http://image.tmdb.org/t/p/w500/tHhxWxge06goXU6ZQH1hj7vK8Hd.jpg
1005974,http://image.tmdb.org/t/p/w500/7fUlisSgBV89vjvuqXzcxStjW8B.jpg
681383,http://image.tmdb.org/t/p/w500/4S79q4L78hfBVuv5Wcb28jP6mch.jpg
328668,http://image.tmdb.org/t/p/w500/zsp03o8CiFf0mu811mUHkVmSMdu.jpg
456398,http://image.tmdb.org/t/p/w500/13V7jGk51S4sE2LweXUqv5YRnBN.jpg
998337,http://image.tmdb.org/t/p/w500/xRXRm6dsg0MSRxYRA839xfBoTZh.jpg
995719,http://image.tmdb.org/t/p/w500/ifQSI2NNWAN6f2WfSxo1QIdZuN5.jpg
991531,http://image.tmdb.org/t/p/w500/9Gj9KkOzbDr1LKjibSCDE0cV2nt.jpg
988054,http://image.tmdb.org/t/p/w500/czGDFxOwZ0aLkIaGqIs2lG3ut3V.jpg
384518,http://image.tmdb.org/t/p/w500/gdnILWgWnlJmzY39el6b8GpbfB3.jpg
986149,http://image.tmdb.org/t/p/w500/tWn94MvhlMLtUsKGC84O5UYfich.jpg
261405,http://image.tmdb.org/t/p/w500/itu53QnQvbg2b5o2N5cedd7MS5n.jpg
520121,http://image.tmdb.org/t/p/w500/fVmaYWzPvxXsPF9QDocRoFoXCIn.jpg
976388,http://image.tmdb.org/t/p/w500/3Dfu4N0uT1N6TYuWeI9ZkeASMOF.jpg
433679,http://image.tmdb.org/t/p/w500/pT1sbdWYmovwqC7UzpP0ORzsJWw.jpg
973917,http://image.tmdb.org/t/p/w500/p7oq0pUnoP9d2Ve535k6p0v3WAh.jpg
296881,http://image.tmdb.org/t/p/w500/cfv2EQI9Q6evmsDDondEg3FOmL2.jpg
973030,http://image.tmdb.org/t/p/w500/bpchm2wUiiZ9k7abtPsktx5Nth7.jpg
973037,http://image.tmdb.org/t/p/w500/jbMskHHjzjfF2HO6AlCuyfeRRLD.jpg
972231,http://image.tmdb.org/t/p/w500/6PdLlwa0pVA56M6fsZDMzqxKnCu.jpg
366591,http://image.tmdb.org/t/p/w500/7VAq05xJKmr87dBxoLy8NAQ5YIn.jpg
970986,http://image.tmdb.org/t/p/w500/no8o1qPsnz8zhtl5uqcuw1Al2x7.jpg
327292,http://image.tmdb.org/t/p/w500/pAC9Licnzk2JGZmSX6j7Tv2i27z.jpg
466414,http://image.tmdb.org/t/p/w500/qvqMSsYYxe0zI7OKTlITOIFP5p8.jpg
962817,http://image.tmdb.org/t/p/w500/rtiLzhb8luV9iilYoc4niDtPUPb.jpg
962086,http://image.tmdb.org/t/p/w500/sX5hTR7VZrmpkop5VSRW4fKlitb.jpg
961714,http://image.tmdb.org/t/p/w500/lcrqAtxx2g9LwkykbrkJf3kfAw5.jpg
960924,http://image.tmdb.org/t/p/w500/wO3Z5gXpdDhLDCQ4IrQTZEGidgG.jpg
960968,http://image.tmdb.org/t/p/w500/8IJxABBrA4y0QAgWO2jez6NBtbD.jpg
957838,http://image.tmdb.org/t/p/w500/arTxhqrL5gbIdZh4My7PZceTdpq.jpg
950903,http://image.tmdb.org/t/p/w500/3z7GKASRukJ5yBxVflIQDABQ37T.jpg
951307,http://image.tmdb.org/t/p/w500/4uQ6DMvo25tlVjq0Kj18IomxjjG.jpg
950765,http://image.tmdb.org/t/p/w500/v3TSphoNtDjs1mLPBcAvmViEG8X.jpg
949796,http://image.tmdb.org/t/p/w500/yTLq6rec7iYZrMEJ1SwVKL9g91R.jpg
946967,http://image.tmdb.org/t/p/w500/v8WpFEKzS3o3Z3dk4493gtAHSh9.jpg
946176,http://image.tmdb.org/t/p/w500/r9UNX7YKAA1oEYpP3Z0IcgtI1NH.jpg
576613,http://image.tmdb.org/t/p/w500/g3Bv2MyBloFkJotYh9qZ5zKGSIz.jpg
945322,http://image.tmdb.org/t/p/w500/lFjoECg1hcsSxxfVS67y5njysWU.jpg
945394,http://image.tmdb.org/t/p/w500/6VSDBUsckXFSUPGOdyLY21UJZJC.jpg
943755,http://image.tmdb.org/t/p/w500/kotAxotknI2T53JqJFt1O8DIrKH.jpg
943785,http://image.tmdb.org/t/p/w500/ulBMnEylmQ8Nu0ZkMNHFdgrE2c7.jpg
943753,http://image.tmdb.org/t/p/w500/l06CcRUSFiwQYdkBYNTROG5oSZH.jpg
943831,http://image.tmdb.org/t/p/w500/4t5X4JxiazwTfMb99d1DlErZMEu.jpg
943781,http://image.tmdb.org/t/p/w500/nkWwDUFqDaJsRvdNM5adhR1g5UZ.jpg
943832,http://image.tmdb.org/t/p/w500/q0wiOc1s68DyS3s5SOhVFOrjm92.jpg
943541,http://image.tmdb.org/t/p/w500/lbU8ZapWZEjyFy2S68i8temIPcJ.jpg
943787,http://image.tmdb.org/t/p/w500/eSj9PnNXB7fTycBBqX8Um4ZOfA1.jpg
943561,http://image.tmdb.org/t/p/w500/hYHW10kiAZAXLVGz80QqIk72aLp.jpg
943817,http://image.tmdb.org/t/p/w500/6N8QtZXXHQKrqDh0QrBYzmJKlvR.jpg
943804,http://image.tmdb.org/t/p/w500/esbsasJCTwsXDoH1H9TUFat38gu.jpg
943532,http://image.tmdb.org/t/p/w500/fHg3Kr2vBwY8vJdx2ynDzJXqqmf.jpg
943521,http://image.tmdb.org/t/p/w500/lneeZTvYcTYSD8TWTSekZ4Brlz0.jpg
943494,http://image.tmdb.org/t/p/w500/oPSKVYfFyfZguuM6GOXzPKK6sJ4.jpg
943510,http://image.tmdb.org/t/p/w500/n9eDwzuuAkly2lpc8iyvBdsv8Pe.jpg
942179,http://image.tmdb.org/t/p/w500/kLSNJyFHNpcy6rpCLggeh4REu68.jpg
942020,http://image.tmdb.org/t/p/w500/9QCwznMK0AaqECXXNkQypPtCXB7.jpg
472370,http://image.tmdb.org/t/p/w500/nAJmOAlbSIJGnrd79vAAHFPctry.jpg
617578,http://image.tmdb.org/t/p/w500/8zGCk6gCnBjBSQ1XFvoD5aDH3ME.jpg
380109,http://image.tmdb.org/t/p/w500/hgupCnQ3vyPkmvjP03mbhha9TzC.jpg
472371,http://image.tmdb.org/t/p/w500/bCO6qPir95sxgCVkyl7qsRanJna.jpg
545018,http://image.tmdb.org/t/p/w500/4FYsOwNjZGv62g2mtpxEhErZcOY.jpg
456315,http://image.tmdb.org/t/p/w500/ZmjJoN4xvRQnbOLG98zcy4CgE3.jpg
472384,http://image.tmdb.org/t/p/w500/eoJeWItKlWOoIDOY6msPM7bxpsN.jpg
631102,http://image.tmdb.org/t/p/w500/fjl5D9rzkJ1ZCJ1Q2kXjoiy5PrC.jpg
488042,http://image.tmdb.org/t/p/w500/oLZpAVCdk8nbNN0Rv1csk7nFZ3B.jpg
939974,http://image.tmdb.org/t/p/w500/loEnNFFuxGueHJUuJ2nYmdNpoJW.jpg
938409,http://image.tmdb.org/t/p/w500/5qm8WFuvrjyIsX0xV1q6fYas165.jpg
938010,http://image.tmdb.org/t/p/w500/iN4DeTBwnJ6GDlZW2HJr35b0d95.jpg
346955,http://image.tmdb.org/t/p/w500/33SWMCBOrf9OdtS3lRGsISXwS9P.jpg
937209,http://image.tmdb.org/t/p/w500/n8T3Q0B2obbaIgioZkqqatLLLcY.jpg
936814,http://image.tmdb.org/t/p/w500/lKTfgHolJU6PXSzwUOZ4rPOR55z.jpg
937073,http://image.tmdb.org/t/p/w500/z3y6ZLifsSncsb51iBlSyRRTSoV.jpg
936521,http://image.tmdb.org/t/p/w500/pv8kZiMvO6Du5TwqIcObZsP1XWx.jpg
936477,http://image.tmdb.org/t/p/w500/qSXqZHCNhwuLubqQLS0tqmA5lsX.jpg
936395,http://image.tmdb.org/t/p/w500/1UxpaPlwTHv8f0C6ZcDogQincRY.jpg
936493,http://image.tmdb.org/t/p/w500/doKy46nFkhKeD5lHs4YqnQiRHrN.jpg
936116,http://image.tmdb.org/t/p/w500/lBAJ3u5tD3sxPkx7OQzh2SdGbei.jpg
935765,http://image.tmdb.org/t/p/w500/dX22OfOhFJvYBimeTYJtxNN3tlh.jpg
935773,http://image.tmdb.org/t/p/w500/ecHW0DafSa8kr4v23kkjgky86xd.jpg
935090,http://image.tmdb.org/t/p/w500/kCrtsqV7icZVrMb8SxFIpwhPlz2.jpg
935309,http://image.tmdb.org/t/p/w500/ieC1EHnflYoF7nFnCW7FCRVmNcL.jpg
515211,http://image.tmdb.org/t/p/w500/sRysItseDmii06lN34YGJdDaEFN.jpg
934139,http://image.tmdb.org/t/p/w500/5ikLITRZQxY8oqRMPajW6Dy9YCo.jpg
934152,http://image.tmdb.org/t/p/w500/yawze3IppBUsboIn28gj3QqZldI.jpg
933737,http://image.tmdb.org/t/p/w500/bxeoUvLlbaSVX7eLDAZPDpV6r5r.jpg
933532,http://image.tmdb.org/t/p/w500/tXmGVpEPEipel0KKtgfj4pqxTeS.jpg
933523,http://image.tmdb.org/t/p/w500/zOkR66P0IBG6nB11pqhfRQIFP3M.jpg
932852,http://image.tmdb.org/t/p/w500/sgyORvKXEgoCcXBSVwzpLz4fuOs.jpg
931786,http://image.tmdb.org/t/p/w500/stqGB8py30EFyNMiB4gnpTlR1wd.jpg
930998,http://image.tmdb.org/t/p/w500/pX7RMadb76LQLQwavmlWxsgKGZS.jpg
931028,http://image.tmdb.org/t/p/w500/mkLPUNLtMUiMh79kwW1QAe7BXuv.jpg
339000,http://image.tmdb.org/t/p/w500/bN8Or7naPMKKfsoF6FbI0FI7gNi.jpg
930717,http://image.tmdb.org/t/p/w500/nNdQAgbd7Pb6wggskdAM7uAXZv1.jpg
930383,http://image.tmdb.org/t/p/w500/tIlVJwrMzAbDzuueDLp2e6LuOfF.jpg
930324,http://image.tmdb.org/t/p/w500/ysKYJ6Rg7iCeNkHNZ5EKixHDaov.jpg
930011,http://image.tmdb.org/t/p/w500/nmosoSLqXm3SLFUZy1gg5AVlb7F.jpg
929702,http://image.tmdb.org/t/p/w500/cg7Ow39Fw36sK35IydwntScvkNz.jpg
929856,http://image.tmdb.org/t/p/w500/6TYw7Puc9BE5Qg3IEqFJUuaiHXE.jpg
930204,http://image.tmdb.org/t/p/w500/zC1JRWOXEjh4UbmPks1IPuEuJID.jpg
929684,http://image.tmdb.org/t/p/w500/1JgQEvH2kmhylEPE3PUAHzdBvtf.jpg
929347,http://image.tmdb.org/t/p/w500/migBScUJG1Yar0YzaM5VC0gL3z6.jpg
929341,http://image.tmdb.org/t/p/w500/yUk0FI7GEwxOvodLvxIShy64oyC.jpg
928923,http://image.tmdb.org/t/p/w500/1QjoZl9YuGlcWmYBFsOPy6GsBHw.jpg
928635,http://image.tmdb.org/t/p/w500/zEJmbDijFtM6mmHL8xIgewzYjDp.jpg
928280,http://image.tmdb.org/t/p/w500/u79FtdnXbNDFO6E30gaAVO1bufA.jpg
924941,http://image.tmdb.org/t/p/w500/vcLlnWdHxsJpwn5EfUkYWeZ1J2U.jpg
342669,http://image.tmdb.org/t/p/w500/xbufXTkyMXyJnxNJistkMmb56ot.jpg
680770,http://image.tmdb.org/t/p/w500/jLox5c77lT07Izve72UusCN22yR.jpg
331428,http://image.tmdb.org/t/p/w500/1taAvBiBS3V9LNXeHLGANZXh7jW.jpg
920231,http://image.tmdb.org/t/p/w500/i88dtcAB3wwLmDEiy7AHULw6idB.jpg
919341,http://image.tmdb.org/t/p/w500/5omRAtiXqkCmq59kpDvB9IQTKMR.jpg
919334,http://image.tmdb.org/t/p/w500/7RWp1QWOW12bE04n28qEITsrYva.jpg
919337,http://image.tmdb.org/t/p/w500/QolMUJeMW4jOEOcdCCDfh6q8UM.jpg
919342,http://image.tmdb.org/t/p/w500/zjoZyWIj0RAGkCn9AiC99qsObTQ.jpg
919101,http://image.tmdb.org/t/p/w500/oe5rrJyp6smdfz0klcVL8VxBvTe.jpg
919102,http://image.tmdb.org/t/p/w500/uDMIEzuBcOXbFnDzNfI76YVvYwm.jpg
917696,http://image.tmdb.org/t/p/w500/tSFEqRuHI3YzsBZHdDg0DnUjxsA.jpg
403937,http://image.tmdb.org/t/p/w500/6qVVJvc9Vkk5Xd0nxWRpRne2yTP.jpg
915676,http://image.tmdb.org/t/p/w500/46y1d8dwexPwg9BBv7ECoFpSW6b.jpg
915193,http://image.tmdb.org/t/p/w500/vkdxYDil0RjJnBk88PWqwrKE5CU.jpg
914233,http://image.tmdb.org/t/p/w500/uFGalPBR9s4rNW718BmApu8xETl.jpg
914067,http://image.tmdb.org/t/p/w500/ife54pOV9vYDETJUaVQXKaKaIZ8.jpg
911916,http://image.tmdb.org/t/p/w500/4goL6NMtUXYUDjI9N8CUBk9SrEt.jpg
912949,http://image.tmdb.org/t/p/w500/ywzgiDMbp6KHZv5rbk9ZCEFkrgH.jpg
913015,http://image.tmdb.org/t/p/w500/kMMN5Nd8ShUt2L7Kxr4WmZbsCKL.jpg
912955,http://image.tmdb.org/t/p/w500/pbXinuGQz7WKrjRHUqnv0CQNeMG.jpg
638984,http://image.tmdb.org/t/p/w500/cGSlzAUtqE2RAOlEqCVmFM1jlBa.jpg
912291,http://image.tmdb.org/t/p/w500/whEISw0U6EavHwgZBLIzhtOTz9O.jpg
911480,http://image.tmdb.org/t/p/w500/1BGU0ZxQlMYd6YyvARHZDQu5hRi.jpg
911490,http://image.tmdb.org/t/p/w500/ePnoQEvXK0Yx3QmUHtQl7cIQBEL.jpg
910862,http://image.tmdb.org/t/p/w500/3TCffhKtzxtrLfrxKhpS4PLDVvg.jpg
910641,http://image.tmdb.org/t/p/w500/yKenU7cICxOswsvNGB37R6YDN42.jpg
909951,http://image.tmdb.org/t/p/w500/aVBrcVvyJij2D7yQFmfnhwpE4sV.jpg
908388,http://image.tmdb.org/t/p/w500/jVkI6y4ZTVoZ3DkjWTvXDc9BaEn.jpg
906405,http://image.tmdb.org/t/p/w500/cdr1b53pGjxiHE0VEQnrNhWmuCk.jpg
906408,http://image.tmdb.org/t/p/w500/9ZFm0p0rQ6uckZZZkK9uxEvwMU9.jpg
488316,http://image.tmdb.org/t/p/w500/b69PzQek0smuZ6dcPjnRIYGI2qy.jpg
900378,http://image.tmdb.org/t/p/w500/yTygZ043Sm08TsiAZRsKVvkefjU.jpg
897319,http://image.tmdb.org/t/p/w500/vKIXxFV1xM0903ScffjD480RdqL.jpg
898456,http://image.tmdb.org/t/p/w500/4SMUqRQRunxWBglVYsIOFXmD7LH.jpg
325786,http://image.tmdb.org/t/p/w500/gPYi6k4Ubz7fpqrYZ7fWK8EWr12.jpg
650296,http://image.tmdb.org/t/p/w500/1CveS5wKImRdlwvDA6u7Il9QCWo.jpg
894973,http://image.tmdb.org/t/p/w500/xWzl6oBJYfFcAxzI8u8MTvGWatw.jpg
894339,http://image.tmdb.org/t/p/w500/6u2qfbNRLmSf9I2jmPCFkFROYXv.jpg
893910,http://image.tmdb.org/t/p/w500/k0YDCjs1g5w02L1p7tBwyTCn16k.jpg
374407,http://image.tmdb.org/t/p/w500/zzET3LhrPFaaY5Zd6vKWJkJL2Gp.jpg
891274,http://image.tmdb.org/t/p/w500/4EgbRVWOmK2DskpgCALj8JZViZt.jpg
890671,http://image.tmdb.org/t/p/w500/93f2DOu5jcjVBW0lUa9EFeI3e9M.jpg
889325,http://image.tmdb.org/t/p/w500/xA5eNTTaC2Eth1js7vM3TrEUFJR.jpg
888567,http://image.tmdb.org/t/p/w500/lTxDkEkK4T8b9Y2mSTpGFpi36FD.jpg
887460,http://image.tmdb.org/t/p/w500/gxUECRM8GLOo9JLyV5xsb5vDa5R.jpg
886998,http://image.tmdb.org/t/p/w500/iapPLIeA7gh9TipGhfcNu2wJoLC.jpg
887122,http://image.tmdb.org/t/p/w500/6TaQZPVxXNdmyjOkFoD49iGAUIe.jpg
425938,http://image.tmdb.org/t/p/w500/zsPufeWUiVGkGloxLxX34mTval.jpg
882816,http://image.tmdb.org/t/p/w500/xDZZANQ75a6sNDwNC5kuR4KbJQG.jpg
634223,http://image.tmdb.org/t/p/w500/w6i9hcU6vNSpaW4LTfcW0ER6W5w.jpg
578080,http://image.tmdb.org/t/p/w500/55itiZ0xIdS1O4hArNqjzsEPz58.jpg
875150,http://image.tmdb.org/t/p/w500/5DCUeD3QolWgZY1wdnbXk3QbyrS.jpg
874104,http://image.tmdb.org/t/p/w500/49Tbnvhw3wFdXPwh4K6t6UOHkpi.jpg
873775,http://image.tmdb.org/t/p/w500/rRHOCtENcPRP4jZzkdzFZuQdsLg.jpg
873008,http://image.tmdb.org/t/p/w500/hxKwSmua1cGabT3BvCqZSCYSeQl.jpg
453967,http://image.tmdb.org/t/p/w500/ocQ4tbZxZiMLGjAaoWYry29M5Ig.jpg
453441,http://image.tmdb.org/t/p/w500/bRHvhMSOne4MH5mKokUdCHmemJj.jpg
872559,http://image.tmdb.org/t/p/w500/7avpX0ZAjNWq4o9i3FVWGh9vsgn.jpg
872064,http://image.tmdb.org/t/p/w500/dryxv1oDsOYdzkeg4ghYAdz61Az.jpg
346175,http://image.tmdb.org/t/p/w500/yRXq4cVnTVudF31kYhRvaWyRRKC.jpg
512347,http://image.tmdb.org/t/p/w500/63AfkVjKFeovKwPkplwFuW24lT1.jpg
868601,http://image.tmdb.org/t/p/w500/wsTTyWHHcpQFUOjq0eckcAdMK1e.jpg
866317,http://image.tmdb.org/t/p/w500/urhEVoUvSzljBdjSfqeLsBdAJBS.jpg
77134,http://image.tmdb.org/t/p/w500/gicZjbfscfF5iqquSaK6ECRUKRH.jpg
864923,http://image.tmdb.org/t/p/w500/6M66WLGI99bsn2pIN7JNS7YBG7O.jpg
864338,http://image.tmdb.org/t/p/w500/smxYAobZgOld8a5KRzcJRo4UJF0.jpg
857536,http://image.tmdb.org/t/p/w500/dQUFN8FvTjCiCli0YgPkloSZSih.jpg
854481,http://image.tmdb.org/t/p/w500/bK06UHmfkpefPbmy9KM3zcZMyNv.jpg
854393,http://image.tmdb.org/t/p/w500/8lEenErhy8YuO3xaaIbQc8EF9ws.jpg
640394,http://image.tmdb.org/t/p/w500/rpmn0Im8rS9MSjgJL9pge1eXyWB.jpg
635766,http://image.tmdb.org/t/p/w500/xJzTIHPRDU10VmeHX7IfOFIg0sI.jpg
345055,http://image.tmdb.org/t/p/w500/lMl58iRugZ1naqBMOMSLnUZCJNW.jpg
843762,http://image.tmdb.org/t/p/w500/xsWEHhsLTuSYXSot18JqcFjApEd.jpg
843743,http://image.tmdb.org/t/p/w500/bRxEq55bXVNWZoFwaxFUryDZMpU.jpg
843752,http://image.tmdb.org/t/p/w500/3gNhJglydRs0DvTOM1E4jS1TaZ6.jpg
843682,http://image.tmdb.org/t/p/w500/hdiKivQqPRC1NtTCoV0jgCcnlrt.jpg
843745,http://image.tmdb.org/t/p/w500/x6vkc69GmUnCrkr1Y1uk1Cq8jaT.jpg
411948,http://image.tmdb.org/t/p/w500/wwGvUPEM6MRiXv3gRNaVUlUCHiT.jpg
843120,http://image.tmdb.org/t/p/w500/tJ8TCEogwnsuWQHvo1DVeC6R9w9.jpg
843339,http://image.tmdb.org/t/p/w500/2G4wCXBqRohfqIVkuKtDMT957f9.jpg
842713,http://image.tmdb.org/t/p/w500/5qt7MmdcqGZWoHLkwJaIh7ow3Gt.jpg
842664,http://image.tmdb.org/t/p/w500/mPUwGCV9prLOCSOYnyIFnfD1J3H.jpg
842687,http://image.tmdb.org/t/p/w500/bf6h1HnbWI7h9GYe4CIPGj5OPei.jpg
842704,http://image.tmdb.org/t/p/w500/wiuDU0RwQegqNlmyjDQcSBA1Qeg.jpg
218775,http://image.tmdb.org/t/p/w500/oIRs7uriSv1KvyXWhzJZnv0dyT6.jpg
832908,http://image.tmdb.org/t/p/w500/xauCvmlfSJVUEE5K4JDCBNzNmbF.jpg
831080,http://image.tmdb.org/t/p/w500/mvKV4no7d0V9y8oSTT5lQVqT0j2.jpg
829406,http://image.tmdb.org/t/p/w500/7VvNRf4gJlm2bAjTm6gIBkS1SQO.jpg
829404,http://image.tmdb.org/t/p/w500/oJz1AEG3WW1QR1PC75IV14yr7n1.jpg
828654,http://image.tmdb.org/t/p/w500/gQmpaYWSsT5hEpS8EMQtv0PQAE8.jpg
828704,http://image.tmdb.org/t/p/w500/7pHNHA0cafKbQaTJlrfwCZpvbOB.jpg
314601,http://image.tmdb.org/t/p/w500/nhju4r8OkEJBEytOvg7BFBWahvE.jpg
569467,http://image.tmdb.org/t/p/w500/oXzKfa3vB6zmrylD8ZX8etItMF0.jpg
371903,http://image.tmdb.org/t/p/w500/9EGJpIW1FJMYZarMdkhf5QZKZKX.jpg
346946,http://image.tmdb.org/t/p/w500/f6JPdHJj6p5iBNVgrK7EfmIuYHb.jpg
824926,http://image.tmdb.org/t/p/w500/9yHUc12aPrJj11Bg8JxdI4s0cn1.jpg
824819,http://image.tmdb.org/t/p/w500/1cNkeMSwMRdhEIEOZz6nbwilPax.jpg
331255,http://image.tmdb.org/t/p/w500/tRSUxtm7eM4QfzAGC49orEMPqpx.jpg
560396,http://image.tmdb.org/t/p/w500/2JvR2uBHYRWrc0VVXXngGUMjC0l.jpg
610737,http://image.tmdb.org/t/p/w500/hrq5l6ob98gDRSWLxzim3TVbSP9.jpg
68423,http://image.tmdb.org/t/p/w500/hBEawZlWYYLsMIncfHOugfhBf7h.jpg
820965,http://image.tmdb.org/t/p/w500/teCefaMil53m8O0cEBinBam86Nj.jpg
821094,http://image.tmdb.org/t/p/w500/7Bd5KcWRXCv8Et5YOybCFJDGXV4.jpg
474139,http://image.tmdb.org/t/p/w500/b0BKVqQ25YenrJQkwGiscrmFQah.jpg
568430,http://image.tmdb.org/t/p/w500/k8uQDG5xZX6pD91R1BpbAepd361.jpg
562443,http://image.tmdb.org/t/p/w500/hTjQd0E7Y1nsHlmVojlWMU1FvDq.jpg
570924,http://image.tmdb.org/t/p/w500/bOII2DkggVOi0e0xVfQdZRwrgBu.jpg
496503,http://image.tmdb.org/t/p/w500/wnEb0vv5cd9acZueNMdwGBoaHoX.jpg
466419,http://image.tmdb.org/t/p/w500/dRpV3jvdYrwP31SmIgo3FFpPZ1R.jpg
814795,http://image.tmdb.org/t/p/w500/yEh3C00qhrGJyIJiVtgBRZ3AqhJ.jpg
813341,http://image.tmdb.org/t/p/w500/xjwYOuks3rVP5ie7JNDCjaY4M17.jpg
812146,http://image.tmdb.org/t/p/w500/hiqTP293Hbb0M5VTsR2GfdrxHdN.jpg
369002,http://image.tmdb.org/t/p/w500/vMwZh79i8KdQZC9ZV9zgG8lsSiI.jpg
500889,http://image.tmdb.org/t/p/w500/r2yuA7PXttUKOgBqkvfSH8bVAuT.jpg
510494,http://image.tmdb.org/t/p/w500/wwv3XEn4dzSshXPbZdA73Ysd1fz.jpg
807383,http://image.tmdb.org/t/p/w500/mX4tt7VIXA9uQumoeQpI4gNTqAH.jpg
206918,http://image.tmdb.org/t/p/w500/3lL0u7yO2qS9xiRpTz48X7CBnPH.jpg
617512,http://image.tmdb.org/t/p/w500/aSrWGh7LpKAexX5mWMsLufWRPr8.jpg
805828,http://image.tmdb.org/t/p/w500/xwEgufafWL1VezWXjiztTPaym00.jpg
206919,http://image.tmdb.org/t/p/w500/7CEU9mHG3BItuWISwAhTOWnG6J3.jpg
206914,http://image.tmdb.org/t/p/w500/fgxPZ8f6JGp98Visf6KOTd1sPNw.jpg
206917,http://image.tmdb.org/t/p/w500/aFaNggq4YihuAAdXtUmoarTcHuK.jpg
802950,http://image.tmdb.org/t/p/w500/bV5e7YdC6x0t9Tz8y3GmA6zQf9s.jpg
434352,http://image.tmdb.org/t/p/w500/vigObwSXmpRFChzcQaYjadmfKXq.jpg
457217,http://image.tmdb.org/t/p/w500/kUaAJWC8VuvBD6MgMIFKqXWlw8L.jpg
800489,http://image.tmdb.org/t/p/w500/3D8jOfWT5fq0LCnBJhmrCFCm9g1.jpg
800344,http://image.tmdb.org/t/p/w500/7gva3n6KY48LFZWBKJvvv1WEMXo.jpg
800084,http://image.tmdb.org/t/p/w500/d2SjJw0lwcWFNbyLPAxjmQS2vZM.jpg
589282,http://image.tmdb.org/t/p/w500/e9Jo6Ya52mFr6mEAt3oledUBxL7.jpg
621926,http://image.tmdb.org/t/p/w500/pCnRHD8ecZEZbLIwOwhWa4XB53J.jpg
270752,http://image.tmdb.org/t/p/w500/k6DctJ4Ga0YTObPjhHDBQ5BurMe.jpg
252302,http://image.tmdb.org/t/p/w500/7KSGaawZ07nf26oYf4iDOWL9RsV.jpg
229132,http://image.tmdb.org/t/p/w500/gW2RMattALPpOBWw5WSPZqNZ3TW.jpg
197747,http://image.tmdb.org/t/p/w500/4dm5Z2upTFCVQAPKNLtiNK32co.jpg
658846,http://image.tmdb.org/t/p/w500/yfpjB9VujQt1RLc6XbVntaNAjMd.jpg
165226,http://image.tmdb.org/t/p/w500/uH1ejFHmGzMyr1pAR7ogQqWJ121.jpg
132950,http://image.tmdb.org/t/p/w500/exsIKIxh4LFywZo4TeT9uFOEtP.jpg
93500,http://image.tmdb.org/t/p/w500/lykgo2kV6DY3k4TFy1EMBLcyTz2.jpg
68373,http://image.tmdb.org/t/p/w500/pp4lrIFnJ8g3bgyUOpOZrwf7kbo.jpg
63496,http://image.tmdb.org/t/p/w500/dVwlkPWu8wuR6N7VcVdcwCNolrx.jpg
796272,http://image.tmdb.org/t/p/w500/k2VB9eP5XdEqqMbkaKW8Q0x5mUr.jpg
796039,http://image.tmdb.org/t/p/w500/dYk08R0bAY8v1QhePp3bwSbUpLp.jpg
462901,http://image.tmdb.org/t/p/w500/wrQyT5HrSOVnUgWRJtI1QlsE63w.jpg
794685,http://image.tmdb.org/t/p/w500/d5QvXiXbY8DZYMAHsQtr2KeJnA8.jpg
613211,http://image.tmdb.org/t/p/w500/rJjUuCsQ3spUfQMifSS0HwgSHwY.jpg
201773,http://image.tmdb.org/t/p/w500/fM3vPW6injtWW6htPaL0tFSThvO.jpg
84963,http://image.tmdb.org/t/p/w500/fM3vPW6injtWW6htPaL0tFSThvO.jpg
568701,http://image.tmdb.org/t/p/w500/uSEIAOoo23Eycm2ffnJFHk7IBu7.jpg
46575,http://image.tmdb.org/t/p/w500/6nS10SRYBiZzFJ0UsWQrFEtNPUm.jpg
431296,http://image.tmdb.org/t/p/w500/zKyA3kPh3MZcvjakTnoj8uFACQ3.jpg
461711,http://image.tmdb.org/t/p/w500/xXo5ukh1s3K9vLHNNEjekwA1JaC.jpg
488164,http://image.tmdb.org/t/p/w500/6Bvf6c4hmnk4chrfEY60ho1rjgA.jpg
425694,http://image.tmdb.org/t/p/w500/u0OO0xBC8GfFY7mhFrbCLXVOYhL.jpg
210832,http://image.tmdb.org/t/p/w500/fvVRaHJhwm35uA03Y08FWa9Gk0U.jpg
791381,http://image.tmdb.org/t/p/w500/rS45N3AQ9hFIDpwmgjea64pc2JX.jpg
658845,http://image.tmdb.org/t/p/w500/wHM2HxLzmg8f1LXXoOAe1bPeYR6.jpg
790083,http://image.tmdb.org/t/p/w500/3xdlGcpocrhc0491hoPC9ioYOhH.jpg
790115,http://image.tmdb.org/t/p/w500/1PB2XvevjBI5Fy8cDi1OjgXt2Pi.jpg
789928,http://image.tmdb.org/t/p/w500/lZOclm6TZ9Hakq4cMpPMMy1eG7o.jpg
97132,http://image.tmdb.org/t/p/w500/fx5WGEME8zbzbfM046gicwICHEy.jpg
786604,http://image.tmdb.org/t/p/w500/alub8tBpDqKpGaz4YVdo3nXn6uE.jpg
426134,http://image.tmdb.org/t/p/w500/6EeGtHVqIjNSJy9gyJJTtVyA93h.jpg
291046,http://image.tmdb.org/t/p/w500/3a6CUacwEvfMxBM5BmI5wZkYaBk.jpg
289311,http://image.tmdb.org/t/p/w500/rSUNfp8SzdAwV2Fx2OKyQDDwrnR.jpg
160006,http://image.tmdb.org/t/p/w500/tVAsXAVeRh8Jzd0aEdT7JKcdmRS.jpg
785698,http://image.tmdb.org/t/p/w500/nNI1uYN4DApdaOUTuSmoqFhkiX7.jpg
58186,http://image.tmdb.org/t/p/w500/y74xY7mpqKPCKcuhdJLuyiuyLm.jpg
505923,http://image.tmdb.org/t/p/w500/mPsfJZIivPa47aGLws3hLpzy1X9.jpg
631312,http://image.tmdb.org/t/p/w500/lwN3o35WL0Aq6O9RjQIWEm1sM65.jpg
372415,http://image.tmdb.org/t/p/w500/56r5QUVKK4h5KNt6hsWPtNgdqNi.jpg
207448,http://image.tmdb.org/t/p/w500/nBKGjlklED3MDVkFJ2j1NqWcHil.jpg
589209,http://image.tmdb.org/t/p/w500/vwoGuQuMaukmLLLE5Kna5D6ob3o.jpg
546776,http://image.tmdb.org/t/p/w500/u01RJNu1bgjWVenWyyX47UkUCQK.jpg
593341,http://image.tmdb.org/t/p/w500/svqRqFcyWY9AM4JRMpSwe4sIn8p.jpg
98365,http://image.tmdb.org/t/p/w500/55AhKKDYIMeQR3y7J1zAyiOH76q.jpg
606041,http://image.tmdb.org/t/p/w500/q4GaV4mPSid3EL09TEHsGcaKC9D.jpg
769870,http://image.tmdb.org/t/p/w500/5D8TATp5WocYgCo3SVUSmJyihVr.jpg
559189,http://image.tmdb.org/t/p/w500/arsRsXt09Z3xMeTUznHSjwGnU8w.jpg
558847,http://image.tmdb.org/t/p/w500/rEg2woQUfMrelYxUFv3nJvgSdMD.jpg
768974,http://image.tmdb.org/t/p/w500/kve09vJe26loieERvIgnxCOhks0.jpg
456321,http://image.tmdb.org/t/p/w500/sdzATHkk6FKvNrtKqDIqoJWRVyi.jpg
766947,http://image.tmdb.org/t/p/w500/pK1PIlRO0KEwq2a6oeKoYdoMQCx.jpg
766041,http://image.tmdb.org/t/p/w500/jliDggo0bvaGvKH2EV3EtVNPNS3.jpg
764650,http://image.tmdb.org/t/p/w500/oIT9HclKFpsrvt7Po52t0xb7ydR.jpg
764827,http://image.tmdb.org/t/p/w500/57R6mhzUKBB5R91jkgPcfFReJbn.jpg
763545,http://image.tmdb.org/t/p/w500/tgekcx76vPLu2YGVqyrzyVpvYED.jpg
617572,http://image.tmdb.org/t/p/w500/hhxUkdrYimwVmjSzHTTyglBquI3.jpg
391418,http://image.tmdb.org/t/p/w500/dJehd1N3xXjvDeHvQwjBJemm97x.jpg
760775,http://image.tmdb.org/t/p/w500/hx0FDP0jLREyBeLdKkeANJzzUKl.jpg
361489,http://image.tmdb.org/t/p/w500/dMa7tVRD1fERNB0r95W7aiMUEF5.jpg
447835,http://image.tmdb.org/t/p/w500/oA65H5B7RhRweO0On1N3C2RqvNc.jpg
659172,http://image.tmdb.org/t/p/w500/gqP6CQRIugbs1Fr3x887CjZkm0z.jpg
238116,http://image.tmdb.org/t/p/w500/sG1z3SXmIPDfRvLdW7b5W5Yzxtr.jpg
757102,http://image.tmdb.org/t/p/w500/9Z9zClt0Bsx2Ayhiz2CzpIxUsDV.jpg
756806,http://image.tmdb.org/t/p/w500/ozJA81S5r2ynrHwlzSBh4aMgeZA.jpg
121025,http://image.tmdb.org/t/p/w500/fVM6AzYC1RxfMoibDxyucAVNxal.jpg
476294,http://image.tmdb.org/t/p/w500/h3CUPemvU0ppcmsoEXtXOSSrfbZ.jpg
458124,http://image.tmdb.org/t/p/w500/mFTg7mF9QLfXtMhwtfhKf2UR1p9.jpg
428846,http://image.tmdb.org/t/p/w500/bR87JuJ3M7AsqtTz4An8J4e0Rnj.jpg
62604,http://image.tmdb.org/t/p/w500/memxxJcMeKY4m1sL7Q57qmmYYoe.jpg
443683,http://image.tmdb.org/t/p/w500/fSaPCLGAFPRfdWXVcNYh0UhQTZm.jpg
62603,http://image.tmdb.org/t/p/w500/7ME9JnInwaOe9rxLaJQiwfitJNg.jpg
748865,http://image.tmdb.org/t/p/w500/rf0EFUEN4hV41FjaQsbaB274A3g.jpg
748331,http://image.tmdb.org/t/p/w500/kqKUIE8r5mcK7beaSCjQHtTa6GX.jpg
550418,http://image.tmdb.org/t/p/w500/vEt2QaRTRrEueZPJGQysHQv1w7W.jpg
592876,http://image.tmdb.org/t/p/w500/uILQNCuOMBnFFoLLwqKvdEVolBg.jpg
523291,http://image.tmdb.org/t/p/w500/woiKwLqhe4JekSxkNYWkfj88Zqb.jpg
702424,http://image.tmdb.org/t/p/w500/zNx6EnSexHp4WYY9x39yFPhN9TX.jpg
399445,http://image.tmdb.org/t/p/w500/tS6ovqZWuM4mmX67Aj12gEqCC0O.jpg
666875,http://image.tmdb.org/t/p/w500/rbxzOoAWI4WYSpoBFCuJFz3El95.jpg
700450,http://image.tmdb.org/t/p/w500/sN23KVd6r7XA0wQXgOY9HJA2x7b.jpg
698879,http://image.tmdb.org/t/p/w500/fvilM1sr5qfSCUWKiBRQATrbZln.jpg
697983,http://image.tmdb.org/t/p/w500/6e5TQYx0aSy6GVk3EmaTEDGGqxG.jpg
257949,http://image.tmdb.org/t/p/w500/alLH4zgcjGnmNij7d8xNBaGui9.jpg
123805,http://image.tmdb.org/t/p/w500/wfwysnXTjvU0T7w6Iajpe2Jupze.jpg
67785,http://image.tmdb.org/t/p/w500/soeqIfhHnynVAlsAo6qbwS3V2PX.jpg
694808,http://image.tmdb.org/t/p/w500/rUGdTPBAA5J9rq53XTcsrcJ7Ufx.jpg
298011,http://image.tmdb.org/t/p/w500/osRSUIc9G6YmFZnOfBiiYoOd85s.jpg
151316,http://image.tmdb.org/t/p/w500/nndNC9xi7b0i2ZKWODpraOfFf5c.jpg
251375,http://image.tmdb.org/t/p/w500/5K88Osdv6wWHOzZt3RYUVG0p2if.jpg
275128,http://image.tmdb.org/t/p/w500/A0WdjneR9drhzavfOBrTLZBRgW7.jpg
549245,http://image.tmdb.org/t/p/w500/2mmJxdbXuuNriS0YGRGooNi9Zc2.jpg
52834,http://image.tmdb.org/t/p/w500/2ec7dFcmhoHlllfATDiCMKHUQTs.jpg
694266,http://image.tmdb.org/t/p/w500/97U9ZTFO6mO9jjfyH8KK42eyXvC.jpg
74551,http://image.tmdb.org/t/p/w500/kzSD5vaVDSOumALLRaAnuXQRkpn.jpg
239908,http://image.tmdb.org/t/p/w500/x6yCLeW6wRTUjnkBqqeI24ZSg6R.jpg
585324,http://image.tmdb.org/t/p/w500/2Nwcch7WK6BrZfBKUoDzv6PS1zE.jpg
585335,http://image.tmdb.org/t/p/w500/AlBvRRPAbydHenDkIHraJluhOyJ.jpg
2120,http://image.tmdb.org/t/p/w500/v158R46vHrjpKQqP1bwVni2RGxJ.jpg
634854,http://image.tmdb.org/t/p/w500/iMTvhatHgiC5GzgWmwvinNHVnsf.jpg
459922,http://image.tmdb.org/t/p/w500/fbm08Gqzb7n93xrVXuHaukp2vqw.jpg
456318,http://image.tmdb.org/t/p/w500/A0sQloYvba1eothovcv4hTOQBKi.jpg
567106,http://image.tmdb.org/t/p/w500/gYxDX4lDchsEGP5Qn2BvMGuYccw.jpg
223419,http://image.tmdb.org/t/p/w500/29yuRR8rvAvPMV3vqGfXHCVbZQB.jpg
13273,http://image.tmdb.org/t/p/w500/9oPlf4Iu5hManUr6W3eIwiD0rCt.jpg
410806,http://image.tmdb.org/t/p/w500/lz3HhDCrQSXNebiJK8CVnfgjdmb.jpg
469984,http://image.tmdb.org/t/p/w500/aWyftw3Xf84yS6UW2hQPsflqmam.jpg
448502,http://image.tmdb.org/t/p/w500/7PoYWfBBhHMX3rfPj93l489F3B8.jpg
384844,http://image.tmdb.org/t/p/w500/buouIILEszhtERNzaaeGz5yj0gt.jpg
525204,http://image.tmdb.org/t/p/w500/n59PlZ6acti1LlN6OcF0JaXx1XH.jpg
469989,http://image.tmdb.org/t/p/w500/vpIN11Fgs1A0ys1gd2jWhPKOO3G.jpg
358622,http://image.tmdb.org/t/p/w500/oTmVG2NbrPD4uMtbBiJoIoh4vex.jpg
452896,http://image.tmdb.org/t/p/w500/sn4xByVHcos2DK3JHGq5QNMifaf.jpg
564286,http://image.tmdb.org/t/p/w500/dqgRKs8LfAGnejBZaXMQSvsJCuc.jpg
686130,http://image.tmdb.org/t/p/w500/nxZRInMkXjIWeg2fihONSUjVDoR.jpg
438554,http://image.tmdb.org/t/p/w500/2yF28I7CYSLHK1DKSD2jioUEZmv.jpg
482586,http://image.tmdb.org/t/p/w500/sphPsqLJwXXsVkzpTfNBt4bMsGi.jpg
300914,http://image.tmdb.org/t/p/w500/5L3PJ67ZFMXbaiDVjMsD5dsqXFJ.jpg
511488,http://image.tmdb.org/t/p/w500/x9QILyCvrlpYRHtnZEVWo4LKf8G.jpg
381629,http://image.tmdb.org/t/p/w500/1EfOopDMY3MbsLCX3x4DDavm0Tm.jpg
367310,http://image.tmdb.org/t/p/w500/l1nAdx0rEcbDxktRs4OFbu0kzh7.jpg
729373,http://image.tmdb.org/t/p/w500/80CDCiFzg1SQrXdAvoSi8EVKAi2.jpg
645990,http://image.tmdb.org/t/p/w500/nGzKNy2bfHxlb5Li53i2Ve4Pv5H.jpg
564284,http://image.tmdb.org/t/p/w500/oh5Iflio2KuxrNC9Ynks3OoiRPj.jpg
564285,http://image.tmdb.org/t/p/w500/uIDHLllPRFxp77LwvZnvq4r1RAh.jpg
429379,http://image.tmdb.org/t/p/w500/sb676kUa7tUseMy179jQADi3At5.jpg
657033,http://image.tmdb.org/t/p/w500/eZyTcQvxib115MiKEbmT8RJtPp2.jpg
721246,http://image.tmdb.org/t/p/w500/6CpJWk2f81icAfAFpZYxnNJCL3d.jpg
719538,http://image.tmdb.org/t/p/w500/3TXZtB4giXbQFG4nAoHSJDfijuo.jpg
719158,http://image.tmdb.org/t/p/w500/ygFWJrEy4TFCQH3TtnppmAZKOw.jpg
588052,http://image.tmdb.org/t/p/w500/40B2GlDSTmECYD4luJKoNKEscvZ.jpg
719161,http://image.tmdb.org/t/p/w500/pKRSuvdJgt2uhCNU9PlmBWSGmvq.jpg
718800,http://image.tmdb.org/t/p/w500/aZuysazLLrbp9ahFB0RpEssO05Y.jpg
718827,http://image.tmdb.org/t/p/w500/38UOfOGM1NxItLNErmml5XqhClb.jpg
718796,http://image.tmdb.org/t/p/w500/31uasaXdMsRTGaQ244aoCOndLNH.jpg
718253,http://image.tmdb.org/t/p/w500/YHHsj9YlJB1yB9g7RxDmS0ZRHG.jpg
714140,http://image.tmdb.org/t/p/w500/nYT9gulQtbExFPF52C5KKE9JCwK.jpg
714119,http://image.tmdb.org/t/p/w500/df7jxwTxXMzZusosAquuzdWAnbo.jpg
396524,http://image.tmdb.org/t/p/w500/ei87ssXE06LWxPavdNmjNHjdC4T.jpg
730483,http://image.tmdb.org/t/p/w500/gY4h6ZFgBn2DtP9lOlW9XrBHSqz.jpg
410948,http://image.tmdb.org/t/p/w500/9zN3xyx45UbKtBtW21hElojzNjY.jpg
731279,http://image.tmdb.org/t/p/w500/4QhYVNjNYGKHjHkFE1nstBqrpy9.jpg
743576,http://image.tmdb.org/t/p/w500/tPUziDYlkpP1LX4quf2jzBghyuh.jpg
651327,http://image.tmdb.org/t/p/w500/yKgmVII5RVOsEmS08eKSPmDoJsy.jpg
701235,http://image.tmdb.org/t/p/w500/m3LPZPvy3iKfNeY7Am9fNByzI1f.jpg
738626,http://image.tmdb.org/t/p/w500/es9y5CIY1RTslBKxcllyc4PJSPa.jpg
737237,http://image.tmdb.org/t/p/w500/2pRk8zhvakwhJkiVKsEVcU8fco2.jpg
745441,http://image.tmdb.org/t/p/w500/xsMzzaffMJtnlG3b5UEgag34vlb.jpg
656372,http://image.tmdb.org/t/p/w500/l7WnIPoZccU3KCCBXTsLOViZqLU.jpg
743713,http://image.tmdb.org/t/p/w500/3fpPsqTefPFkQ9xRlfurDDQ8Sav.jpg
729067,http://image.tmdb.org/t/p/w500/klJUY6h26wuRXU6ALkOxaRZJ9XV.jpg
745206,http://image.tmdb.org/t/p/w500/b33hiFByVYSIRdqIGZT1S3mZMNO.jpg
744756,http://image.tmdb.org/t/p/w500/lpoTHAite0z4MDpuDLDyKCiwPwX.jpg
564269,http://image.tmdb.org/t/p/w500/1tNLeN2JDK4uJb59E0fVENblfX4.jpg
86700,http://image.tmdb.org/t/p/w500/cF8oP28EWZ2lyRq0d9Xxkj6kQOh.jpg
738888,http://image.tmdb.org/t/p/w500/nnASrbXgBn2KxvoqCDwLH1SVvOv.jpg
127290,http://image.tmdb.org/t/p/w500/qiOtsiwGqZM1GKfsVTgd7JpAqAU.jpg
91525,http://image.tmdb.org/t/p/w500/as2fxPH9hGNy9HAJ9jZkl5wtc9I.jpg
571448,http://image.tmdb.org/t/p/w500/7KCC7vvseIUXbeRZ6wTIlBtmbII.jpg
55285,http://image.tmdb.org/t/p/w500/sc8oufMw11KuZPTJ1VONv7j5b0p.jpg
251278,http://image.tmdb.org/t/p/w500/xSq57y9w4sG32KFhXGL3PfhhCii.jpg
611399,http://image.tmdb.org/t/p/w500/qgayeGyZDd4BnUlGD8ARsTWeYs4.jpg
357421,http://image.tmdb.org/t/p/w500/83x8rd1OBVnIBvk8tgTx0Y5KBaJ.jpg
362059,http://image.tmdb.org/t/p/w500/9R9gkZz6JgiKtPByEuCyUrwat78.jpg
71080,http://image.tmdb.org/t/p/w500/jWJaU5SaTgDcEL7Qlevl2EXQGEF.jpg
80779,http://image.tmdb.org/t/p/w500/8DgtqpxBlsROnqyfQ4smHOM6luU.jpg
731362,http://image.tmdb.org/t/p/w500/hEtzlPa5XecWUm10yIM9TpgxVyL.jpg
231220,http://image.tmdb.org/t/p/w500/wyiOL1YFCCgk6vFejeyE1PxhMz9.jpg
727346,http://image.tmdb.org/t/p/w500/koGWjSSFeIot0WktD0SHdgmdFca.jpg
334380,http://image.tmdb.org/t/p/w500/jdDhRg9HBJDojGxVO7xgNvldndV.jpg
57277,http://image.tmdb.org/t/p/w500/sTCbk3XVtT8Q8e0QFjEmiUPR2SN.jpg
24661,http://image.tmdb.org/t/p/w500/d7Xi7MXWiKBAdhG94RmlBufrs2k.jpg
710529,http://image.tmdb.org/t/p/w500/p8Ui5EhurpEkMWtYR9vE8HYfQcY.jpg
399433,http://image.tmdb.org/t/p/w500/9l2fgEB591a9Ae1jf6D5KzL7C6N.jpg
154981,http://image.tmdb.org/t/p/w500/AiakM4q5gw39yPZ22w6QL0YsfBY.jpg
707394,http://image.tmdb.org/t/p/w500/gSLvKpqyV1GBs9DaUZKGEMfcGF3.jpg
146698,http://image.tmdb.org/t/p/w500/mG0nom0S0z8CrkdhVToDfsmVvJy.jpg
25662,http://image.tmdb.org/t/p/w500/hOKTc59w10pYCWhIoBVQE2zEmFj.jpg
422531,http://image.tmdb.org/t/p/w500/bNruf3UJ9fOyOznTGnkqTcP0fKw.jpg
469483,http://image.tmdb.org/t/p/w500/vNREEE7fINPUW450ObpG5LrEo80.jpg
296318,http://image.tmdb.org/t/p/w500/9Jly66P2Vu8l3pH05Fv5jWwB1A9.jpg
656618,http://image.tmdb.org/t/p/w500/4ciGq6LMflg2AkmUxx5XAMmg8FN.jpg
360911,http://image.tmdb.org/t/p/w500/6NnCXfYUNyA4uuLWcIAnFTpfTRM.jpg
25523,http://image.tmdb.org/t/p/w500/6yyGjJ0Og9LrM9XQ35quIhZpZiQ.jpg
199895,http://image.tmdb.org/t/p/w500/uLdpWqcgBaHPK5uL2H4zSLT4jRE.jpg
48682,http://image.tmdb.org/t/p/w500/yVrsoMEHHT1U6HigCiOOEum7izG.jpg
125134,http://image.tmdb.org/t/p/w500/qXKPvsv7iDMOpjYIDPFFNRFdAdk.jpg
410145,http://image.tmdb.org/t/p/w500/uD6kvduAsB4J1d4fohCVdDokngH.jpg
100838,http://image.tmdb.org/t/p/w500/qtyMobcGOqvLVFTdS4z8V8rOCl3.jpg
59832,http://image.tmdb.org/t/p/w500/oMoMXVOE36D9d1aZBBy48VlfyVx.jpg
276878,http://image.tmdb.org/t/p/w500/5IO7JSWDvSe1SPOC2N8Q8vfAnlk.jpg
550098,http://image.tmdb.org/t/p/w500/xHQyVZFsHaAjh1B1Qe4ASnxsrFl.jpg
38694,http://image.tmdb.org/t/p/w500/1LS7Skc64X4IxbIzoqrfOfemeMp.jpg
368010,http://image.tmdb.org/t/p/w500/eBpyR8YcIUALpcLUzJGhM7iY3t1.jpg
492926,http://image.tmdb.org/t/p/w500/7e04YL4q3l9jzoGLriYbho0ooqx.jpg
360289,http://image.tmdb.org/t/p/w500/ymLBzy5m9PgBkk3O2ViUkbCg0hE.jpg
275602,http://image.tmdb.org/t/p/w500/4AUMclgbYQSt7FTvjLzj3PZahGN.jpg
434276,http://image.tmdb.org/t/p/w500/mwDsJiApxSe6k7sEi2yul3NFohn.jpg
446124,http://image.tmdb.org/t/p/w500/gt5COhuomneAznv5XFW2NC149I7.jpg
504120,http://image.tmdb.org/t/p/w500/mZWCWakW5q8aqzP3FN5Cjv8WFhj.jpg
397355,http://image.tmdb.org/t/p/w500/7KOjvyhf9zt62XP6CFXVTBrpSzM.jpg
299118,http://image.tmdb.org/t/p/w500/fzWm5lsZp6YnqqM1mnJJ88Nnq00.jpg
304941,http://image.tmdb.org/t/p/w500/p6a5bA8rDA6g2da60jfDO4vAFjB.jpg
199947,http://image.tmdb.org/t/p/w500/7CE90im4BnCs2H49nPaMPEYEHGy.jpg
711998,http://image.tmdb.org/t/p/w500/acyGvFHVqQ8PHKk3Djx4OiN1Q1C.jpg
79490,http://image.tmdb.org/t/p/w500/iguguXcXshRzHdtZsqg6ituusPS.jpg
448665,http://image.tmdb.org/t/p/w500/4Z9WlwC7hcyrGQWaJvkRCiBo5nf.jpg
355068,http://image.tmdb.org/t/p/w500/zT4eSeXhMdVcxNxqu2irIc4FQn6.jpg
54892,http://image.tmdb.org/t/p/w500/925qJjlQYgRUbE4lwnLwZuXSeBX.jpg
405633,http://image.tmdb.org/t/p/w500/gU6tW35Po1xpC10QkgpxUWVCHtB.jpg
273312,http://image.tmdb.org/t/p/w500/jPjXnU6SdFfbTqs2yYMObavLOXu.jpg
115940,http://image.tmdb.org/t/p/w500/bmkQpcIr5BVDrCan5MPngdMZokd.jpg
1637261,http://image.tmdb.org/t/p/w500/pjeL7NJhZmhBPv0wrZizZQ6f79p.jpg
1417128,http://image.tmdb.org/t/p/w500/5G7vCYmD4l268K3tIh565M8ctWc.jpg
1589587,http://image.tmdb.org/t/p/w500/u9VceDu9vNn2WeVZRPoIPgJzQQi.jpg
1593450,http://image.tmdb.org/t/p/w500/fm5LStitjrtSwYsJLYgbQL3npa2.jpg
1619227,http://image.tmdb.org/t/p/w500/ETkRAocr6flSfjlEHjw8sm8ao3.jpg
1616302,http://image.tmdb.org/t/p/w500/gxaS0dCb0cAxg5YTJhueeEE53nQ.jpg
1616296,http://image.tmdb.org/t/p/w500/iRhf7VXW91Sarnz7Lt8Mh4UsYdV.jpg
1614746,http://image.tmdb.org/t/p/w500/9Z1u2hXkXXu0UYWWXHjc6KWHVbV.jpg
1595124,http://image.tmdb.org/t/p/w500/1lFeV1wOJyEvIcJFJoJjyXPN7GN.jpg
1609182,http://image.tmdb.org/t/p/w500/w8uNCMERzoEMWHmm8GpSzX8EzXh.jpg
1567283,http://image.tmdb.org/t/p/w500/qtXQFbTEaZwBC6jxdduv2v1IDyc.jpg
1561499,http://image.tmdb.org/t/p/w500/dHyawWCy3d64Nmn6iabvS0e4663.jpg
1557545,http://image.tmdb.org/t/p/w500/bsGFzllwpTTB6YMIPupw2Er8vQ5.jpg
1554379,http://image.tmdb.org/t/p/w500/e2HVoRUSQlXrp6fWCGxh05LRLhW.jpg
1552336,http://image.tmdb.org/t/p/w500/sgPlnoJLl9GFNTKEuA9T54VHhHK.jpg
1547567,http://image.tmdb.org/t/p/w500/wcvLgQYenU4GGLbfq0ODXWgaaNI.jpg
1539623,http://image.tmdb.org/t/p/w500/oDL1Bl9tyclMPe8EAJM3YgZThiH.jpg
1535569,http://image.tmdb.org/t/p/w500/ljz6alWp56CdxJLcoNAu27tLVq6.jpg
1531415,http://image.tmdb.org/t/p/w500/8bEwwLwerD7HzIjJZtKDjOfwVcl.jpg
1527304,http://image.tmdb.org/t/p/w500/6uVXL4inITf6nMycZsKb4zJaWIO.jpg
1518105,http://image.tmdb.org/t/p/w500/fDJbFUriBCjssLepwJY5g8RUM6U.jpg
1517658,http://image.tmdb.org/t/p/w500/vY5Sq75m8ebQNNIdwDLjqNU32ip.jpg
1515888,http://image.tmdb.org/t/p/w500/i50kJAHQP2d61BalxUrrMEsqXeh.jpg
1510661,http://image.tmdb.org/t/p/w500/irgNZzwx5nmAmpuIwN28AAiy9ut.jpg
1510501,http://image.tmdb.org/t/p/w500/1rdBC20OHh446xugtFQmU6QUICH.jpg
1490826,http://image.tmdb.org/t/p/w500/nn3GJyke8QvbR0RgOTbN6vTNfJI.jpg
1478449,http://image.tmdb.org/t/p/w500/5nOtu0SIz4jHD7xjtLSHLQqr43a.jpg
1475465,http://image.tmdb.org/t/p/w500/mDqYmfIfKIBRDXm8qR6m2Um7JUR.jpg
1433423,http://image.tmdb.org/t/p/w500/m7RQwt0FJSNbnHsCwpt8VpehxUL.jpg
1467040,http://image.tmdb.org/t/p/w500/qL662k0eMY0QytybKjeZbjDIgMo.jpg
1447327,http://image.tmdb.org/t/p/w500/uu2D6iM24cH44CiMgjKT07fE3Ck.jpg
352421,http://image.tmdb.org/t/p/w500/iiA4PTE07yOuX0RZx9kltaIs5OM.jpg
1433457,http://image.tmdb.org/t/p/w500/nTkhtEX5kjUmZuzwX9gf7vj1G83.jpg
1422407,http://image.tmdb.org/t/p/w500/ye46Vv26Wvc3FWpOmWRZDy7tig1.jpg
1384303,http://image.tmdb.org/t/p/w500/lE97Wp1wxNwcfzWcLrSWHftk0bl.jpg
1379689,http://image.tmdb.org/t/p/w500/bZiMGDbsYXLJRYQBnBHUOfuwuuY.jpg
1379278,http://image.tmdb.org/t/p/w500/ompogHHloA4tcCaJQMeio1bPf1o.jpg
1369921,http://image.tmdb.org/t/p/w500/wCPCS0XDcEjovvJ07SYrDNkAzn0.jpg
1366340,http://image.tmdb.org/t/p/w500/cx1mxZeFa6tGhteOxj2bqLx8Nb8.jpg
1365451,http://image.tmdb.org/t/p/w500/xEKliIvLUHxxiYUx3HDWT0gflde.jpg
1360527,http://image.tmdb.org/t/p/w500/rc2EkNojZI44UqMJoIgoWuzgzpe.jpg
1358073,http://image.tmdb.org/t/p/w500/3uh7JF4FtcOjTs6Rthf3dbxqmYY.jpg
1352043,http://image.tmdb.org/t/p/w500/sTVworbQcLTOFtVWQGt9qWr5XwP.jpg
1329944,http://image.tmdb.org/t/p/w500/aSTRbmxJUMmaONRJNuFXY1bMryB.jpg
1329197,http://image.tmdb.org/t/p/w500/yPj9BA7oyiaIXsMZYURHuqnmoJX.jpg
1322776,http://image.tmdb.org/t/p/w500/gsOEdXflRs5WVXpYLc34Z6RwucM.jpg
1320906,http://image.tmdb.org/t/p/w500/f3rA7jPdZdlPB7acwc7fqjkrCjG.jpg
1313199,http://image.tmdb.org/t/p/w500/nW6eEOP5ogx92jVprf8CN2SoY6Y.jpg
1299531,http://image.tmdb.org/t/p/w500/tJ18J2A6P3EAnK0jCIhCHNWOUqA.jpg
1298785,http://image.tmdb.org/t/p/w500/dWA6nnm83205zyHeOpyi5JOSACX.jpg
1297881,http://image.tmdb.org/t/p/w500/guqeurrB3wJuKRKCfYqfig2nJLh.jpg
1288779,http://image.tmdb.org/t/p/w500/7Y2TLk3ghbkpKpbJ1QIFs2WlnEJ.jpg
1288761,http://image.tmdb.org/t/p/w500/Avssz7YsMCcxFNwBJz8b6pIigOH.jpg
1288704,http://image.tmdb.org/t/p/w500/rOqZ1hDhdQeBtUnRZvrAnFq0Zea.jpg
1288094,http://image.tmdb.org/t/p/w500/8dOUkZKe2EkbMQRRCJXfryQRp6K.jpg
1287029,http://image.tmdb.org/t/p/w500/rlVjGllTM0MTuvXndISJF0PBDTi.jpg
1276863,http://image.tmdb.org/t/p/w500/pPPu7cCqwwz0ZfLjjyXFT3VBjoM.jpg
1258925,http://image.tmdb.org/t/p/w500/vxeIk7UTixAt1CMEUukJozfxj54.jpg
1257772,http://image.tmdb.org/t/p/w500/egvq8AKAYoLzHnIxSRLUrdyubs5.jpg
1253101,http://image.tmdb.org/t/p/w500/vSn8x7bKX7SaMvFecIXP2aPUzpp.jpg
1249648,http://image.tmdb.org/t/p/w500/9brF3l5uF3Y6AWR3illlC50NEFx.jpg
1238691,http://image.tmdb.org/t/p/w500/m7WWt0NvlBDZKVxu4ImxJ6azks9.jpg
1237460,http://image.tmdb.org/t/p/w500/oAvHkqi0x3eAg9Iuiqrk2oI1Duh.jpg
1233154,http://image.tmdb.org/t/p/w500/bI6j1vR03r6IYcrfBG7HRqXB8TC.jpg
1232941,http://image.tmdb.org/t/p/w500/pQxeNfk1mUI9bRHihcBTeWDX8ge.jpg
1221883,http://image.tmdb.org/t/p/w500/tHqWSU0EQsktFRK3Pu53C1GF3lU.jpg
1221148,http://image.tmdb.org/t/p/w500/eF3iZo0Y8Ma29SCBXFnn36WJmoT.jpg
1219701,http://image.tmdb.org/t/p/w500/xAIKWfwwBhgpE8xpOdbsugyZYI4.jpg
1214309,http://image.tmdb.org/t/p/w500/zidO6dss4ii7hA0rFAQ54NVqWaY.jpg
1205504,http://image.tmdb.org/t/p/w500/yLbrh6AuciSvsnHZidMT30qktZ9.jpg
1208810,http://image.tmdb.org/t/p/w500/6lJDREsl6uVSnT4IdPUWhI84Xy.jpg
1201602,http://image.tmdb.org/t/p/w500/gQgzoiCMq7LAqG3AKZ123HrAtgg.jpg
1195187,http://image.tmdb.org/t/p/w500/74uLAI51wFdLouMmmdcIBxkPnoy.jpg
593981,http://image.tmdb.org/t/p/w500/zEojem15W2UHEbTywXeSlQy1ObL.jpg
1185102,http://image.tmdb.org/t/p/w500/uWIimxDAxrKVfzK6uJ6Llfzhazw.jpg
563976,http://image.tmdb.org/t/p/w500/szPXQv5OAGXZdH51nVOuUpUAeQb.jpg
1173601,http://image.tmdb.org/t/p/w500/eLgML5fuNe23bTVqxifK0w7egNf.jpg
1170831,http://image.tmdb.org/t/p/w500/ade1jO2T7ICSk07l2m2buCfxtt9.jpg
1148993,http://image.tmdb.org/t/p/w500/xzQS1AeZAuhJZdQa5bko0GDnAsx.jpg
1142052,http://image.tmdb.org/t/p/w500/uUCziy8Z9F69uaZ8dX4TSLB2k7c.jpg
1138528,http://image.tmdb.org/t/p/w500/h0JbLsPVEJModp73t2Os7a3z8Ay.jpg
1138526,http://image.tmdb.org/t/p/w500/uHetNUxDujMrd9C4OYkmN2WidNM.jpg
1133081,http://image.tmdb.org/t/p/w500/ermNNmpdsLEt7iwmyk76Ic2JUB8.jpg
1128953,http://image.tmdb.org/t/p/w500/nGEgPsrYrT4FZGAReZ6VQQMMZQN.jpg
1118838,http://image.tmdb.org/t/p/w500/oHTxDfegr2jN9yriDkj1B8lfuR9.jpg
1109574,http://image.tmdb.org/t/p/w500/erFtjlgq8QSx2w9nXeHaUWM5bgl.jpg
1078787,http://image.tmdb.org/t/p/w500/kJwWSW12RlZhEhmPuo9rpHgx09Q.jpg
1076704,http://image.tmdb.org/t/p/w500/sekAPhnLXXw2ATuiELTHNhkExVk.jpg
1073071,http://image.tmdb.org/t/p/w500/1t3bmSdNCCfu6ObXeBuDMzVVn38.jpg
1051834,http://image.tmdb.org/t/p/w500/zpw3qeTYvOnb8xT0w1z3k9DuUFO.jpg
1045874,http://image.tmdb.org/t/p/w500/nhUl7FAJ9WlfwZeMPrVPjVDBq9e.jpg
1007780,http://image.tmdb.org/t/p/w500/7xfkIJSrdXEKqOy9ZCyr4sLmwlx.jpg
998289,http://image.tmdb.org/t/p/w500/awjhWMnxkvMAVx5jk8WtlUWTogh.jpg
997507,http://image.tmdb.org/t/p/w500/4YV8QYdydUxRuCMxRstZew0Wuks.jpg
996588,http://image.tmdb.org/t/p/w500/tWTehFFyxqWE5Ap5li40ThDglVF.jpg
991036,http://image.tmdb.org/t/p/w500/uYz18AdhHhZqM8umYaqtDwJHc57.jpg
991042,http://image.tmdb.org/t/p/w500/sdpQ7DAIUw7OviJ5YVvaaPQUnKr.jpg
991039,http://image.tmdb.org/t/p/w500/aazbkyNLMVMLq72HJg9Sp1T9HRm.jpg
991038,http://image.tmdb.org/t/p/w500/rF8AHfdonMujCC1oHzaaVwqiBzH.jpg
988057,http://image.tmdb.org/t/p/w500/3zylyu4StIDEXaFfl7Jit5Sj4rm.jpg
981464,http://image.tmdb.org/t/p/w500/8Zztf9N1ysCMOnpfBRITEo71tyb.jpg
980061,http://image.tmdb.org/t/p/w500/k1PdZYRHC9ge8TqtnY4VDHOesHG.jpg
978451,http://image.tmdb.org/t/p/w500/7Lgsbvz9qq8gqFQAop5ZUquiShJ.jpg
974247,http://image.tmdb.org/t/p/w500/sskTYiODf3GtlkpMSKM1F3ok21M.jpg
970660,http://image.tmdb.org/t/p/w500/SkXTO0AICjyD1f6sFXLm1cQEp2.jpg
962191,http://image.tmdb.org/t/p/w500/nZoaxVbshjPF7cu9oukQqCJopf5.jpg
961694,http://image.tmdb.org/t/p/w500/9zWwKgaLTS7B3Wfnhv30uD2jUmg.jpg
960309,http://image.tmdb.org/t/p/w500/2ZbkpBByNe7O1EwCzOiZntTWfoo.jpg
960625,http://image.tmdb.org/t/p/w500/p7pdqTJ2YYEDRdByvab3ORr49p8.jpg
953698,http://image.tmdb.org/t/p/w500/fI0P3JO89XLSnGQ1Seh7YhGcHA.jpg
950896,http://image.tmdb.org/t/p/w500/pWI5Okgdd3OUOktcRHE6c4KhT7t.jpg
951796,http://image.tmdb.org/t/p/w500/gKizKYulCi4ru51zOOQXpQShxCK.jpg
950864,http://image.tmdb.org/t/p/w500/7lv54ITUiGAqohRqz2wU5DyBYt3.jpg
947574,http://image.tmdb.org/t/p/w500/dSrxr8ce1esFH7TUDQEYCryhaoh.jpg
943885,http://image.tmdb.org/t/p/w500/pUUmy4SMmz8LO3F84Odj2BZdwS8.jpg
942328,http://image.tmdb.org/t/p/w500/4eiRTO4jBa2ozQbjySmMxA2v0sl.jpg
942583,http://image.tmdb.org/t/p/w500/bIaYfcWrIwBKrc0jnppdP28vnwl.jpg
942004,http://image.tmdb.org/t/p/w500/3x8RdvjjF6cQB7U7vFGs7NB54Yh.jpg
942014,http://image.tmdb.org/t/p/w500/16z7smyRTgHit5BwljBevLitMZf.jpg
941965,http://image.tmdb.org/t/p/w500/xsZmngqmWvCIQgzgMgUCxekDpBz.jpg
354955,http://image.tmdb.org/t/p/w500/3GWpRQwtQ4pu962vP1Rh78PbgQv.jpg
940825,http://image.tmdb.org/t/p/w500/qeqNds9Ije30BtpujdZnab0TUNL.jpg
631095,http://image.tmdb.org/t/p/w500/ch0429DfES91cw8wfMn2b1NF7HT.jpg
937679,http://image.tmdb.org/t/p/w500/yH9I58Nk7nPVCVSeKdKgdSayo9C.jpg
937284,http://image.tmdb.org/t/p/w500/4CATyj0YDInZdWdtCzZo8jj3dzi.jpg
936913,http://image.tmdb.org/t/p/w500/8GajaOpbTwa67mQm9RsN1P89yrw.jpg
936662,http://image.tmdb.org/t/p/w500/4O0eejZ4blyBg3PRnL1sqVKBqp6.jpg
936429,http://image.tmdb.org/t/p/w500/hVwzvjo7vNSDdy0MCs30mkVNGrh.jpg
936401,http://image.tmdb.org/t/p/w500/2SbcYbggIhBKeWbDmpDKVhUly0h.jpg
936411,http://image.tmdb.org/t/p/w500/6dkBCcRuKx9RZndSsP0JRjuaeu3.jpg
936315,http://image.tmdb.org/t/p/w500/pArlHEvH8caSwbdqlwWcBOEQV4a.jpg
936299,http://image.tmdb.org/t/p/w500/7ck0SvQcphmb89CdiBXXGN1HDm6.jpg
936327,http://image.tmdb.org/t/p/w500/mdYUVYuU8cvlvmsish7cmflZGFQ.jpg
936277,http://image.tmdb.org/t/p/w500/eOSJ2oeZ5nZXV1nAfFeDnKBB3VJ.jpg
936289,http://image.tmdb.org/t/p/w500/77gI9gmeOjdgT2zxQtHUznlxTT0.jpg
935080,http://image.tmdb.org/t/p/w500/iDDRdg7bCYhgEoG3FgTbzh4Fi8v.jpg
934659,http://image.tmdb.org/t/p/w500/nS37vzwhJm6mpnoM3plxI2uZuvk.jpg
934636,http://image.tmdb.org/t/p/w500/uCjqTiT8XATig01F9eBMskobgMM.jpg
933998,http://image.tmdb.org/t/p/w500/gRndEzhFskWnJccyTbV43hgfPJe.jpg
933893,http://image.tmdb.org/t/p/w500/43kQZZFYoB4OOFqiHxVKjY1MkPh.jpg
933121,http://image.tmdb.org/t/p/w500/gCmlbaTOos4FCxMIOAxhqH2JOnU.jpg
932970,http://image.tmdb.org/t/p/w500/hnQXgA5LLSnHGDyqSK8kBRNANXp.jpg
933106,http://image.tmdb.org/t/p/w500/tBPE7xN8voohoyoTdUh3QZYNehQ.jpg
932877,http://image.tmdb.org/t/p/w500/9nQ3bln2OmGcA2ogcVnyHMuK85m.jpg
931602,http://image.tmdb.org/t/p/w500/tyWj9AYjLLZX9WRMFF9VJtKaey0.jpg
931082,http://image.tmdb.org/t/p/w500/qEMgPzG9HZMHqtL4l1FMF8qi8md.jpg
931089,http://image.tmdb.org/t/p/w500/vMiD7GMZMBYJ1gbXDzzMj2S2MdN.jpg
930559,http://image.tmdb.org/t/p/w500/6Y4AY3A82nif4tdk4GZ7TlI7cNi.jpg
930221,http://image.tmdb.org/t/p/w500/jOC4wP0FXPb0uQI2xMqkiA78Aop.jpg
929652,http://image.tmdb.org/t/p/w500/zuAFgr2PKiqfL9mZbNnwHhF9wAs.jpg
928573,http://image.tmdb.org/t/p/w500/guuNzIqaiYBSTPYJtInM4ISiXcv.jpg
928820,http://image.tmdb.org/t/p/w500/8GdYOQ370inSmAT2PJX9wTaclT0.jpg
928555,http://image.tmdb.org/t/p/w500/xiX7CZ8zXbb7T29uafzCYQ2kxV9.jpg
928612,http://image.tmdb.org/t/p/w500/aMFdmMcDM8sHhSteFXVwvGQNQ31.jpg
928784,http://image.tmdb.org/t/p/w500/wSxRJ3zfBrvRVDhu5Jn2sK0Q4m1.jpg
927725,http://image.tmdb.org/t/p/w500/9TOf361gnRxgZXyaNu1LVzlNFnw.jpg
927562,http://image.tmdb.org/t/p/w500/jvYfORhsiG1i2D4ZP5qbXu8l3U3.jpg
927400,http://image.tmdb.org/t/p/w500/vuY2ZhTGwV1NOFrnkwWIfYKcibw.jpg
926719,http://image.tmdb.org/t/p/w500/qyLjLeBYBGS65iWoGkQfTt34rmh.jpg
921839,http://image.tmdb.org/t/p/w500/8bineePakivC4E94N5XHEO8ECxV.jpg
921345,http://image.tmdb.org/t/p/w500/o5x1tUQ5jIXD28XZC40JIW5n3IH.jpg
916587,http://image.tmdb.org/t/p/w500/oNSSFJfWlrlWwuP7RrdPU6VJcgs.jpg
915049,http://image.tmdb.org/t/p/w500/lvhBxqzwpKQbDqzMgi0WNKYoSbJ.jpg
910904,http://image.tmdb.org/t/p/w500/9N3fupz2e6bFNOBHRkyUSy70JWl.jpg
901191,http://image.tmdb.org/t/p/w500/71ksJkgrHtW5468cUJNbQRwiRRc.jpg
876102,http://image.tmdb.org/t/p/w500/98T3T5PRyNi0Jjoj0TfRJpVYv74.jpg
884702,http://image.tmdb.org/t/p/w500/bYC499GUP0dSepOfhplbTPx5nPt.jpg
880828,http://image.tmdb.org/t/p/w500/wjCsxdOfOmL5BWmwZynFP2eId5I.jpg
865646,http://image.tmdb.org/t/p/w500/nBj8UQswWxHx9au0sUjsbcUMYEl.jpg
857948,http://image.tmdb.org/t/p/w500/6XnDB3CJRAMeIy4Wia2ldoOW8Jl.jpg
857485,http://image.tmdb.org/t/p/w500/6iG4LIwchCyd2yxZBnzZ78Jeoue.jpg
854482,http://image.tmdb.org/t/p/w500/s7R8whC90hk7mbRPuwYF40mhPtN.jpg
854478,http://image.tmdb.org/t/p/w500/sMGfLKzhgKYhzDtbHdnVZPxSwAb.jpg
825360,http://image.tmdb.org/t/p/w500/iU1TKqzuW6mNNZpO49Ikhuj5DkQ.jpg
537923,http://image.tmdb.org/t/p/w500/oGABE4RN4G2aoBnmCERJuTt4fRs.jpg
798666,http://image.tmdb.org/t/p/w500/c4A3ROKCTzLpMBVkzcGoMAhs4ks.jpg
791387,http://image.tmdb.org/t/p/w500/r1IH5g1xc7jPTKQicWJweF289yQ.jpg
274594,http://image.tmdb.org/t/p/w500/vvN8gY780IZ5wIeuAzMkvWKmE4m.jpg
630746,http://image.tmdb.org/t/p/w500/dzz5dctNWciGOMs8MBILgaXNwmF.jpg
764656,http://image.tmdb.org/t/p/w500/t6YTtVEpdDU7VDUiVxpovBUOApi.jpg
662991,http://image.tmdb.org/t/p/w500/alSVXfvFmpkUKDEuAhtejTQats.jpg
750771,http://image.tmdb.org/t/p/w500/nrz1EwjFiytunw23gRVX4Huvxpq.jpg
688744,http://image.tmdb.org/t/p/w500/8OyzRr0jyB7BGKMmtuTwb3kGLXV.jpg
727886,http://image.tmdb.org/t/p/w500/8wd9fCdfF1wx9mtK5niOBfS08by.jpg
346943,http://image.tmdb.org/t/p/w500/dLDAGDca2ziuzec1Oopz5BUmUzv.jpg
734328,http://image.tmdb.org/t/p/w500/mmZaroB2XMxOjLvpRJIo2pWUn3W.jpg
729501,http://image.tmdb.org/t/p/w500/iejBO6KLAwf58xd7onirJEftGrf.jpg
438247,http://image.tmdb.org/t/p/w500/vMs4h8uPHPGd1PSuHX4MYZRaH4N.jpg
743540,http://image.tmdb.org/t/p/w500/dt43M3s2WQqGyGESvPL5qvi5dl.jpg
737029,http://image.tmdb.org/t/p/w500/yMG5jabjq1aoEcO2xuMh9pOljF3.jpg
719147,http://image.tmdb.org/t/p/w500/rGR9g2NEiKdZnvxap1ew465PWvO.jpg
